loss,acc,val_loss,val_acc
2.492668455297297,0.10489510479090097,2.3164483210362428,0.08256880802298905
2.049712878840787,0.3286713279419012,2.0979780647732795,0.26605504587155965
