loss,acc,val_loss,val_acc
2.3761680386960506,0.17187500436557457,2.224766969680786,0.203125
