loss,acc,val_loss,val_acc
2.660257793054348,0.08943089606558405,2.3819594383239746,0.03125
2.375456154346466,0.13461538776755333,2.242279529571533,0.15625
