loss,acc,val_loss,val_acc
2.3466578916061755,0.0852713207172793,2.394233226776123,0.046875
