loss,acc,val_loss,val_acc
2.3969013690948486,0.07017543970754272,2.281301259994507,0.25
