loss,acc,val_loss,val_acc
8.077261206221907,0.11643835616438356,2.250211212613167,0.20183486306886061
2.241341035659999,0.2054794520547945,2.14520906527108,0.1743119279725836
