loss,acc,val_loss,val_acc
2.7511195606655545,0.11111111359463798,2.3037389462147284,0.15596330309406334
