loss,acc,val_loss,val_acc
2.470956449923308,0.11594203114509583,2.433871873013385,0.09090909187669878
2.4941584027331807,0.07971014535945395,2.427068128214254,0.09090909187669878
