loss,acc,val_loss,val_acc
2.3207419539151126,0.1506849315068493,2.3257170117229498,0.183486238668818
