loss,acc,val_loss,val_acc
2.3249467191561846,0.07042253678533393,2.2801518997588714,0.1428571433409468
2.3050579130649567,0.09375000186264515,2.304981076872194,0.1038961038961039
2.301351720286954,0.10483871123963787,2.273382601799903,0.10389610486371177
2.289204180240631,0.11875000176951289,2.269729617354158,0.14285714382475073
2.300350723132281,0.09154929661414993,2.269490824117289,0.1428571490498332
2.2946679760032977,0.09859155233896955,2.291438660064301,0.09090909139289484
2.288028701659172,0.12096774554060351,2.271990782254702,0.12987013083773774
2.307306423993178,0.11971831111840799,2.2684360107818207,0.1428571433409468
