loss,acc,val_loss,val_acc
13.026668667793274,0.13125,13.456391509519804,0.1651376190535519
