loss,acc,val_loss,val_acc
12.980984753125334,0.0547945205479452,14.935115639222872,0.07339449541284404
