loss,acc,val_loss,val_acc
2.4572122847283637,0.10489510473879901,2.4337099232804884,0.07339449575461379
2.389548098290717,0.14685314601951546,2.4144442409550377,0.05504587190140278
2.366142694766705,0.13286713291923483,2.372302770614624,0.07339449575461379
2.4613127825143453,0.0979020987357293,2.303208149901224,0.07339449609638354
2.2638571858406067,0.15131578873842955,2.351680762177214,0.07339449541284404
2.3107940314421014,0.18656716323388156,2.340701223513402,0.10091743187620006
2.261530727148056,0.16447368450462818,2.3144266277278236,0.12844036731424682
2.3234803293134783,0.16783216517496777,2.3089149610711894,0.1559633034358331
