loss,acc,val_loss,val_acc
14.391527535164194,0.0958904109589041,15.378733153736919,0.045871559633027525
