loss,acc,val_loss,val_acc
12.75055724627351,0.1232876712328767,14.34362617982637,0.11009174311926606
