loss,acc,val_loss,val_acc
2.3797366619110107,0.11016949266195297,2.427224636077881,0.15625
1.9829223155975342,0.3863636553287506,2.389033079147339,0.1875
1.9286978840827942,0.3898305296897888,2.079174757003784,0.34375
1.706728458404541,0.5000000149011612,2.653688430786133,0.125
