loss,acc,val_loss,val_acc
2.334226131439209,0.11728395231895977,2.3272076681119587,0.11926605538764132
2.2586507532331677,0.14814815132154358,2.263118910133292,0.13761467903579047
