loss,acc,val_loss,val_acc
2.3619671086652563,0.10091743269644746,2.369359016418457,0.0625
2.3452325661977134,0.08805031577746074,2.3217947483062744,0.125
