loss,acc,val_loss,val_acc
6.538270115852356,0.16875,3.7247053286351197,0.14678899150922758
2.2971125642458596,0.2727272727272727,1.929187610608722,0.3302752307248772
1.7334464935407246,0.363013698630137,1.7666191803205997,0.28440367109184966
1.6885740234427256,0.4726027397260274,1.3919501676471955,0.5137614711708979
1.3781253654662877,0.4794520547945205,1.8468419783705965,0.42201834999093224
1.7111257935223514,0.5068493150684932,1.21509659727779,0.5596330297102622
0.9151303499937058,0.66875,1.7079784979514026,0.36697248089204143
1.4526287202965724,0.6232876712328768,1.0630885231385536,0.6422018370497118
