loss,acc,val_loss,val_acc
2.329449931780497,0.11728395024935405,2.253637671470642,0.1875
2.2599465052286782,0.1790123445292314,2.2253596146901446,0.13333333416117563
2.1749473412831626,0.2469135783612728,2.2632045163048637,0.22222222255335913
2.1482722759246826,0.2530864228804906,2.1927671432495117,0.234375
