loss,acc,val_loss,val_acc
2.5371069431304933,0.08965517282485962,2.510045886039734,0.09375
