loss,acc,val_loss,val_acc
2.357846465144124,0.07692307655836318,2.3795180211373426,0.10091743119266056
2.337143361568451,0.09868421033024788,2.370974516649859,0.11926605538764132
2.2972476678108102,0.11940298668706595,2.359685075392417,0.10091743153443031
2.311747908592224,0.12499999813735485,2.342216561693664,0.10091743187620006
