loss,acc,val_loss,val_acc
2.273255564131827,0.1792452762711723,2.2439918518066406,0.09375
2.2101343870162964,0.1964285746216774,2.2816524505615234,0.15625
2.106938699506364,0.3301886814945149,2.2331600189208984,0.21875
1.914774903711283,0.5094339510179916,2.2396926879882812,0.25
1.8478108644485474,0.4196428805589676,2.185462713241577,0.21875
1.7263669315374122,0.6037735961518198,2.1373209953308105,0.25
1.6249864438794694,0.5471698203176822,2.2514994144439697,0.1875
1.5685420418685336,0.6603773674874935,2.1764583587646484,0.25
