loss,acc,val_loss,val_acc
12.486885516763591,0.08633093501059272,14.652813738042658,0.09090909139289484
14.842562970497625,0.0791366915051028,14.23416230585668,0.11688311785072475
14.716522216796875,0.08695652282663754,14.652813341710475,0.09090909139289484
14.87824219923753,0.07692307762355886,14.6528140972187,0.09090909090909091
14.716522216796875,0.08695652282663754,15.07146572757077,0.06493506493506493
14.958520463902316,0.07194244615036807,14.862139912394735,0.07792207840588186
14.61064782588602,0.09352517851608262,13.815510440182376,0.14285714285714285
14.494690490283554,0.10071942695289207,14.862139553218693,0.07792207888968579
