loss,acc,val_loss,val_acc
2.504659429728556,0.0791366915051028,2.499664969258494,0.1428571433409468
2.2074538306366627,0.17266187495250496,2.444803253396765,0.16883117154047086
