loss,acc,val_loss,val_acc
13.886199569048946,0.11643835616438356,14.343625899848588,0.11009174311926606
14.462126692680464,0.10273972602739725,14.047881310139227,0.12844036731424682
14.103333568572998,0.125,14.491498544675494,0.10091743153443031
14.351728674483626,0.1095890410958904,13.900008831549128,0.13761467958262208
