loss,acc,val_loss,val_acc
2.772017065216513,0.11029412318021059,2.498081684112549,0.09375
2.491772929827372,0.05769231046239535,2.334464192390442,0.09375
