loss,acc,val_loss,val_acc
2.436477313276197,0.1147540988492184,2.228257894515991,0.28125
2.3450146620390844,0.11475410055918772,2.4983415603637695,0.09375
