loss,acc,val_loss,val_acc
2.3170911967754364,0.10625000204890966,2.309456153349443,0.07792207792207792
