loss,acc,val_loss,val_acc
2.429636001586914,0.10344827354981981,2.2477240562438965,0.3125
2.2644245871182145,0.21551723778247833,2.5017988681793213,0.15625
