loss,acc,val_loss,val_acc
2.36363536970956,0.07482993336660522,2.360030022534457,0.14285714382475073
2.309662373860677,0.12592592967881097,2.3588121370835737,0.1428571433409468
2.327670432151632,0.12056737837005169,2.357623691682692,0.1428571433409468
2.382368973323277,0.07482993389878954,2.3565435843034224,0.14285714285714285
2.3180668759853282,0.12056737971749712,2.355534027149151,0.14285714382475073
2.334136278071302,0.11347518187571079,2.354629358687958,0.14285714382475073
2.3392969496706697,0.07801418577102905,2.3530879299361986,0.1428571433409468
2.3529735473876303,0.09219858375318507,2.3519888729244083,0.1428571433409468
