loss,acc,val_loss,val_acc
2.4481163024902344,0.077586205676198,2.4291162490844727,0.0625
