loss,acc,val_loss,val_acc
8.407080166960416,0.0958904109589041,2.2428284150744795,0.12844036697247707
