loss,acc,val_loss,val_acc
2.691865473985672,0.13281250273576006,2.4051225185394287,0.109375
2.5756088495254517,0.12500000093132257,2.486095666885376,0.125
