loss,acc,val_loss,val_acc
2.504532439368112,0.1366459604884897,2.295729906528027,0.15584415681176372
2.349615705956658,0.10791366860913716,2.286700251814607,0.15584415681176372
