loss,acc,val_loss,val_acc
2.4013239542643228,0.2098765489127901,2.3144275901514457,0.13761467958262208
1.9508568313386705,0.35185185819864273,1.9578625204366282,0.3486238545780882
1.4173377222485013,0.5493827395968967,1.7652658431901844,0.3944954161250263
1.263941182030572,0.574074086215761,1.6462262278303095,0.49541284786451845
