loss,acc,val_loss,val_acc
2.608875908120705,0.1459854000458752,2.5451832158224925,0.1298701303539338
2.242605782773373,0.23357663885520322,2.2687724968055627,0.20779220817925095
1.957034728822917,0.35036496024062164,2.204488887415304,0.16883116883116883
1.6558534846688708,0.44525547858572356,2.0802607009937235,0.2467532486884625
1.490760862827301,0.47333332896232605,2.2022313762020755,0.28571428619808964
1.3325533222978132,0.6058394073569862,2.270963315839891,0.2207792227144365
1.1828661382633403,0.5766423440327609,2.1838243843673113,0.2467532486884625
1.1818483963499975,0.5912408680811415,2.314735694365068,0.24675324772085463
