loss,acc,val_loss,val_acc
11.957694902811966,0.136986301369863,14.754446992086708,0.0825688076812193
4.972853136062622,0.1375,2.3676029356247787,0.27522935916524416
