loss,acc,val_loss,val_acc
2.332976719118514,0.16981131709971517,2.3112337589263916,0.15625
2.2522601361544625,0.16037735497614122,2.214806079864502,0.125
