loss,acc,val_loss,val_acc
4.380795240402222,0.0625000037252903,4.3719940185546875,0.03125
4.922691066310091,0.11320754154673163,7.117710113525391,0.09375
