loss,acc,val_loss,val_acc
2.3479965262942843,0.12962963183720908,2.294687174875802,0.14678899150922758
2.250325255923801,0.16049383166763517,2.22997554070359,0.15596330309406334
2.1976042323642306,0.18518518780668577,2.231844883494907,0.1555555559694767
2.092234426074558,0.32098766250742805,2.2042816625822574,0.1926605518257946
2.0773958100212946,0.38271605430377853,2.1195310190183307,0.23853211043351288
1.9296122524473402,0.42592593365245396,2.1457093477249147,0.24444444585177633
1.8853145705329046,0.43827160861757064,2.130799601931091,0.1651376153624386
1.8388299544652302,0.4197530961698956,2.0068083990604504,0.35779816595786207
