loss,acc,val_loss,val_acc
3.151831444826993,0.10909091396765276,2.7231783866882324,0.0625
2.483283957568082,0.12727273025295952,2.5448145866394043,0.0625
