loss,acc,val_loss,val_acc
2.4190114752887046,0.136986301369863,2.143908321310621,0.26605504621332937
1.7073933959007264,0.625,1.9189298021683998,0.44036697439097483
1.4661300850637031,0.5984848484848485,1.8732471137965492,0.3944954150313631
1.1802269889883799,0.7876712328767124,1.662634754399641,0.4128440399782373
1.0532309290480941,0.726027397260274,1.5490487628026839,0.5412844050368038
0.9656674486317046,0.815068493150685,1.4917176283827616,0.5137614717177295
0.6972202003002167,0.9625,1.339811033065166,0.6605504669180704
0.6771274886719169,0.9246575342465754,1.369849655606331,0.5963302785103474
