loss,acc,val_loss,val_acc
2.895615315673375,0.09900989604763466,3.4657540321350098,0.0625
