loss,acc,val_loss,val_acc
2.3792953491210938,0.06349206467469533,2.433973789215088,0.0625
2.362322317926507,0.08771930144805658,2.341254472732544,0.125
2.346118609110514,0.07936508270601432,2.3421504497528076,0.07692307978868484
2.3826069474220275,0.09166666958481073,2.3647661209106445,0.09375
