loss,acc,val_loss,val_acc
2.533861141619475,0.12173912933339244,2.5400943756103516,0.09375
2.4134747899096944,0.09565217164547547,2.1973061561584473,0.1875
2.1835800806681314,0.23404255012671152,2.2075774669647217,0.1538461595773697
2.1210672523664393,0.2608695632737616,2.12553071975708,0.3125
1.9697328432746555,0.39999999792679497,2.164116144180298,0.25
1.8557185729344685,0.41843971610069275,2.075688362121582,0.3076923191547394
1.8591146863025168,0.4434782626836196,2.142091751098633,0.21875
1.7443752185158108,0.5130434764468151,2.0875041484832764,0.21875
