loss,acc,val_loss,val_acc
3.16904083887736,0.15432099004586539,2.3676445484161377,0.09375
