loss,acc,val_loss,val_acc
2.397769077070828,0.08620689687286985,2.4801690578460693,0.09375
2.3917550245920816,0.1304347813129425,2.2414820194244385,0.0625
