loss,acc,val_loss,val_acc
2.907818838119507,0.09599999824166298,2.441112756729126,0.109375
2.4683829708099365,0.09599999922513962,2.4676345666249593,0.06666666749450896
