loss,acc,val_loss,val_acc
2.3508867375990925,0.09803921729326248,2.4059834480285645,0.125
2.364862322807312,0.1250000037252903,2.514523506164551,0.03125
