loss,acc,val_loss,val_acc
2.325789133707682,0.15447153647740683,2.222421646118164,0.21875
