loss,acc,val_loss,val_acc
2.3652282890520597,0.13157894540774195,2.3752801418304443,0.125
2.4782474040985107,0.08333333457509677,2.505955696105957,0.09375
