loss,acc,val_loss,val_acc
2.425607840876934,0.11570248143239455,2.3148040771484375,0.125
2.3888641172204137,0.09090908835372649,2.338146448135376,0.09375
2.3624765872955322,0.11382113645474116,2.3634085655212402,0.1538461595773697
2.3273921150806522,0.09917355296471395,2.3502981662750244,0.125
2.3333291475437887,0.13223140625175367,2.2364797592163086,0.25
2.285426139831543,0.1219512199362119,2.353518009185791,0.1538461595773697
2.326187866778413,0.14049586875379577,2.242837905883789,0.15625
2.2574778056341755,0.14049586672181927,2.2520501613616943,0.3125
