loss,acc,val_loss,val_acc
2.56325364112854,0.11538461746218112,2.2502336502075195,0.15625
