loss,acc,val_loss,val_acc
2.2950843907892704,0.1250000044819899,2.268420457839966,0.1875
