loss,acc,val_loss,val_acc
2.6713230856533707,0.1103448302324476,2.346535759234647,0.11926605504587157
