loss,acc,val_loss,val_acc
2.334215706341887,0.11643835616438356,2.3216322233917515,0.07339449541284404
