loss,acc,val_loss,val_acc
2.5544464238040097,0.11188811042925695,2.3230187564814857,0.165137614815607
2.3076407611370087,0.13815789483487606,2.264210766608562,0.26605504723863865
