loss,acc,val_loss,val_acc
2.3566814060498,0.09022556519822071,2.2691339254379272,0.109375
2.2347638965549326,0.16541353142575213,2.2508233706156413,0.15555555638339785
2.1684914818383696,0.2406015094173582,2.2272630532582602,0.17777777810891468
2.1099942207336424,0.3034482687711716,2.167129635810852,0.296875
2.0353122609002248,0.28571428649855735,2.183047538333469,0.2222222238779068
1.9290766698077209,0.4210526264251623,2.1963836669921877,0.17777778108914694
1.879694878606868,0.5263157917144603,2.1123478412628174,0.25
1.8548044692304797,0.4210526284418608,2.0412178066041733,0.31111111442248024
