loss,acc,val_loss,val_acc
2.483904200441697,0.1250000088749563,2.246809959411621,0.1875
2.215984503428141,0.24358976197739443,2.16292142868042,0.234375
