loss,acc,val_loss,val_acc
2.6689296494359556,0.17391304720355116,2.1183833580512506,0.16883117154047086
1.744525899057803,0.4565217410740645,1.6730975191314499,0.4675324737251579
