loss,acc,val_loss,val_acc
2.9564121773368432,0.06140350883728579,2.617356777191162,0.09375
