loss,acc,val_loss,val_acc
13.429860925674438,0.09375,14.787243414362637,0.08256880733944955
14.652813882538766,0.09090909090909091,14.78724360684736,0.08256880925336016
14.572524606365047,0.0958904109589041,14.639370795783647,0.09174311994959455
14.682922467793503,0.08904109589041095,14.195753814977243,0.11926605538764132
