loss,acc,val_loss,val_acc
2.6175426899042344,0.127819550132617,2.480659246444702,0.109375
