loss,acc,val_loss,val_acc
2.313139279683431,0.10493827238678932,2.320862293243408,0.125
2.2779554526011148,0.14197530845801035,2.3818860054016113,0.15625
