loss,acc,val_loss,val_acc
13.56198909184704,0.0547945205479452,14.63937090952462,0.09174311926605505
14.793320224709706,0.0821917808219178,14.49149829094563,0.10091743187620006
14.351728674483626,0.1095890410958904,14.787243274373745,0.0825688076812193
14.304809665679931,0.1125,14.639370515805865,0.09174311994959455
15.141240900213068,0.06060606060606061,14.491498544675494,0.10091743153443031
15.009976196289063,0.06875,14.63937090952462,0.09174311926605505
15.385454582445549,0.045454545454545456,14.787243134384855,0.08256880733944955
14.70776195526123,0.0875,14.787242994395966,0.0825688076812193
