loss,acc,val_loss,val_acc
13.287442445755005,0.09375,14.920590584431219,0.07339449732675465
14.793320276965833,0.0821917808219178,14.461629902550934,0.10091743187620006
14.793320224709706,0.0821917808219178,14.624490002973364,0.09174312117996566
15.141240900213068,0.06060606060606061,14.89536743864007,0.07339449541284404
14.808500003814697,0.08125,14.893354249656747,0.07339449677992305
14.130932847114458,0.1232876712328767,14.482591077822065,0.10091743187620006
14.652813998135654,0.09090909090909091,14.741090757037522,0.08256880733944955
14.707761859893798,0.0875,14.154678300980034,0.11926605572941107
