loss,acc,val_loss,val_acc
2.549501765264224,0.10273972602739725,2.32856374924336,0.14678899082568808
