loss,acc,val_loss,val_acc
2.4837271213531493,0.06896551793505405,2.4553708352080177,0.10091743153443031
