loss,acc,val_loss,val_acc
11.67798798751831,0.05600000135600567,14.355178833007812,0.109375
14.375598669052124,0.1081081060692668,15.401735263400608,0.044444444444444446
14.828647201538086,0.08000000044703484,14.327195803324381,0.1111111119389534
14.828647201538086,0.08000000044703484,14.355178833007812,0.109375
