loss,acc,val_loss,val_acc
2.8731750658580233,0.10000000298023223,2.710404532296317,0.09090909139289484
2.574092061179025,0.07142857355730874,2.435803831397713,0.09090909090909091
2.4805799858910698,0.11428571747882026,2.5698815135212687,0.14285714285714285
2.495984881264823,0.14285714668887003,2.398601445284757,0.09090909090909091
2.377079657145909,0.10389610699244908,2.3290003305905826,0.1428571433409468
2.35401645387922,0.12142857483455113,2.328586098435637,0.12987013083773774
2.3242718969072613,0.09285714541162764,2.327607705995634,0.18181818375339756
2.325065214293344,0.2071428603359631,2.2802244718972737,0.2207792234885228
