loss,acc,val_loss,val_acc
2.4056140899658205,0.1419354796409607,2.4700653553009033,0.171875
2.5682108068020546,0.14018691310258669,2.453034300274319,0.1111111111111111
2.4036747455596923,0.1548387050628662,2.562046994103326,0.1111111127667957
2.4233190285340522,0.16030533930272547,2.526919960975647,0.125
