loss,acc,val_loss,val_acc
13.538558864593506,0.08125,14.787243274373745,0.0825688076812193
14.530707272616299,0.09848484848484848,15.082988144060888,0.06422018348623854
