loss,acc,val_loss,val_acc
2.608384370803833,0.11403508856892586,2.881333351135254,0.09375
2.825815561839512,0.12380952430622919,2.4337046146392822,0.125
2.573233699798584,0.16190476225955144,2.4059088230133057,0.0625
2.3583250658852712,0.08571428720440183,2.3902747631073,0.0625
