loss,acc,val_loss,val_acc
2.8853626251220703,0.08275862038135529,2.455515503883362,0.09375
2.2970915862492154,0.12781954839601553,2.3004823207855223,0.15555555638339785
