loss,acc,val_loss,val_acc
12.748747237741131,0.11643835616438356,13.752136606688893,0.14678899150922758
13.799739001548453,0.14383561643835616,14.047881170150337,0.12844036697247707
