loss,acc,val_loss,val_acc
14.42374060905143,0.08904109589041095,14.63937090952462,0.09174311926605505
14.241330656286788,0.11643835616438356,14.787243274373745,0.0825688076812193
