loss,acc,val_loss,val_acc
2.3396751085917153,0.12345679104328156,2.407827138900757,0.09375
2.2936704953511557,0.148148146768411,2.3486883640289307,0.15625
2.2645723025004068,0.12962963183720908,2.251889228820801,0.23076923191547394
2.245243231455485,0.18518518408139548,2.3561525344848633,0.125
