loss,acc,val_loss,val_acc
2.323487251145499,0.15000000383172715,2.2982900235560035,0.11688311736692082
2.335417056083679,0.128571432190282,2.300997306774189,0.1298701303539338
