loss,acc,val_loss,val_acc
3.1932055003022493,0.13013698630136986,2.3522801967935822,0.13761467958262208
2.283878065135381,0.136986301369863,2.3122402834236073,0.09174312364070787
2.2550017866369796,0.1780821917808219,2.214963318011083,0.3119266061881267
1.99149409532547,0.3375,2.0661408562179004,0.30275229439822904
