loss,acc,val_loss,val_acc
2.297995448112488,0.09027778031304479,2.327778458595276,0.078125
