loss,acc,val_loss,val_acc
2.164070964681691,0.2689655221741775,2.5055221548867883,0.04587155997479728
1.5320708184406675,0.5724138098544088,2.536093361880801,0.08256880733944955
