loss,acc,val_loss,val_acc
2.3098320960998535,0.15079365422328314,2.2898640632629395,0.09375
