loss,acc,val_loss,val_acc
13.189131854331656,0.07534246575342465,14.491498317193548,0.10091743310657117
