loss,acc,val_loss,val_acc
2.3884840309619904,0.1381578929722309,2.2865713889445733,0.21100917567900562
2.025351468306869,0.31343284249305725,2.118090957676599,0.28440367109184966
1.9297648221254349,0.30921052955091,1.9968630994131806,0.3211009218058455
1.567604096078161,0.5000000046705132,1.6865337704299788,0.3761467909047363
1.4872436640145896,0.4895104928450151,1.704467504396351,0.3761467933654785
1.2564193752262143,0.5804195802111726,1.6086882123159707,0.5504587243456359
1.1783212795853615,0.5855263285338879,1.3503908607937873,0.49541284731768687
1.2746940626131071,0.5384615461726289,1.642622645841826,0.5137614760923823
