loss,acc,val_loss,val_acc
5.23680289804119,0.1232876712328767,2.113410424748692,0.23853211009174313
2.230603864748184,0.2808219178082192,1.9445875675306408,0.29357798356528675
