loss,acc,val_loss,val_acc
2.445137898127238,0.10606060922145844,2.3741044998168945,0.1875
2.3263788789005604,0.2627118651644658,2.3636348247528076,0.21875
2.1484714120121327,0.22033898128291307,2.253957509994507,0.0
2.07842885033559,0.2796610169491525,2.2541139125823975,0.1875
