loss,acc,val_loss,val_acc
3.2464081048965454,0.07407407462596893,2.6962157487869263,0.078125
