loss,acc,val_loss,val_acc
2.7534670308232307,0.0937500023865141,2.593338966369629,0.125
2.305351473391056,0.18750001120497473,2.1703052520751953,0.21875
1.9858889281749725,0.34558824822306633,2.074592113494873,0.234375
1.787091197570165,0.35833334401249883,1.998343825340271,0.375
