loss,acc,val_loss,val_acc
3.5348978638648987,0.0972222238779068,3.2043408155441284,0.09375
