loss,acc,val_loss,val_acc
2.748878905372898,0.13868612605724892,2.0692133500978542,0.28571428842358776
1.9040978250712375,0.3357664148194076,1.8903075982997943,0.441558445428873
1.4933741688728333,0.5399999767541885,1.70526499407632,0.5324675371120502
1.170380266478462,0.6934306451874058,1.8550787250716965,0.2727272746624885
