loss,acc,val_loss,val_acc
2.320489749102525,0.11267606011578735,2.3439313869971734,0.07792207985729366
2.3253423869609833,0.07500000158324838,2.3420489020161814,0.07792207888968579
2.324049345908626,0.11290322917122994,2.341154618696733,0.07792207888968579
2.3176759481430054,0.11875000270083547,2.3399065160132073,0.07792207840588186
