loss,acc,val_loss,val_acc
4.890324234962463,0.13636364042758942,4.359886407852173,0.09375
