loss,acc,val_loss,val_acc
2.486361265182495,0.10666666428248088,2.3119676515653538,0.10389610486371177
2.2902904691234713,0.12096774157497191,2.417865397094132,0.09090909090909091
2.2797542810440063,0.1399999981125196,2.2682781622007298,0.11688311688311688
2.2207836704532595,0.18978101781902523,2.2530701284284715,0.14285714285714285
