loss,acc,val_loss,val_acc
2.3747512953622,0.09740260030542101,2.352668687894747,0.1298701303539338
2.30102455048334,0.2063492089509964,2.300697168746552,0.11688311785072475
