loss,acc,val_loss,val_acc
2.3202427641986167,0.10273972602739725,2.32984508505655,0.07339449541284404
