loss,acc,val_loss,val_acc
2.4776543498039247,0.15833333618938922,2.452374219894409,0.0625
2.335580348968506,0.15079365670681,2.199667453765869,0.15625
2.2149428725242615,0.15833333879709244,2.1824870109558105,0.15625
2.0081030666828155,0.3166666775941849,2.0708775520324707,0.46875
1.876044350862503,0.40833333432674407,1.918637752532959,0.34375
1.7959746837615966,0.458333346247673,1.9679462909698486,0.40625
1.6358340978622437,0.5238095621267954,1.8644366264343262,0.4375
1.6305120170116425,0.4833333492279053,1.8464415073394775,0.4375
