loss,acc,val_loss,val_acc
2.358092689068518,0.10280374360975818,2.3022561073303223,0.125
2.31197190284729,0.12727272510528564,2.2923667430877686,0.25
