loss,acc,val_loss,val_acc
2.6248277156583724,0.08064515966801875,2.525539994239807,0.078125
