loss,acc,val_loss,val_acc
6.125703466699479,0.05673759050191717,2.5586600365576806,0.10389610437990783
2.47109740121024,0.07482993336660522,2.3260843506107083,0.10389610486371177
2.3046380103902613,0.07092198737441226,2.302326988864255,0.09090909187669878
2.30157159169515,0.11851852122280333,2.301928811259084,0.09090909187669878
2.302380084991455,0.11564625959311213,2.3014657590296363,0.14285714305066444
2.3020093491736877,0.11347518076604986,2.3013239154567966,0.1428571433409468
2.300926061386758,0.17021277071313656,2.3008280079086108,0.1428571433409468
2.4491323105832365,0.14184397474882451,2.3573044461089294,0.11688311736692082
