loss,acc,val_loss,val_acc
2.372005065282186,0.09090909361839294,2.345913887023926,0.09375
