loss,acc,val_loss,val_acc
3.038673968210708,0.1240875913496435,2.5499776276675137,0.16883116979877671
2.4422775308291116,0.12666666135191917,2.178582259586879,0.2857142866818936
2.0957346856594086,0.2903225748769699,2.1580479764319085,0.19480519674041055
1.8756879924857703,0.335766416614073,2.4976381419541,0.15584415632795978
