loss,acc,val_loss,val_acc
5.514499985441869,0.09183673484593022,4.821690082550049,0.125
5.471996307373047,0.078125,3.965784788131714,0.0625
