loss,acc,val_loss,val_acc
2.3547622892591686,0.14814815132154358,2.310125519376282,0.07339449541284404
2.1775715351104736,0.26543210446834564,2.2464927795830123,0.13761467958262208
2.093003273010254,0.3209876600239012,2.2003080977333918,0.2555555558866925
1.9370496935314603,0.3703703780968984,2.147931435786256,0.17431192694727435
1.8289746973249648,0.43209877279069686,2.1424394069461647,0.23853211043351288
1.8056150277455647,0.4135802537202835,1.9848826156722175,0.3777777834071053
1.6175156699286566,0.5061728457609812,1.9756473882482686,0.3211009187982717
1.5416627989874945,0.5493827131059434,1.971273190384611,0.33027522949450605
