loss,acc,val_loss,val_acc
2.3649098873138428,0.09219858050346375,2.2922520637512207,0.21875
2.3497664679651673,0.1217391268066738,2.3044755458831787,0.1875
