loss,acc,val_loss,val_acc
2.844941074783738,0.1351351373501726,3.984748601913452,0.1875
4.764693969004863,0.13513514077341235,2.5565907955169678,0.03125
2.398862838745117,0.11764706174532573,2.5043423175811768,0.07692307978868484
2.290238296663439,0.1801801831335635,2.2902045249938965,0.09375
