loss,acc,val_loss,val_acc
2.5336055180122115,0.13793103679500776,2.2996922414237204,0.1559633027522936
2.238796101676093,0.18300654076867634,2.1942775533833636,0.23853211091199053
2.0094117326458005,0.2919708096089154,2.068486985810306,0.3119266093324084
1.825785067346361,0.35947713173098034,2.1406814067735587,0.14678899082568808
