loss,acc,val_loss,val_acc
2.3241322619243734,0.14563106665912184,2.2794477939605713,0.125
