loss,acc,val_loss,val_acc
2.4553113869258336,0.1000000027673585,2.359979970114572,0.1428571433409468
