loss,acc,val_loss,val_acc
12.733003067643676,0.10273972602739725,14.787243440610553,0.0825688076812193
14.6070237159729,0.09375,15.378733153736919,0.045871559633027525
15.124514018019585,0.06164383561643835,14.787243160632773,0.0825688076812193
14.462126535912082,0.10273972602739725,15.082988284049778,0.06422018382800829
