loss,acc,val_loss,val_acc
9.026192808804447,0.08904109589041095,2.3698588226913313,0.1376146808129932
