loss,acc,val_loss,val_acc
2.3142580272507494,0.16058393393772363,2.2749735163403795,0.14285714556644488
2.169994870821635,0.17999999597668648,2.1798826378661316,0.2597402624495618
2.1720094526967695,0.16129032083817066,2.184852058237249,0.16883117076638457
2.019100606441498,0.30666665111978847,2.0927928701623695,0.2727272746624885
1.9576031874566182,0.3649634864643542,2.0045632263282678,0.36363636460397153
1.914733551714542,0.37226276589136054,1.9979069790282806,0.24675324772085463
1.845791441680741,0.32116787451027085,1.9702520432410302,0.31168831788100204
1.699877639611562,0.47999998927116394,1.9729151013609652,0.33766233959755343
