loss,acc,val_loss,val_acc
14.04383568763733,0.08275862146040489,14.787243186880689,0.08256880802298905
14.78418439010094,0.08275862153747986,14.787243020643881,0.08256880802298905
