loss,acc,val_loss,val_acc
2.5277334943517937,0.20279720352663028,2.0297788042540943,0.41284404052506896
1.8228541846041912,0.36363636509521857,1.6734837752963425,0.3577981670515253
1.7803479074598192,0.37762238116531105,1.5191616180839889,0.40366972613772123
1.431363114943871,0.4545454610060979,1.5983707532970184,0.449541288231491
