loss,acc,val_loss,val_acc
2.874104857444763,0.13571428880095482,2.5995752811431885,0.109375
