loss,acc,val_loss,val_acc
13.497454133752274,0.0684931506849315,14.935115385493008,0.07339449575461379
14.70776195526123,0.0875,14.935115639222872,0.07339449541284404
14.286493705980705,0.11363636363636363,15.082988170308804,0.06422018382800829
14.351728674483626,0.1095890410958904,14.343626066085395,0.11009174380280556
14.909238147735596,0.075,14.639370655794757,0.0917431196078248
14.793320329221961,0.0821917808219178,14.491498404686604,0.10091743119266056
14.68292236328125,0.08904109589041095,14.491497897226877,0.10091743187620006
14.903718086138163,0.07534246575342465,14.639370795783647,0.09174311994959455
