loss,acc,val_loss,val_acc
2.3753781060914734,0.1351351373501726,2.2810096740722656,0.09375
2.311952777810999,0.1261261288781424,2.3803646564483643,0.09375
2.2769055366516113,0.17647059510151544,2.3709020614624023,0.1538461595773697
2.268628300847234,0.14414414823860736,2.2465479373931885,0.1875
