loss,acc,val_loss,val_acc
2.3765652314671932,0.07547169860522703,2.3040871620178223,0.125
