loss,acc,val_loss,val_acc
5.44636235680691,0.11627907392590545,4.358276605606079,0.109375
3.4764346078384754,0.054263567855191784,2.7007637606726753,0.08888888971673117
