loss,acc,val_loss,val_acc
2.562857684555587,0.11888111778697767,2.3469643089749397,0.0917431196078248
2.336838090336406,0.1398601415795046,2.2839963064281217,0.11926605504587157
2.296466500609071,0.15384615009481256,2.257314682006836,0.14444444610012902
2.202421873807907,0.19078947138041258,2.2648494506101,0.11926605572941107
