loss,acc,val_loss,val_acc
2.4065510293711787,0.07971014584536137,2.3470118138697242,0.09090909187669878
2.310763680416605,0.07971014600733052,2.324885417888691,0.1298701303539338
