loss,acc,val_loss,val_acc
2.337201850167636,0.10344827509131925,2.317171096801758,0.125
2.291149776557396,0.172413795672614,2.3405070304870605,0.1875
2.3303441425849654,0.0948275865922714,2.3740766048431396,0.07692307978868484
2.319556474685669,0.1304347813129425,2.2520718574523926,0.21875
