loss,acc,val_loss,val_acc
2.4691928137903627,0.10434782705877138,2.469849109649658,0.03125
2.3649954795837402,0.09929078072309494,2.3910446166992188,0.03125
2.2880692191745924,0.16521738910156747,2.5075879096984863,0.0
2.256613936631576,0.16521738806496497,2.3647522926330566,0.03125
