loss,acc,val_loss,val_acc
13.052990377765813,0.07534246575342465,14.491498457182438,0.10091743187620006
14.24133081305517,0.11643835616438356,14.491498684664386,0.10091743119266056
