loss,acc,val_loss,val_acc
2.3448109035649574,0.09090909087830339,2.308596134185791,0.21875
2.3515698115030923,0.13008129596710205,2.3951504230499268,0.09375
2.377242108353046,0.10924369904423963,2.3711001873016357,0.07692307978868484
2.350600242614746,0.10569105297327042,2.4054994583129883,0.1875
