loss,acc,val_loss,val_acc
2.3176918029785156,0.08496732057796584,2.36616497958472,0.06422018348623854
2.321291156058764,0.06569343092885331,2.348990337564311,0.10091743153443031
2.3435383270526753,0.08965517274778464,2.372161430782742,0.06666666749450896
2.3342272873582512,0.06896551749829588,2.3523206360843205,0.08256880733944955
