loss,acc,val_loss,val_acc
2.4474320360954773,0.17730496887196887,2.2264778706934547,0.14285714305066444
2.2348921248253357,0.17730496831713838,2.1595297293229536,0.33766233959755343
2.157640997399675,0.2340425579471791,2.2946164638965163,0.16883116979877671
2.051750421524048,0.2993197355951582,2.163323606763567,0.19480519528899873
