loss,acc,val_loss,val_acc
2.3428499834878105,0.09285714541162764,2.2730132573610775,0.16883116931497277
2.2208116020475117,0.1571428616132055,2.2147602229923398,0.16883116931497277
2.149948627608163,0.20000000361885342,2.195586873339368,0.16883117076638457
2.0291190487997874,0.3642857228006635,2.165519618368768,0.18181818278578968
1.9221962894712175,0.4214285807950156,2.1418141142114417,0.2467532471402899
1.8368314845221383,0.40259741033826557,2.0726138090158437,0.32467532583645414
1.7495243174689157,0.4285714358091354,2.033538044273079,0.29870130063651446
1.674123500074659,0.4999999978712627,1.9804214657127084,0.32467532486884626
