loss,acc,val_loss,val_acc
2.4742305589758833,0.1449275360159252,2.3779681255291036,0.11688311688311688
2.3022164261859395,0.14492753536804862,2.1710514403008796,0.15584415603767743
