loss,acc,val_loss,val_acc
2.3744143917135996,0.1506849315068493,2.35356435207052,0.11009174346103581
2.2704374169650143,0.15753424657534246,2.3118462015729433,0.13761467889908258
