loss,acc,val_loss,val_acc
3.960690200328827,0.11538461968302727,3.539041042327881,0.09375
2.998044967651367,0.20000000397364298,2.7550435066223145,0.21875
