loss,acc,val_loss,val_acc
13.05695207151648,0.11643835616438356,14.491498544675494,0.10091743153443031
14.572524501852794,0.0958904109589041,14.195753954966134,0.11926605504587157
14.462126640424337,0.10273972602739725,14.787243186880689,0.08256880802298905
14.103333377838135,0.125,14.639370515805865,0.09174311994959455
