loss,acc,val_loss,val_acc
3.9301742737109846,0.1,3.898153066635132,0.078125
