loss,acc,val_loss,val_acc
2.6700313091278076,0.0625000037252903,2.87233829498291,0.09375
