loss,acc,val_loss,val_acc
5.253132057189942,0.09285714849829674,3.4032418727874756,0.15625
