loss,acc,val_loss,val_acc
2.5285316731067415,0.14893617615737814,2.4809813963902463,0.12987013083773774
