loss,acc,val_loss,val_acc
3.2916362285614014,0.06504064798355103,3.1146576404571533,0.09375
