loss,acc,val_loss,val_acc
12.947142979870105,0.10273972602739725,13.900008551571347,0.13761467958262208
14.405547714233398,0.10625,14.195753814977243,0.11926605538764132
