loss,acc,val_loss,val_acc
2.4588843240576277,0.09322034138239037,2.2805891036987305,0.0625
