loss,acc,val_loss,val_acc
3.2395528391968433,0.11510791334745696,2.847982929898547,0.14285714382475073
2.6540281120821727,0.10791366984196704,2.4316998580833533,0.1428571447923586
2.6620535035785156,0.05755395790655836,2.6971993539240455,0.09090909110261249
2.483390671866281,0.10559006248201643,2.423346166486864,0.12987013083773774
2.4689122896928053,0.0940170943036548,2.390195636006145,0.10389610486371177
2.3755740097590854,0.14285714072840555,2.338054607440899,0.19480519499871637
2.29009911825331,0.23741007081681875,2.3222736321486437,0.11688311785072475
2.5711282225821517,0.11510791458028684,2.3699305521977414,0.16883117076638457
