loss,acc,val_loss,val_acc
3.1333881878271335,0.08943089797365956,2.7066478729248047,0.1875
2.4189674796127694,0.1869918753097697,2.9467575550079346,0.09375
2.448909819126129,0.20512821059674025,2.3334715366363525,0.07692307978868484
1.9309043924013773,0.26666667858759563,2.1895031929016113,0.1875
