loss,acc,val_loss,val_acc
2.3823808172474736,0.12318841076415518,2.4106679953537977,0.09090909090909091
