loss,acc,val_loss,val_acc
2.415520131587982,0.08108108397573233,2.5046595335006714,0.09375
