loss,acc,val_loss,val_acc
2.326354662577311,0.11728395024935405,2.2232422828674316,0.21875
2.255537509918213,0.17283950746059418,2.1356630325317383,0.28125
