loss,acc,val_loss,val_acc
2.373265862464905,0.0634920671582222,2.4222912788391113,0.15625
2.4160489819266577,0.09090909565036948,2.4800024032592773,0.03125
