loss,acc,val_loss,val_acc
3.609126885732015,0.05185185372829437,3.1050589084625244,0.09375
