loss,acc,val_loss,val_acc
2.330259564804704,0.11643835616438356,2.2706562750930086,0.1559633046662042
