loss,acc,val_loss,val_acc
2.7246005535125732,0.09420290006243665,2.560294770575189,0.1298701303539338
