loss,acc,val_loss,val_acc
2.3315485767696216,0.05797101670633192,2.320865742571942,0.03896103896103896
