loss,acc,val_loss,val_acc
2.3577302545309067,0.0781250010477379,2.3420214653015137,0.15625
