loss,acc,val_loss,val_acc
2.402392220141283,0.08955224103002406,2.394054889678955,0.0625
2.389165483303924,0.11940298841070773,2.4377534018622504,0.08888888971673117
2.3928880584773733,0.12686567542268268,2.4072406662835015,0.06666666666666667
2.322874514024649,0.10447761549878476,2.3625046014785767,0.09375
2.348063516616821,0.10000000298023223,2.4823871029747857,0.044444444444444446
2.353959809488325,0.1268656749778719,2.3524781650967066,0.08888888971673117
2.3366546630859375,0.14925373534658062,2.3902212381362915,0.078125
2.3425934314727783,0.11428571939468384,2.409433799319797,0.06666666749450896
