loss,acc,val_loss,val_acc
4.010482629140218,0.12962963183720908,3.828962802886963,0.125
