loss,acc,val_loss,val_acc
2.5051031461576136,0.08943089633816625,2.485680103302002,0.09375
2.4692118167877197,0.13461538963019848,2.353881359100342,0.28125
