loss,acc,val_loss,val_acc
2.3267927169799805,0.09523809204498927,2.314602851867676,0.15625
