loss,acc,val_loss,val_acc
2.4374936335795634,0.09009009217088287,2.389430522918701,0.0625
2.309401035308838,0.16993464281161627,2.3855490684509277,0.03125
