loss,acc,val_loss,val_acc
2.4079062221767185,0.10489510473879901,2.313157869041513,0.20183486306886061
2.2303577894931075,0.244755245797284,2.050770409610293,0.3577981665046937
