loss,acc,val_loss,val_acc
12.99183411794166,0.08904109589041095,14.343626066085395,0.11009174380280556
