loss,acc,val_loss,val_acc
9.123553331615856,0.11650485487528217,14.103333473205566,0.125
14.205779075622559,0.11864406615495682,14.103333473205566,0.125
