loss,acc,val_loss,val_acc
2.349120855331421,0.14285714849829673,2.389849066734314,0.03125
2.395707201601854,0.10447761883486563,2.3900303840637207,0.09375
