loss,acc,val_loss,val_acc
4.337244033813477,0.2137931041419506,4.3519980907440186,0.09375
2.5240380547263404,0.22314049737635722,1.8822561502456665,0.296875
1.511684823036194,0.48965516686439514,1.6908987760543823,0.328125
1.033623034796439,0.7438016504295601,1.3885525465011597,0.6875
0.6773236461151811,0.8571428544539258,1.1004464626312256,0.671875
0.4757522940635681,0.8620689511299133,1.367068886756897,0.578125
0.33925574256065194,0.9172932241196022,1.3647700548171997,0.625
0.287895976824868,0.9248120278344119,1.1506903171539307,0.65625
