loss,acc,val_loss,val_acc
2.3509462118148803,0.09375,2.2803645330831546,0.22935779816513763
