loss,acc,val_loss,val_acc
2.375473585128784,0.08999999769032002,2.3935422897338867,0.0625
2.3532439279556274,0.07000000119209289,2.375765800476074,0.03125
