loss,acc,val_loss,val_acc
2.200190875265333,0.20987654849886894,2.435452964327751,0.07339449575461379
1.6971596876780193,0.4197531019647916,2.5436019569361976,0.07339449575461379
1.3188718557357788,0.604938288529714,2.543279063810996,0.10091743119266056
1.0420217315355937,0.7222222354676988,2.6528472572291664,0.08256880733944955
