loss,acc,val_loss,val_acc
2.329514117862867,0.09565217469049536,2.3686869144439697,0.125
2.3196515021116837,0.10434782929394557,2.343749523162842,0.03125
2.3204211877739946,0.13043478879591694,2.3389434814453125,0.125
2.3238348166147866,0.10638298218448956,2.3288698196411133,0.09375
2.311032674623572,0.13043478879591694,2.2946953773498535,0.0625
2.2995553016662598,0.1134751761953036,2.3663039207458496,0.03125
2.3063266360241435,0.15652173692765442,2.3197672367095947,0.03125
2.306096058306487,0.14782609000154165,2.3389573097229004,0.09375
