loss,acc,val_loss,val_acc
2.329275004617099,0.08965517449481734,2.269045965387187,0.1743119285194152
2.283329889692109,0.14482758808238752,2.290767630305859,0.18348624044602072
2.2236755272437785,0.2758620762105646,2.24803358480471,0.18348623887387985
2.211430469052545,0.24137931527762577,2.2468355292573983,0.22935779884867713
2.205044276138832,0.21379310740479107,2.244833839049033,0.18348624044602072
2.196765555275811,0.2549019638035033,2.247451495686802,0.12844036731424682
2.147678620239784,0.282758627523636,2.202035545209132,0.28440367409942346
2.1635018858416326,0.2551724196508013,2.1934285010766548,0.22018348692207163
