loss,acc,val_loss,val_acc
3.7779195041923255,0.12587412649934943,3.1474029405401387,0.13761467958262208
2.6502984787200714,0.21678321662691089,2.542484405937545,0.1926605548333684
2.149421527981758,0.21052631549537182,2.116888798704935,0.21100917465369637
1.9907286985596615,0.25373134122633223,1.9888205134540522,0.26605504778547023
1.8353094712837592,0.37062937208822555,1.698989997216321,0.43119266437827997
1.49860025369204,0.4615384663318421,1.7462130467826074,0.385321105292084
1.431887999176979,0.5855263210833073,1.7418764228120855,0.44954128768465934
1.2874383872205561,0.5384615359606443,1.4521290556006474,0.48623853593791294
