loss,acc,val_loss,val_acc
3.3851893999997307,0.08823529806207209,2.4038153886795044,0.203125
2.4007080758319184,0.14705883470528266,2.2632516622543335,0.125
2.2824965715408325,0.19871795984605947,2.193317174911499,0.25
2.1264452523198623,0.3103448406889521,2.002492666244507,0.3125
1.9911842147509258,0.3012820705771446,1.956789255142212,0.34375
2.1358219104654648,0.20588236192570014,1.7728895545005798,0.46875
1.7557765035068287,0.3970588410601896,1.7686593532562256,0.3125
1.8998065538266127,0.38235296813004155,1.6824615001678467,0.390625
