loss,acc,val_loss,val_acc
10.221679327011108,0.12800000011920928,13.347797870635986,0.171875
13.722162246704102,0.14864864759147167,13.96901635064019,0.13333333333333333
