loss,acc,val_loss,val_acc
3.0016282551428852,0.09558823671849336,2.3339755535125732,0.1875
2.3352004488309226,0.21153846631447473,2.4132011625501844,0.022222222222222223
1.9930934001659524,0.3534482838264827,2.15238549179501,0.26666666997803584
1.7155552506446838,0.5064102659622828,2.169945001602173,0.15625
