loss,acc,val_loss,val_acc
2.7993731606275514,0.09774436076220713,2.4077696800231934,0.125
2.4460900062905218,0.06766917279228232,2.352184051937527,0.13333333416117563
2.317087895888135,0.12030075451261119,2.3320483101738825,0.08888889054457347
2.3332462310791016,0.1310344845056534,2.3264278173446655,0.109375
