loss,acc,val_loss,val_acc
2.4384858919226606,0.11594203244084897,2.4291236617348413,0.09090909187669878
2.4098291397094727,0.09420289941456007,2.4411606479000736,0.07792207792207792
