loss,acc,val_loss,val_acc
13.318699196593402,0.0958904109589041,14.639371189502402,0.09174311926605505
