loss,acc,val_loss,val_acc
2.9964093367258706,0.10493827238678932,2.3976680040359497,0.109375
2.321350653966268,0.08641975373029709,2.290614366531372,0.078125
