loss,acc,val_loss,val_acc
2.439043049084938,0.08474576599517111,2.4388375282287598,0.09375
2.401857296625773,0.10606060673793156,2.3933210372924805,0.15625
2.4351892471313477,0.0932203425189196,2.454871892929077,0.0
2.356139752824428,0.11864407209016509,2.3559603691101074,0.125
2.354867797786907,0.14406780166141056,2.3813693523406982,0.09375
2.3539063135782876,0.12121212234099706,2.395376682281494,0.0
2.3768284765340515,0.12711864709854126,2.4630544185638428,0.03125
2.31589153257467,0.1016949190426681,2.2983529567718506,0.0625
