loss,acc,val_loss,val_acc
3.8087685794281443,0.0935251809817424,2.465225278557121,0.15584415632795978
