loss,acc,val_loss,val_acc
2.473409726069524,0.15384615384615385,2.3038114309310913,0.171875
2.315621464069073,0.13076923076923078,2.374225044250488,0.1111111127667957
2.3787702266986552,0.12307692307692308,2.2347942246331107,0.13333333498901792
2.1983842629652757,0.23846153846153847,2.2874667644500732,0.203125
