loss,acc,val_loss,val_acc
2.364207241270277,0.08641975373029709,2.431715103464389,0.06422018416977804
2.3658199310302734,0.11728395190503862,2.4045908888545604,0.11009174380280556
