loss,acc,val_loss,val_acc
2.5598739782969155,0.04255319138367971,2.4608078002929688,0.0625
2.2639217895010244,0.19130435365697612,2.2658863067626953,0.15625
