loss,acc,val_loss,val_acc
13.2294989807965,0.07534246575342465,14.49149829094563,0.10091743187620006
