loss,acc,val_loss,val_acc
2.3466039498647056,0.12592593332131705,2.334928035736084,0.125
2.3450822830200195,0.10256410676699418,2.431671142578125,0.0
