loss,acc,val_loss,val_acc
14.720113538715937,0.07534246575342465,15.082988144060888,0.06422018348623854
14.68292236328125,0.08904109589041095,14.49149859717133,0.10091743310657117
