loss,acc,val_loss,val_acc
2.8625019337950635,0.1008403400788788,2.7495272159576416,0.09375
