loss,acc,val_loss,val_acc
2.3701886236667633,0.09210526291280985,2.3707680614716415,0.11926605572941107
2.2174868850565668,0.16417910403280117,2.3311450897006813,0.08256880802298905
2.0996884405612946,0.32236842811107635,2.27778261517166,0.12844036833955608
2.0503786743937673,0.39160839473450937,2.2170269292428952,0.20183486375240012
