loss,acc,val_loss,val_acc
6.0097307402913165,0.12195122228344767,6.21470308303833,0.15625
4.301481113201234,0.11382114160351636,3.235032558441162,0.0625
3.265376230565513,0.12195122405523207,2.666620969772339,0.0
2.781808893855025,0.12195122196543508,2.5127415657043457,0.09375
