loss,acc,val_loss,val_acc
8.031553311134452,0.08955224303167257,8.612910985946655,0.046875
5.4244375655900186,0.08208955735412997,2.3751271963119507,0.09375
