loss,acc,val_loss,val_acc
2.3042924404144287,0.18803419631261092,2.354106903076172,0.15625
2.3499602476755777,0.10370370869835217,2.3579373359680176,0.09375
2.2336969192211447,0.22222223935218957,2.2236900329589844,0.15625
2.146993031868568,0.20512821468023154,2.1513001918792725,0.125
2.0157510225589457,0.2905982996408756,2.096036195755005,0.375
1.8449577643321111,0.3931624087003561,1.9569827318191528,0.3125
1.776814381281535,0.41481483976046246,2.020892858505249,0.3125
1.556305977014395,0.5555555774615362,1.88550865650177,0.4375
