loss,acc,val_loss,val_acc
4.220866415235731,0.10493827321463162,2.4427429207968054,0.10091743187620006
2.3971385690901013,0.12962963100936678,2.344953283257441,0.13761467903579047
2.356635014216105,0.1419753125972218,2.412939111391703,0.1444444454378552
2.3891828854878745,0.08641975414421824,2.331786982510068,0.10091743119266056
