loss,acc,val_loss,val_acc
13.241167094609509,0.0958904109589041,13.456391876990642,0.1651376153624386
14.020535037942128,0.13013698630136986,13.308519372152626,0.1743119272890441
