loss,acc,val_loss,val_acc
2.3288081659303677,0.11188811339906879,2.2888183309397565,0.14678899116745783
2.336637556552887,0.12500000186264515,2.3324750607166815,0.10091743153443031
2.3523038768056614,0.08955223752713914,2.2957322120666506,0.1444444446100129
2.3621907550971826,0.11888111987105617,2.2949414800066466,0.12844036731424682
