loss,acc,val_loss,val_acc
2.342664255815394,0.11029412602896199,2.323181629180908,0.109375
2.30889622370402,0.17948719238241514,2.2685387134552,0.171875
