loss,acc,val_loss,val_acc
2.386037383281009,0.11267605906640979,2.29956790069481,0.12987013180534562
2.268607495536267,0.20422535463118216,2.4157073311991506,0.09090909090909091
