loss,acc,val_loss,val_acc
2.451974630355835,0.10169491544365883,2.396202564239502,0.09375
