loss,acc,val_loss,val_acc
2.4757434389644994,0.12781954741567597,2.5066851377487183,0.078125
