loss,acc,val_loss,val_acc
2.345317256984426,0.052238808083000465,2.4052098989486694,0.140625
2.2995064735412596,0.10000000670552253,2.3780847787857056,0.109375
