loss,acc,val_loss,val_acc
2.6856274517304306,0.15596330507632788,3.102806568145752,0.15625
3.0025773004654353,0.2018348653928949,2.6186795234680176,0.15625
2.519891103108724,0.1320754736661911,2.3606863021850586,0.23076923191547394
2.142175072923713,0.23853211364614854,2.612556219100952,0.03125
