loss,acc,val_loss,val_acc
2.318982972937115,0.11864406893313942,2.3183515071868896,0.15625
2.316826025644938,0.06818182021379471,2.358433723449707,0.03125
