loss,acc,val_loss,val_acc
8.49877438545227,0.11875,2.274275132275503,0.13761467889908258
