loss,acc,val_loss,val_acc
3.1569046497344972,0.15714286182607923,2.899290419244147,0.20779221050150984
2.2709838594709124,0.3500000027673585,1.7667510261783352,0.4805194836158257
