loss,acc,val_loss,val_acc
2.3758363723754883,0.13793103396892548,2.2439008951187134,0.265625
