loss,acc,val_loss,val_acc
2.3076021424655258,0.10344827817431812,2.2778162956237793,0.1875
2.3023772486324967,0.1293103468829188,2.2968227863311768,0.125
