loss,acc,val_loss,val_acc
2.5747255768094743,0.10714285778147833,2.3505924707883366,0.12987012987012986
2.165299456460135,0.2142857204590525,2.137809982547512,0.22077922174682865
1.9812867982046944,0.318181825535638,2.084003457775364,0.20779220827601172
1.6768506159858099,0.46031747569167425,1.7725063686246996,0.38961039580308
1.6486102512904577,0.4545454723494394,1.7033304007022412,0.4415584469770456
1.441690422807421,0.6214285978249141,1.6579381800317146,0.42857143476411896
1.2924715501921518,0.6642857262066433,1.4421432173097288,0.5844155890601022
1.2720730100359237,0.6500000085149492,1.4848766822319526,0.4545454607381449
