loss,acc,val_loss,val_acc
7.3837492302672505,0.13013698630136986,2.196394854729329,0.2293578000790482
2.3237822153796888,0.2054794520547945,2.7746075752678268,0.14678899116745783
