loss,acc,val_loss,val_acc
2.6188452960727933,0.1258741258741259,2.385071187938025,0.10091743119266056
2.349663641069319,0.18881118834227115,2.2677501691590756,0.10091743119266056
1.9786318391561508,0.39473683945834637,2.1496690458721583,0.24444444626569747
1.8322389668493129,0.3432835847584169,2.3270852390779266,0.23853211145882214
1.6900154203176498,0.5197368524968624,2.158091125138309,0.2110091744486345
1.5311115953459669,0.5000000097858373,2.050429403781891,0.31111111160781646
1.251563283113333,0.6573426560922102,2.215805427743754,0.2110091744486345
1.3272564262151718,0.5986842066049576,1.9537990793175655,0.32110091825144005
