loss,acc,val_loss,val_acc
2.366972686767578,0.0879999978840351,2.3484877347946167,0.109375
2.330652856826782,0.08000000044703484,2.3251211643218994,0.13333333333333333
