loss,acc,val_loss,val_acc
2.3324677081818277,0.078014186405121,2.348547040642082,0.11688311688311688
2.331777436392648,0.06802721215145928,2.3476775033133372,0.11688311688311688
