loss,acc,val_loss,val_acc
2.4207446788919382,0.08275862148609654,2.434401306537313,0.06422018416977804
