loss,acc,val_loss,val_acc
3.3887393474578857,0.043478261679410934,2.9717578887939453,0.15625
