loss,acc,val_loss,val_acc
2.2858086427052817,0.18253969152768454,2.3146774768829346,0.09375
2.2964587569236756,0.0833333358168602,2.2569594383239746,0.1875
2.2943242223639237,0.14912280950107074,2.2916929721832275,0.125
2.327335755030314,0.12698413183291754,2.3616466522216797,0.125
