loss,acc,val_loss,val_acc
2.3335339493221707,0.19753086898061964,2.1961043755942526,0.1926605511422551
2.1329303979873657,0.34567901574903065,2.0961624154257117,0.3302752307248772
1.896978537241618,0.37037037975258297,1.9674721223498703,0.348623857585662
1.7059591213862102,0.425925945242246,1.757151993042832,0.5321100944772773
1.5976979335149128,0.444444446100129,1.6881914280970163,0.449541288231491
1.388546519809299,0.6234568092558119,1.6313812732696533,0.45871560070492806
1.2100555499394734,0.660493834151162,1.384803606829512,0.660550467464902
1.1042215095625982,0.7222222288449606,1.3538318325620178,0.5688073427305309
