loss,acc,val_loss,val_acc
2.4573470221625433,0.19753086691101393,2.3086645821912573,0.09174311926605505
1.8357916010750666,0.37654321847690475,2.4478128918814,0.0825688076812193
1.1302135520511203,0.6790123614999983,2.4714025904279238,0.11926605572941107
0.9202078862322701,0.6913580364651151,2.4965503653255077,0.0917431196078248
0.8719136052661471,0.7098765638139513,2.5450736470178725,0.11926605572941107
0.6843739814228482,0.7654321061240302,2.647852167077021,0.11926605695978217
0.3713022453917397,0.9135802454418607,2.83498057094189,0.10091743153443031
0.291357374853558,0.9197530945142111,3.2539790923442315,0.11009174380280556
