loss,acc,val_loss,val_acc
2.341518497467041,0.12903225421905518,2.447189688682556,0.078125
