loss,acc,val_loss,val_acc
2.376736185767434,0.12878789041530003,2.3930916786193848,0.0625
