loss,acc,val_loss,val_acc
3.0007252021574637,0.11971831216778554,2.6025704873072635,0.10389610408962548
2.5028695166110992,0.12500000232830644,2.4452106766886526,0.11688311785072475
2.5504749051986204,0.0806451630928824,2.422900153444959,0.09090909284430665
2.5382402950609233,0.08450704340783644,2.4892706871032715,0.11688311785072475
