loss,acc,val_loss,val_acc
2.3925092720485233,0.06993007112841507,2.359751546054805,0.0825688076812193
2.2539855733618035,0.19580419538738011,2.3566176738214057,0.07339449541284404
2.224224418401718,0.21710526198148727,2.372151615884569,0.06666666749450896
2.19210895791754,0.24475523777358182,2.367347938205124,0.0917431196078248
2.1153204207653764,0.29370629162221523,2.3164906458023493,0.11009174448634507
2.0393326941070025,0.32867133033859147,2.331529476907518,0.12222222346398566
2.0770766156822886,0.2985074599064998,2.3046105979779443,0.13761467958262208
1.946281835436821,0.46052631735801697,2.309423757255624,0.1926605511422551
