loss,acc,val_loss,val_acc
12.961925114670844,0.0958904109589041,14.639370655794757,0.0917431196078248
