loss,acc,val_loss,val_acc
2.3826327323913574,0.08943089097738266,2.3703877925872803,0.0625
2.300288298898492,0.17355371605266223,2.3592216968536377,0.09375
