loss,acc,val_loss,val_acc
2.416808843612671,0.09459459828212857,2.394540786743164,0.09375
2.3322273375941256,0.1372549068913156,2.4330824613571167,0.078125
2.3168275203704836,0.1440000075697899,2.352688789367676,0.09375
2.3494669795036316,0.10135135613381863,2.3330295085906982,0.09375
