loss,acc,val_loss,val_acc
2.288582403241223,0.13740457662644276,2.3092803955078125,0.140625
