loss,acc,val_loss,val_acc
2.576204280222743,0.14049587109364753,2.2608938217163086,0.25
2.533855120340983,0.11382113645474116,2.5064711570739746,0.125
2.269179754020754,0.1818181844659088,2.3532464504241943,0.07692307978868484
2.2635271844785074,0.1322314064364788,2.4442386627197266,0.03125
2.114164498226702,0.23140495572208372,2.1777968406677246,0.1875
2.0645816483773474,0.2975206628811261,2.5593795776367188,0.07692307978868484
1.992232152253143,0.40495868064155266,2.1782093048095703,0.25
1.9618497689565022,0.32520325978597003,2.3766307830810547,0.15625
