loss,acc,val_loss,val_acc
2.3987067479353685,0.06837606974519216,2.296947956085205,0.125
2.224169651667277,0.1851851890484492,2.260763645172119,0.1875
2.2190471345728096,0.2121212137016383,2.1759073734283447,0.3076923191547394
2.107905069986979,0.32592593630154926,2.272653579711914,0.21875
