loss,acc,val_loss,val_acc
8.482819831534608,0.11643835616438356,2.610202771808029,0.0917431196078248
2.4901138870683437,0.2465753424657534,1.9123619346443665,0.3027522949450607
1.833840977655698,0.4178082191780822,3.770419203906978,0.13761467889908258
1.8706910185617944,0.4520547945205479,1.6685572293920254,0.5137614717177295
