loss,acc,val_loss,val_acc
4.603745638907372,0.11188811084607264,4.3750334442208665,0.07339449541284404
3.3549822643920257,0.13986014095428106,2.589136876097513,0.06422018348623854
2.2089930176734924,0.2302631577476859,2.27526183658176,0.1111111127667957
2.223407116803256,0.26573426542165396,2.0704200792750087,0.30275229439822904
