loss,acc,val_loss,val_acc
2.367489836936773,0.13178294966387194,2.309694290161133,0.125
2.219132661819458,0.18939394503831863,2.2337270948621963,0.20000000165568457
