loss,acc,val_loss,val_acc
2.288770270902057,0.13178295001041057,2.2907605171203613,0.140625
2.222642715587172,0.2015503939501075,2.2374989986419678,0.171875
