loss,acc,val_loss,val_acc
5.994969074249267,0.10399999606609345,3.836177706718445,0.109375
2.9721967577934265,0.07432432472705841,2.3086980289883083,0.13333333366447025
2.322309045230641,0.1176470628775218,2.4245689974890814,0.08888889054457347
2.333081066608429,0.08108108025044203,2.3024940490722656,0.09375
