loss,acc,val_loss,val_acc
4.153495396337202,0.1129032266476462,3.1718573570251465,0.125
2.7648889422416687,0.1710526328533888,2.4963377714157104,0.046875
2.455353136985533,0.08870967814037876,2.313292622566223,0.15625
2.2175968661904335,0.17708333364377418,2.2875092029571533,0.140625
