loss,acc,val_loss,val_acc
2.3097645995813774,0.055045872379880435,2.2674036026000977,0.1875
2.28771702448527,0.11949685712655385,2.299586296081543,0.09375
