loss,acc,val_loss,val_acc
2.3248163291386197,0.10317460553986686,2.262930393218994,0.15625
2.2662085124424527,0.16666666737624578,2.258895516395569,0.125
2.2664755412510464,0.19841270574501582,2.249299168586731,0.15625
2.231115937232971,0.2361111156642437,2.2503817081451416,0.140625
2.217882360730852,0.26190477183886934,2.2334394454956055,0.125
2.2184152603149414,0.2222222276031971,2.1945724487304688,0.1875
2.1585463285446167,0.314814825852712,2.2042338848114014,0.25
2.205228328704834,0.25396826437541414,2.1954047679901123,0.234375
