loss,acc,val_loss,val_acc
4.274320054410109,0.0746268681181011,3.2016685009002686,0.09375
2.7341321190791343,0.14179104744498408,2.38871488571167,0.2000000019868215
2.355809016014213,0.11940298863311312,2.362695323096381,0.15555555721124012
2.3784310675379055,0.15671641779924506,2.5116405487060547,0.140625
