loss,acc,val_loss,val_acc
2.3694475607107615,0.06106870103883379,2.341627359390259,0.125
2.346287703696098,0.0992366394013849,2.346818447113037,0.109375
2.33629379927657,0.09160305127387738,2.371084690093994,0.078125
2.347605895996094,0.06451612710952759,2.346517562866211,0.09375
