loss,acc,val_loss,val_acc
2.470311017469926,0.08181818398562345,2.624305486679077,0.125
2.5181995608589864,0.07272727367552843,2.686964988708496,0.0625
2.4727603608911686,0.10000000365755775,2.647510290145874,0.07692307978868484
2.5140276749928794,0.07051282127698262,2.6951191425323486,0.09375
