loss,acc,val_loss,val_acc
4.152827681475923,0.07633587558760897,2.758965492248535,0.109375
2.543416966008776,0.10687022639139918,2.2864824533462524,0.140625
2.388839202982779,0.12213740150892098,2.386731743812561,0.140625
2.378721237182617,0.07096773982048035,2.4080135822296143,0.109375
