loss,acc,val_loss,val_acc
2.343868233940818,0.06060606308958747,2.2660346031188965,0.0625
