loss,acc,val_loss,val_acc
2.419175624847412,0.10344827547669411,2.382418632507324,0.0625
2.4078970413941603,0.11538461581445657,2.288072109222412,0.15625
2.1582705699480496,0.21153845466100252,2.4048662185668945,0.07692307978868484
2.0047661662101746,0.3103448152542114,2.2294247150421143,0.125
1.8902010917663574,0.3804347813129425,2.1816601753234863,0.15625
1.7860490083694458,0.3879310339689255,1.9368722438812256,0.38461539149284363
1.7029694456320543,0.5000000149011612,1.979204773902893,0.3125
1.5618854761123657,0.5862068831920624,2.2276105880737305,0.15625
