loss,acc,val_loss,val_acc
2.3661734528011746,0.14814815007978016,2.306278255007683,0.11009174346103581
2.202112727695041,0.17283950994412103,2.279608352468648,0.12844036765601657
2.1082198090023465,0.25925926781362957,2.1861482911639745,0.18888889095849462
1.9662973350948758,0.388888892200258,2.13832042414114,0.12844036710918497
1.9534023337894015,0.3395061795082357,2.1001475907247,0.266055046691807
1.8554919295840793,0.42592593365245396,2.0770376920700073,0.2777777795990308
1.7253339555528429,0.4629629717932807,2.1219423987449857,0.201834862522029
1.6718725098503961,0.5246913664870791,1.9528207713310872,0.3211009181147322
