loss,acc,val_loss,val_acc
2.621446692425272,0.08695652326164038,2.413548469543457,0.15625
2.3321962356567383,0.1489361673593521,2.333315849304199,0.125
