loss,acc,val_loss,val_acc
13.281783352159474,0.08904109589041095,14.491498430934522,0.10091743153443031
14.572524501852794,0.0958904109589041,14.639370795783647,0.09174311994959455
14.682922467793503,0.08904109589041095,14.639370769535729,0.0917431196078248
14.682922311025123,0.08904109589041095,14.491498404686604,0.10091743119266056
14.70776195526123,0.0875,14.49149829094563,0.10091743187620006
14.774920550259678,0.08333333333333333,14.491498824653275,0.10091743153443031
15.124514018019585,0.06164383561643835,14.49149829094563,0.10091743187620006
14.808499813079834,0.08125,14.787243134384855,0.08256880733944955
