loss,acc,val_loss,val_acc
6.748890772257766,0.136986301369863,3.2220938905663448,0.14678899150922758
2.6715991399059558,0.13013698630136986,2.332210597641971,0.14678899116745783
2.332813083309017,0.15753424657534246,2.366242591540019,0.07777777860562006
2.2992822078809345,0.14383561643835616,2.3230399604237406,0.2477064223601184
