loss,acc,val_loss,val_acc
12.669938335679982,0.13013698630136986,13.604264075602961,0.15596330309406334
