loss,acc,val_loss,val_acc
14.181370388971617,0.10273972602739725,14.343625672366642,0.11009174448634507
14.572524449596667,0.0958904109589041,14.787243414362637,0.08256880733944955
14.607023811340332,0.09375,14.787242906902907,0.08256880802298905
14.682922467793503,0.08904109589041095,14.787243414362637,0.08256880733944955
