loss,acc,val_loss,val_acc
2.369175593058268,0.08496732057796584,2.3954539320884494,0.10091743187620006
2.3077583643641786,0.1532846722398361,2.3241713681352247,0.1651376153624386
2.188242499581699,0.1655172442310843,2.2722028329831745,0.13761467889908258
2.1981712182362876,0.2222222267753548,2.233709330952496,0.1651376165928097
