loss,acc,val_loss,val_acc
2.905548095703125,0.08527132123708725,2.817012071609497,0.125
2.6494248895084156,0.10924370117297694,2.438964366912842,0.125
