loss,acc,val_loss,val_acc
2.311379208052454,0.18181818785253634,2.2719221115112305,0.09375
2.111873189608256,0.2520325034856796,2.235231637954712,0.1875
1.8639121331459234,0.47933885381241476,2.1309876441955566,0.15625
1.6906224843884303,0.545454530183934,2.115715503692627,0.0625
