loss,acc,val_loss,val_acc
2.462178866068522,0.12403100728988647,2.4191336631774902,0.125
2.2453422185753573,0.18487395321120734,2.3419177532196045,0.15625
2.2664693583961295,0.2605042021815516,2.11242938041687,0.21875
1.9765395457003296,0.310924372252296,2.092440605163574,0.1875
