loss,acc,val_loss,val_acc
3.9206459034968466,0.10218977911846482,3.2608735778115014,0.2207792212630247
2.6814926488556132,0.16058393714636782,2.424229727162943,0.16883116883116883
2.400729258855184,0.1466666633884112,2.4659140326760034,0.09090909139289484
2.356153331533836,0.1240875878690803,2.387409547706703,0.2207792227144365
