loss,acc,val_loss,val_acc
2.3646997928619387,0.17857143878936768,2.253475785255432,0.25
