loss,acc,val_loss,val_acc
2.564835927257799,0.15753424657534246,2.4808551587096046,0.10091743153443031
2.1470423299972325,0.21232876712328766,2.1057869261557904,0.23853211200565372
1.8729127694482672,0.3150684931506849,2.1166173208744152,0.27522935848170466
1.6185768365859985,0.45,1.712036571371446,0.42201835245167446
1.4113396261677598,0.5227272727272727,1.8518595050234314,0.4128440375174951
1.2771637916564942,0.58125,1.4479214007701349,0.5412844055836353
1.0246024962627527,0.7424242424242424,1.3187028585223977,0.6238532208521431
0.9288132615285377,0.7397260273972602,1.5645268510241028,0.46788990962395977
