loss,acc,val_loss,val_acc
2.308478222173803,0.08088235880303032,2.2815853357315063,0.203125
