loss,acc,val_loss,val_acc
12.675972768705185,0.1095890410958904,14.195754094955024,0.11926605538764132
14.204071617126464,0.11875,14.491498264697714,0.10091743153443031
14.408600431500059,0.10606060606060606,14.19575370123627,0.11926605538764132
14.204071617126464,0.11875,13.900008857797046,0.1376146808129932
14.652813882538766,0.09090909090909091,14.491498404686604,0.10091743119266056
14.020534881173749,0.13013698630136986,14.34362617982637,0.11009174311926606
13.90185718536377,0.1375,14.343625646118724,0.11009174346103581
14.130932847114458,0.1232876712328767,14.04788094266839,0.12844036833955608
