loss,acc,val_loss,val_acc
2.4948496963666833,0.08695651986028836,2.3953871726989746,0.15625
2.263962870058806,0.17391304399656213,2.4263412952423096,0.21875
