loss,acc,val_loss,val_acc
13.019884841082847,0.0958904109589041,14.343625926096506,0.11009174346103581
