loss,acc,val_loss,val_acc
3.170268670372341,0.13768116417138473,2.597388914653233,0.09090909187669878
