loss,acc,val_loss,val_acc
3.0682509855459665,0.11450381395016007,2.243457794189453,0.234375
2.25505959714642,0.21374045221405175,2.4531495571136475,0.171875
