loss,acc,val_loss,val_acc
2.2927159203423395,0.15432099045978653,2.413448521850306,0.07339449541284404
2.3074014716678195,0.18518518987629148,2.402821543019846,0.10091743187620006
