loss,acc,val_loss,val_acc
4.216476434885069,0.10077519714832306,6.023001670837402,0.0625
7.202491471933764,0.09302325997241707,7.318136215209961,0.09375
6.832174290058225,0.0852713217568952,4.464347243309021,0.09375
5.4666208028793335,0.10606060922145844,4.476063132286072,0.09375
