loss,acc,val_loss,val_acc
12.558034766210268,0.11643835616438356,14.04788187009479,0.12844036731424682
14.020534985686002,0.13013698630136986,13.90000866531232,0.13761467889908258
14.020535090198255,0.13013698630136986,13.900008857797046,0.1376146808129932
14.3048095703125,0.1125,13.604263988109903,0.1559633034358331
13.431746049360795,0.16666666666666666,14.491498544675494,0.10091743153443031
13.599642753601074,0.15625,13.752136720429867,0.14678899082568808
13.799739106060708,0.14383561643835616,13.604264101850877,0.1559633034358331
6.705565299073311,0.13013698630136986,2.2295939309881367,0.27522935971207574
