loss,acc,val_loss,val_acc
2.352403595092449,0.09929078191201737,2.386186327253069,0.10389610486371177
