loss,acc,val_loss,val_acc
2.535462597438267,0.12380952324186052,4.189453601837158,0.09375
