loss,acc,val_loss,val_acc
12.350871778514287,0.13013698630136986,14.627615622424205,0.0917431196078248
14.682922467793503,0.08904109589041095,14.626081904140088,0.0917431196078248
