loss,acc,val_loss,val_acc
2.3711262445380217,0.0802919697696275,2.2667291071507836,0.12987013257943192
