loss,acc,val_loss,val_acc
3.094185310861339,0.11594203292675641,2.5057393792387725,0.1428571433409468
2.519409635792608,0.14492754022712293,2.4490362421258705,0.09090909139289484
2.3883654034656026,0.09420290071031322,2.3309602551646047,0.15584415855345787
2.2728657204171885,0.15942029590192047,2.250603898779138,0.1428571433409468
2.197449247042338,0.17361112063129744,2.19239726314297,0.12987012987012986
2.0435912194459336,0.3115942128326582,1.9965035605740238,0.33766234308094173
1.8346447011698848,0.4057971070642057,1.893694629916897,0.29870130063651446
1.722543706064639,0.3695652335882187,1.7668015182792367,0.4025974064678341
