loss,acc,val_loss,val_acc
12.697783221937206,0.11643835616438356,13.45639159701286,0.1651376153624386
14.020534985686002,0.13013698630136986,13.604264101850877,0.1559633034358331
13.901857280731202,0.1375,13.900008831549128,0.13761467958262208
13.431746396151455,0.16666666666666666,13.900008831549128,0.13761467958262208
