loss,acc,val_loss,val_acc
3.723917993176885,0.07563025372869828,3.761263132095337,0.125
4.724899532414284,0.06722689297895472,2.5085458755493164,0.09375
