loss,acc,val_loss,val_acc
2.440044403076172,0.07692308040956657,2.2797935009002686,0.15625
2.117581971760454,0.2241379418249788,2.2034164667129517,0.203125
1.7463622093200684,0.5320513049761454,2.086466431617737,0.375
1.4847910774165187,0.637931085866073,1.9597753882408142,0.375
1.4951256092856913,0.5294117813601213,1.8450323939323425,0.390625
1.316923201084137,0.6602564553419749,1.9390233159065247,0.375
1.0429739619002623,0.8235294748755062,1.762100338935852,0.375
0.9514629209742826,0.8308823985211989,1.7679078578948975,0.359375
