loss,acc,val_loss,val_acc
2.750584077835083,0.14166667237877845,3.6997244358062744,0.09375
2.831732193628947,0.1269841343164444,2.558581590652466,0.1875
