loss,acc,val_loss,val_acc
2.387242929085151,0.08391608422869569,2.413811618034993,0.027522935779816515
2.3912729866854794,0.10489510468669705,2.406145351742386,0.027522935779816515
