loss,acc,val_loss,val_acc
2.3546917907527236,0.12295081967213115,2.312579393386841,0.0625
