loss,acc,val_loss,val_acc
2.2933895173280137,0.25362319758404855,1.9813118383481905,0.33766234308094173
1.3942370777544768,0.5797101673872574,1.5024299311947513,0.5194805334140729
