loss,acc,val_loss,val_acc
3.1117341783311634,0.12962963100936678,2.3368933682047994,0.1651376153624386
2.134138729837206,0.2345679091910521,2.121963916568581,0.2110091744486345
2.070491154988607,0.3086419842309422,2.117775869369507,0.2555555558866925
1.8594725926717122,0.351851856129037,2.00712557560807,0.28440367109184966
1.6903007692760892,0.4135802537202835,2.044932791946131,0.22018348692207163
1.519767959912618,0.4938271707958645,2.2892421219083996,0.20000000082784228
1.487043884065416,0.4691358125872082,2.307725232675535,0.183486238668818
1.4394267002741497,0.5185185273488363,2.12679435572493,0.30275229371468954
