loss,acc,val_loss,val_acc
12.50785550679246,0.13013698630136986,13.900008577819264,0.1376146808129932
13.68934140140063,0.1506849315068493,13.45639159701286,0.1651376153624386
13.799739001548453,0.14383561643835616,14.047881336387144,0.12844036765601657
14.002595138549804,0.13125,13.456391850742724,0.16513761502066884
