loss,acc,val_loss,val_acc
13.098590432781062,0.08904109589041095,14.787243694340416,0.08256880733944955
14.90371798162591,0.07534246575342465,14.63937090952462,0.09174311926605505
