loss,acc,val_loss,val_acc
2.3128965695699057,0.15972222884496054,2.375756025314331,0.125
2.10248455248381,0.3070175483038551,2.289766788482666,0.1875
