loss,acc,val_loss,val_acc
2.412522707412492,0.09701493026605293,2.4599592685699463,0.09375
