loss,acc,val_loss,val_acc
2.3901166800529725,0.1612903272673007,2.3832913637161255,0.171875
