loss,acc,val_loss,val_acc
2.3352528942955866,0.12962963183720908,2.267930971373112,0.1651376160459781
2.3012957043117948,0.11728395397464435,2.2883096966174765,0.12844036765601657
2.2973954147762723,0.12345679269896613,2.243201483280287,0.1559633041193726
2.270731740527683,0.09876543324854639,2.233279151654025,0.1834862392156496
2.28244858317905,0.12345679187112385,2.2324170366339726,0.1926605548333684
2.2431848843892417,0.1419753125972218,2.2064898779632847,0.1559633046662042
2.210929420259264,0.18518518863452804,2.2083630671194934,0.1926605511422551
2.2277082867092557,0.1666666708058781,2.176646245728939,0.2293578000790482
