loss,acc,val_loss,val_acc
3.1919739344348645,0.08904109589041095,2.3341683816472325,0.05504587224317253
2.383362884390844,0.08904109589041095,2.2867521539740605,0.11009174311926606
