loss,acc,val_loss,val_acc
2.3775918878357984,0.13793103589579978,2.436691778515457,0.07339449575461379
