loss,acc,val_loss,val_acc
2.4553942680358887,0.0928571455180645,2.3144665956497192,0.125
2.2250003067415154,0.20895522654946172,2.2246029218037924,0.13333333416117563
2.17969161644578,0.24218750349245965,2.272995874616835,0.1111111111111111
2.146492052078247,0.2071428582072258,2.2177517414093018,0.1875
