loss,acc,val_loss,val_acc
12.152810806618596,0.09022556357365802,14.103333473205566,0.125
14.228387451171875,0.1172413781285286,14.858868598937988,0.078125
14.119984366677024,0.12396694251821061,14.355178356170654,0.109375
14.66383092923272,0.0902255612488528,15.110713958740234,0.0625
14.673024559020996,0.0896551713347435,14.355178356170654,0.109375
14.421453712578106,0.10526315691439729,14.858869075775146,0.078125
14.179076237786084,0.12030075165562164,14.355178356170654,0.109375
14.663830965085138,0.09022556519822071,15.110713958740234,0.0625
