loss,acc,val_loss,val_acc
2.321209176894157,0.12096773953207078,2.2989535331726074,0.125
2.231947183609009,0.19078947231173515,2.2858845710754396,0.13333333416117563
