loss,acc,val_loss,val_acc
2.7006348201206754,0.06666666716337204,2.653411388397217,0.25
2.5411767959594727,0.15789473429322243,2.3243913650512695,0.0625
