loss,acc,val_loss,val_acc
2.327909098731147,0.16049383083979288,2.3768761376722143,0.07339449609638354
