loss,acc,val_loss,val_acc
2.5662198066711426,0.09756097197532654,2.511345863342285,0.1875
2.615221725022497,0.14876032873126102,2.393434524536133,0.15625
2.5468116358292003,0.09090909087830339,2.349388360977173,0.1538461595773697
2.3805425324715856,0.18181818107928127,2.3850550651550293,0.21875
2.298919598261515,0.08130081246296565,2.3372294902801514,0.15625
2.2599037836405858,0.14876033174843828,2.2501187324523926,0.0
2.188394160310099,0.18181818107928127,2.1880271434783936,0.28125
2.1200487278709725,0.2975206598023738,2.315582036972046,0.09375
