loss,acc,val_loss,val_acc
2.97965188284178,0.07207207462272129,4.512874603271484,0.0625
4.081570322449143,0.07207207351520255,3.1866567134857178,0.09375
2.9829669578655347,0.0990991006429131,2.4455530643463135,0.1538461595773697
2.8332990805308023,0.08496732264757156,2.454833507537842,0.09375
2.574868530840487,0.054054055967040965,2.761791706085205,0.09375
2.643908184927863,0.090090090459263,2.2248528003692627,0.3076923191547394
2.38746444384257,0.07843137408296268,2.327869176864624,0.09375
2.384725184053988,0.11711712101021328,2.546602964401245,0.0625
