loss,acc,val_loss,val_acc
2.342048989401923,0.11111111359463798,2.3023616130198907,0.0917431196078248
2.3024506039089627,0.10493827280071047,2.3020772737100583,0.15596330288900148
2.302229642868042,0.14197531094153723,2.3020894447962443,0.13333333457509677
2.301954640282525,0.14197531135545838,2.3021596834200238,0.13761467958262208
