loss,acc,val_loss,val_acc
2.7343760453737698,0.17692307692307693,2.526161789894104,0.09375
1.752086067199707,0.43125,2.422910213470459,0.09375
