loss,acc,val_loss,val_acc
3.7124617985316686,0.11428571684019906,4.392906523370123,0.10389610486371177
3.289812305995396,0.2428571451987539,2.3543226130597,0.2727272736948806
1.7863395367349897,0.4500000144754137,1.8956283423807714,0.350649356842041
1.229956797191075,0.6214285982506615,1.4379643774651862,0.506493510363938
1.0363693407603674,0.6298701507704598,1.7560774134351063,0.4155844182937176
0.9136174226564074,0.6984127144964914,1.7199686765670776,0.4805194944530338
1.0900886825152807,0.6428571556295667,2.253256794694182,0.32467532738462673
0.9185223238808768,0.657142869063786,1.665595766785857,0.4675324694676833
