loss,acc,val_loss,val_acc
14.607753165780682,0.0821917808219178,15.230860648898904,0.05504587155963303
15.014115843054366,0.0684931506849315,14.491498684664386,0.10091743119266056
15.009976196289063,0.06875,14.787242906902907,0.08256880802298905
14.408600431500059,0.10606060606060606,14.491498457182438,0.10091743255973956
