loss,acc,val_loss,val_acc
2.471068671051885,0.08450704351277419,2.394211310844917,0.06493506493506493
2.4349437028589382,0.09154929818821625,2.3886603163434312,0.09090909090909091
