loss,acc,val_loss,val_acc
2.305047092437744,0.09599999989569187,2.2880829572677612,0.078125
