loss,acc,val_loss,val_acc
2.3435930411020913,0.10897436489661534,2.343181848526001,0.0625
