loss,acc,val_loss,val_acc
4.835605621337891,0.09876543366246754,2.740555831051748,0.08256880733944955
2.4569988780551486,0.10493827321463162,2.2878507802245815,0.15596330357254098
