loss,acc,val_loss,val_acc
2.3637874906713314,0.12727273377505216,2.433133363723755,0.15625
2.361568715355613,0.17272727733308618,2.289153575897217,0.0625
2.2572654088338218,0.17307692766189575,2.1441562175750732,0.23076923191547394
2.237719184702093,0.19090909443118356,2.2137973308563232,0.125
