loss,acc,val_loss,val_acc
2.3131168863047726,0.15652174113885217,2.301659107208252,0.15625
