loss,acc,val_loss,val_acc
2.8068326473236085,0.16875,2.4216439505235865,0.22018348692207163
2.317470756295609,0.2191780821917808,2.2129531956593924,0.25688073777277537
1.9461530447006226,0.32575757575757575,2.455530254119033,0.22018348760561113
1.8443273093602428,0.3424657534246575,1.8333911108314445,0.4587155971505226
