loss,acc,val_loss,val_acc
2.30250973171658,0.11728395149111748,2.3253566890681556,0.07339449575461379
2.294830322265625,0.10493827280071047,2.338183521130763,0.08256880733944955
