loss,acc,val_loss,val_acc
2.4075885288906793,0.12408758884798872,2.2622995252733107,0.22077922174682865
1.955409010251363,0.47333332896232605,2.22633678882153,0.16883116931497277
