loss,acc,val_loss,val_acc
2.3363129717963083,0.1000000027673585,2.3215951919555664,0.07792207792207792
2.2867468765803745,0.1753246784210205,2.3042690196594635,0.11688311688311688
