loss,acc,val_loss,val_acc
13.057861955198524,0.10273972602739725,14.343625812355532,0.11009174503317666
