loss,acc,val_loss,val_acc
2.328152431858529,0.07194244615036807,2.315205394447624,0.09090909090909091
2.3084105004509574,0.1223021579517735,2.312048555968644,0.07792207840588186
2.318918602807181,0.08074534152235303,2.298577358196308,0.12987013257943192
2.296142335418317,0.10791366847513391,2.286246120155632,0.11688311881833262
2.2975677208934755,0.10791367045838199,2.26220982105701,0.15584415584415584
2.2822632017753106,0.1582733860922803,2.2340897151402066,0.14285714382475073
2.2848250076925156,0.14388489414998096,2.2335868532007392,0.1428571447923586
2.242865342888043,0.21582734338242374,2.200448955808367,0.24675324772085463
