loss,acc,val_loss,val_acc
5.7562674681345625,0.14074074228604636,5.815862655639648,0.125
4.508443160490557,0.12121212414719841,2.832829475402832,0.09375
2.59597380956014,0.14814815546075502,2.501894950866699,0.15625
2.7394027526562033,0.09401709615037991,2.4176106452941895,0.125
