loss,acc,val_loss,val_acc
2.3924023941771626,0.1232876712328767,2.323987952066124,0.03669724804819177
2.260841003836018,0.1917808219178082,2.3158936500549316,0.12844036731424682
2.15393551408428,0.18493150684931506,2.2443859709633722,0.1777777798473835
2.056323518491771,0.3356164383561644,2.2177302574892654,0.2110091744486345
