loss,acc,val_loss,val_acc
2.5008652550833568,0.07142857249294009,2.2945404052734375,0.09375
