loss,acc,val_loss,val_acc
2.9820372528500028,0.12345679187112385,2.278382760669113,0.10091743187620006
2.4547041522132025,0.16049383125371403,2.2812176144451177,0.09174311994959455
