loss,acc,val_loss,val_acc
2.3374374454671685,0.10606060972945257,2.34699022769928,0.125
2.309064245223999,0.13333333730697633,2.3707506550682917,0.15555555721124012
