loss,acc,val_loss,val_acc
11.61937857327396,0.10273972602739725,13.900008857797046,0.1376146808129932
