loss,acc,val_loss,val_acc
3.0084930977351227,0.09859155128959199,2.573812512608318,0.10389610437990783
