loss,acc,val_loss,val_acc
2.316853323849765,0.17272728437727147,2.328735828399658,0.09375
2.341592784361406,0.20000000379302285,2.2641568183898926,0.1875
