loss,acc,val_loss,val_acc
2.5944585139208503,0.05940593867608816,2.4880030155181885,0.125
2.4468432771097315,0.15841583833836093,2.3214571475982666,0.15625
