loss,acc,val_loss,val_acc
2.3894680079880293,0.12587412389425132,2.26174242124645,0.14678899116745783
2.2968689211598643,0.15384615410666366,2.2500172951899535,0.1926605511422551
