loss,acc,val_loss,val_acc
8.294388715534994,0.1095890410958904,2.4857975933529914,0.11009174311926606
2.2126355105883455,0.3013698630136986,1.8701321772479136,0.3577981665046937
