loss,acc,val_loss,val_acc
7.8908335280744994,0.10273972602739725,2.504459857940674,0.1926605511422551
2.3504701137542723,0.21875,2.0126563080953894,0.22018348692207163
2.1798432108127708,0.30303030303030304,2.38706443069178,0.3027522979526345
2.437079772557298,0.3219178082191781,2.2489515050835567,0.2293578000790482
