loss,acc,val_loss,val_acc
2.430981637924675,0.1181102401510937,2.306861639022827,0.140625
2.201477651520977,0.18897638528600452,2.2453004121780396,0.09375
