loss,acc,val_loss,val_acc
2.5454578693096455,0.1,2.4550743103027344,0.109375
2.333565664291382,0.13125,2.2849135557810465,0.1111111111111111
