loss,acc,val_loss,val_acc
2.317586165208083,0.0683760720376785,2.3909196853637695,0.09375
2.3419615427652993,0.09629630049069722,2.3130643367767334,0.125
