loss,acc,val_loss,val_acc
3.191939858027867,0.07142857334443502,3.204845868147813,0.09090909361839294
2.7982741355895997,0.11428571747882026,2.5523149378888017,0.09090909187669878
2.5131074701036726,0.07142857334443502,2.5518297251168782,0.09090909139289484
2.5540159566061837,0.08571428826877049,2.367345766587691,0.1428571433409468
