loss,acc,val_loss,val_acc
2.311536741256714,0.10344827547669411,2.3014832735061646,0.140625
2.3220914986507952,0.07438016430405546,2.301732063293457,0.140625
2.2825559616088866,0.1586206905543804,2.301080822944641,0.15625
2.3008948878238074,0.12030075151557312,2.297774314880371,0.140625
2.293527020547623,0.10526315652226147,2.302386999130249,0.15625
2.296646777848552,0.10526315599007714,2.299124002456665,0.140625
2.3057563304901123,0.11034482419490814,2.303074598312378,0.15625
2.3023185020635935,0.08264462886886163,2.2982789278030396,0.1875
