loss,acc,val_loss,val_acc
2.3360352776944637,0.16406250512227416,2.2787094116210938,0.21875
1.9426409807056189,0.3984375239815563,2.2056440114974976,0.1875
1.746378630399704,0.5073529705405235,2.1577277183532715,0.265625
1.530872467905283,0.7031250353902578,2.144139051437378,0.25
