loss,acc,val_loss,val_acc
13.441465854644775,0.0875,14.195754094955024,0.11926605538764132
14.042279908151338,0.12878787878787878,14.787243554351527,0.0825688076812193
14.68292236328125,0.08904109589041095,14.491498710912301,0.10091743153443031
14.241330760799043,0.11643835616438356,14.63937104951351,0.0917431196078248
