loss,acc,val_loss,val_acc
2.3040684163570404,0.17187500465661287,2.258502721786499,0.234375
2.241684913635254,0.1985294185578823,2.225690007209778,0.296875
