loss,acc,val_loss,val_acc
5.173637522591485,0.12962963100936678,3.5270344532957862,0.10091743119266056
2.6666824552747936,0.1111111127667957,2.2907573586210197,0.14678899150922758
