loss,acc,val_loss,val_acc
2.465476745316962,0.10084033957799944,2.3190619945526123,0.1875
