loss,acc,val_loss,val_acc
2.3887044763940524,0.07086614334559817,2.458399772644043,0.0625
2.3410967823088638,0.10236220586839623,2.3854837152693005,0.08888888971673117
2.3350396513000247,0.10236220754037692,2.481085862053765,0.044444445272286734
2.270108163356781,0.17857143096625805,2.411157250404358,0.09375
2.2605507617860328,0.18897637930207364,2.4259418805440265,0.044444444444444446
2.2118914127349854,0.18571429140865803,2.381931421491835,0.0888888892200258
2.232844909032186,0.14912281120032594,2.402929663658142,0.078125
2.2366506457328796,0.13571428880095482,2.3458003838857016,0.08888888971673117
