loss,acc,val_loss,val_acc
3.281842408861433,0.20952380895614625,3.338615655899048,0.09375
3.045109578541347,0.26666667674268996,3.7990262508392334,0.09375
