loss,acc,val_loss,val_acc
7.48368210988502,0.136986301369863,2.7948754336855828,0.0917431196078248
2.383193117298492,0.21232876712328766,2.2506543561952923,0.14678899082568808
