loss,acc,val_loss,val_acc
2.3707791836592405,0.09489050784902851,2.2701407438748844,0.16883116979877671
