loss,acc,val_loss,val_acc
3.0292391582411162,0.0714285715806241,3.1670429706573486,0.09375
