loss,acc,val_loss,val_acc
2.426127552986145,0.10833333693444729,2.3964524269104004,0.09375
2.278385818004608,0.1666666716337204,2.3186163902282715,0.15625
2.1803232034047446,0.19841270645459494,2.255455493927002,0.03125
2.10072283744812,0.3000000074505806,2.2139484882354736,0.125
