loss,acc,val_loss,val_acc
2.294313855367164,0.1780821917808219,2.237417781024898,0.1376146827269038
