loss,acc,val_loss,val_acc
2.38107286966764,0.07692307935884365,2.3118276596069336,0.21875
2.2847324212392173,0.17037037511666617,2.1703696250915527,0.21875
2.110485993898832,0.2735042766882823,2.1881234645843506,0.3076923191547394
2.011962367938115,0.3333333432674408,2.1660001277923584,0.21875
1.9185900413073027,0.4017094098604642,2.118208885192871,0.25
1.8442901372909546,0.429629643758138,2.15356183052063,0.23076923191547394
1.7268001024539654,0.5726495981216431,2.1210014820098877,0.34375
1.5909538452441876,0.5897436096118047,1.9648538827896118,0.4375
