loss,acc,val_loss,val_acc
2.446430899880149,0.11363636702299118,2.2784485816955566,0.09375
2.2700572490692137,0.18000000417232515,2.287026193406847,0.13333333498901792
2.193802043011314,0.22807018027493828,2.2842367966969808,0.15555555721124012
2.090332579612732,0.3200000077486038,2.2368897199630737,0.21875
