loss,acc,val_loss,val_acc
13.499689023788662,0.0821917808219178,14.63937090952462,0.09174311926605505
14.462126640424337,0.10273972602739725,14.491498570923412,0.10091743187620006
14.506285858154296,0.1,14.639370795783647,0.09174311994959455
14.652813998135654,0.09090909090909091,14.639370795783647,0.09174311994959455
14.793320224709706,0.0821917808219178,14.343625899848588,0.11009174311926606
14.808499813079834,0.08125,14.639370769535729,0.0917431196078248
14.164386749267578,0.12121212121212122,14.787243160632773,0.0825688076812193
14.909238052368163,0.075,14.491498824653275,0.10091743153443031
