loss,acc,val_loss,val_acc
2.3001492614746093,0.16799999833106993,2.3259092569351196,0.140625
