loss,acc,val_loss,val_acc
2.687834699948629,0.1481481542189916,2.474463939666748,0.109375
2.2894661029179892,0.17283950621883074,2.217240333557129,0.1875
2.029481053352356,0.26543210198481876,2.118866205215454,0.15625
1.8232240478197734,0.4320987785855929,2.1079282760620117,0.1875
1.6004475553830464,0.4814814974864324,1.9516829252243042,0.359375
1.5772992968559265,0.5,1.946593701839447,0.28125
1.3040384848912556,0.5617283880710602,1.7444853782653809,0.421875
1.2464233040809631,0.5740740845600764,1.4966682195663452,0.5
