loss,acc,val_loss,val_acc
2.330597644304707,0.10218977911846482,2.4026885528069037,0.07792207840588186
2.174445082671451,0.17518247821687782,2.186050390268301,0.14285714382475073
