loss,acc,val_loss,val_acc
6.574010729789734,0.13125,2.126378999937565,0.3027522949450607
2.293748028350599,0.2727272727272727,1.8967001274091388,0.3302752300413377
