loss,acc,val_loss,val_acc
2.372232993443807,0.13605442146460214,2.273801326751709,0.21875
2.350952875765064,0.08860759587982033,2.296438217163086,0.09375
2.3178703784942627,0.1088435413936774,2.5168776512145996,0.0
2.2874256172011385,0.19469026660760946,2.349308967590332,0.09375
