loss,acc,val_loss,val_acc
2.4495594868293176,0.11888111987105617,2.4456412442233586,0.12844036731424682
2.3975832028822466,0.1538461530646244,2.474061189441506,0.14678899116745783
