loss,acc,val_loss,val_acc
2.517956878827966,0.1666666716337204,2.008017109586047,0.31168831710691575
1.8043694081513777,0.427536239442618,2.1304975856434214,0.2337662342500377
1.3750105526136316,0.5000000207320504,1.724733423877072,0.32467532661054044
0.9991304675738016,0.6875000298023224,1.337209371777324,0.5324675386602228
