loss,acc,val_loss,val_acc
2.4109701088496616,0.0807453425867217,2.321966282733075,0.06493506541886887
2.5573815137912064,0.0940170948767764,2.339922508636078,0.10389610486371177
2.2213007722582137,0.1614906835768904,2.276549816131592,0.12987013083773774
2.4626669863350372,0.09401709560909842,2.29438819823327,0.10389610486371177
