loss,acc,val_loss,val_acc
2.371567543516768,0.14893617457214822,2.321060911401526,0.1038961038961039
2.229721703427903,0.2198581649584973,2.1903107537851705,0.19480519751449685
2.1509736265454973,0.2789115756750107,2.186982043377765,0.14285714556644488
2.1547991925097527,0.24822695767308803,2.095188261626603,0.16883116931497277
