loss,acc,val_loss,val_acc
3.1030736901706324,0.15037594318277853,2.8084709644317627,0.078125
