loss,acc,val_loss,val_acc
2.3316116333007812,0.06818182021379471,2.3494794368743896,0.125
2.353929389090765,0.03968254051038197,2.316181214650472,0.15555555721124012
2.3303308486938477,0.0833333358168602,2.294037675857544,0.1111111127667957
2.3280034675154577,0.08527132002420204,2.32804799079895,0.109375
