loss,acc,val_loss,val_acc
2.4565053986502696,0.11888111945424047,2.4563827230296003,0.1559633034358331
