loss,acc,val_loss,val_acc
3.0081376144962926,0.08064516303279708,2.231660008430481,0.25
2.0830127885264735,0.20161291392099473,1.9514609575271606,0.265625
