loss,acc,val_loss,val_acc
2.323899745941162,0.09876543366246754,2.307082307448081,0.0825688076812193
2.2985424200693765,0.12345679228504498,2.2795672547926595,0.12844036731424682
