loss,acc,val_loss,val_acc
2.4006622243434825,0.09219858430801554,2.321959127079357,0.1038961038961039
2.393345569042449,0.07092198713662777,2.3150407803523074,0.09090909139289484
