loss,acc,val_loss,val_acc
2.38312188316794,0.1078431413454168,2.4077091217041016,0.15625
