loss,acc,val_loss,val_acc
13.739586003839154,0.13013698630136986,13.604263988109903,0.1559633034358331
13.689341349144504,0.1506849315068493,13.900008691560238,0.13761467924085233
