loss,acc,val_loss,val_acc
2.3541060984134674,0.0855263164266944,2.302315147644883,0.12844036731424682
2.223708889377651,0.2835820950011709,2.2372657727757725,0.13761467958262208
2.197709858417511,0.25000000186264515,2.2523796876271565,0.21111111210452185
2.1531159112702554,0.31343283726653054,2.224362051815068,0.19266055080048536
