loss,acc,val_loss,val_acc
2.44250226020813,0.10294118244200945,2.3597638607025146,0.09375
2.2825854105107926,0.15441177248516502,2.3239728212356567,0.109375
