loss,acc,val_loss,val_acc
12.578681370983386,0.11643835616438356,14.047881196398254,0.12844036731424682
