loss,acc,val_loss,val_acc
2.43287811639174,0.07547169909724649,2.35416579246521,0.125
2.3631139993667603,0.07142857275903225,2.3129968643188477,0.09375
