loss,acc,val_loss,val_acc
2.99642624045318,0.08490565925274256,3.18100905418396,0.0625
2.934178590774536,0.1160714365541935,2.440581798553467,0.125
2.523392249953072,0.16037735680364212,2.5200839042663574,0.09375
2.2065926497837283,0.2358490504183859,2.3021788597106934,0.03125
