loss,acc,val_loss,val_acc
2.3339364343476525,0.10679611672186157,2.3990349769592285,0.03125
2.348240185709833,0.09708738124486312,2.2444448471069336,0.125
