loss,acc,val_loss,val_acc
13.032361357179406,0.0958904109589041,14.639370655794757,0.0917431196078248
14.351728674483626,0.1095890410958904,14.935115831707595,0.07339449732675465
