loss,acc,val_loss,val_acc
2.275241812070211,0.20370371267199516,2.3276093006134033,0.09375
2.22575314839681,0.22839506218830744,2.2737903594970703,0.15625
