loss,acc,val_loss,val_acc
2.332733631134033,0.09345794545712872,2.3552794456481934,0.125
2.3390880076684684,0.10280374117265238,2.375486135482788,0.09375
2.3492645025253296,0.09090908989310265,2.309314727783203,0.1875
2.328813314437866,0.10000000149011612,2.371734142303467,0.125
