loss,acc,val_loss,val_acc
2.3858630091457043,0.11016949442988735,2.312697410583496,0.125
