loss,acc,val_loss,val_acc
2.303353407999852,0.11188811178390796,2.310930488306448,0.12844036710918497
2.2477527865163096,0.2027972000357988,2.287969595795378,0.11009174311926606
2.172844356590218,0.21678321454283242,2.2710236019558376,0.11111111235287455
2.0844787034121426,0.34265734442880935,2.2419824643966253,0.11926605518257946
1.9823051691055298,0.3486842103302479,2.2301834154566493,0.14678899150922758
1.9924179240540192,0.3636363657204421,2.241792011260986,0.11111111235287455
1.894296045069928,0.2797202795118719,2.1310417411524223,0.21100917499546612
1.754664211130854,0.4776119460810476,2.1310753997312775,0.22935779953221663
