loss,acc,val_loss,val_acc
12.777933773929126,0.10273972602739725,14.491498430934522,0.10091743153443031
14.682922467793503,0.08904109589041095,14.195753561247379,0.11926605572941107
