loss,acc,val_loss,val_acc
2.354494670341755,0.08965517323592613,2.3759298455824545,0.08256880733944955
2.3942194330281223,0.07586206927381713,2.399204451009768,0.11926605518257946
2.3577094012293323,0.08965517362130099,2.3547622733645968,0.10000000082784229
2.3372576532692744,0.131034483786287,2.3791098375932886,0.10091743153443031
2.3635011278349776,0.06896551883426205,2.3610558750432564,0.13761467958262208
2.3393944082588987,0.14482758723456285,2.386191063457065,0.10000000082784229
2.298731141620212,0.13071895680493778,2.3388999208397823,0.14678899096239598
2.354549259975039,0.11724138067200265,2.4179538018112883,0.11009174380280556
