loss,acc,val_loss,val_acc
2.3525566068188897,0.163793100365277,2.549630641937256,0.0625
