loss,acc,val_loss,val_acc
2.8626720110575357,0.11728395521640778,2.5822761058807373,0.09375
2.419658342997233,0.07407407586773236,2.362177848815918,0.15625
2.3314549922943115,0.06790123507380486,2.3554368019104004,0.125
2.3187742233276367,0.12345679601033528,2.346621036529541,0.09375
2.3232309818267822,0.11728395521640778,2.350782871246338,0.125
2.303548574447632,0.13580246766408285,2.3112776279449463,0.09375
2.3096839586893716,0.1419753059744835,2.300963878631592,0.09375
2.2881413300832114,0.1296296293536822,2.3101541996002197,0.15625
