loss,acc,val_loss,val_acc
2.4393660545349123,0.10625,2.429873824119568,0.109375
