loss,acc,val_loss,val_acc
3.3459710725923864,0.1626016335879884,2.2625927925109863,0.0625
