loss,acc,val_loss,val_acc
2.335244297981262,0.078125,2.271648406982422,0.125
