loss,acc,val_loss,val_acc
3.6052256652287076,0.12337662705353328,3.2822891767922933,0.09090909187669878
3.4661557863629056,0.1269841298224434,2.9054976933962338,0.11688311785072475
2.406477643762316,0.2714285786662783,2.3891284310972534,0.24675324946254878
1.8684983134269715,0.392857158609799,2.0762940196247843,0.28571428842358776
