loss,acc,val_loss,val_acc
12.790366368751004,0.0958904109589041,13.90000897153802,0.13761467924085233
13.799739262829089,0.14383561643835616,14.047881362635062,0.12844036888638768
