loss,acc,val_loss,val_acc
2.6215123834401153,0.1605839380165086,2.2467738343523695,0.27272727543657477
1.694905600408568,0.40875911408097204,2.2110332544747884,0.20779220875981566
