loss,acc,val_loss,val_acc
2.3819610313935713,0.09848485768518665,2.4335744380950928,0.078125
