loss,acc,val_loss,val_acc
3.150250042085167,0.10791366799272221,2.7207713343880395,0.10389610408962548
