loss,acc,val_loss,val_acc
13.018339549025445,0.08904109589041095,14.787242994395966,0.0825688076812193
