loss,acc,val_loss,val_acc
2.3366352368707526,0.14383561643835616,2.315311291895875,0.16513761502066884
2.253821219483467,0.17123287671232876,2.2802701783836437,0.24770642283859604
