loss,acc,val_loss,val_acc
4.965636870440314,0.1260504221715847,4.404319763183594,0.15625
