loss,acc,val_loss,val_acc
2.4347698891416507,0.1418439768888849,2.0090827879967628,0.32467533009392874
1.916568474566683,0.3262411524006661,1.82490725795944,0.415584421777106
1.5767101734242541,0.5177305220289433,1.843250180219675,0.35064935258456637
1.2771732125963484,0.6870748570987156,1.7904988511816247,0.36363636557157936
1.2877089791827732,0.6518518812126584,1.506398139061866,0.5584415615379036
1.0636894873210363,0.7210884690284729,1.2968592070913934,0.6363636394599815
0.9763272049579215,0.7872340970851005,1.3589322938547506,0.5844155890601022
0.8191501193858207,0.822695087879262,1.1505566223875268,0.701298713684082
