loss,acc,val_loss,val_acc
2.423385929053938,0.0915492971388387,2.333731648209807,0.10389610486371177
2.2278905049176285,0.20422535148304952,2.239799369465221,0.19480519528899873
