loss,acc,val_loss,val_acc
2.7267236444685192,0.11111111400855912,2.2916955160438466,0.11926605538764132
2.3449669679005942,0.16049382918410832,2.2172480701306543,0.20183486375240012
2.1930091910892062,0.2222222255335914,2.184957471462565,0.21100917622583723
2.0415208604600696,0.28395063016149735,2.0967189806316973,0.16513761502066884
