loss,acc,val_loss,val_acc
2.473930296350698,0.10655738291193227,2.5985140800476074,0.0625
2.581296923707743,0.11475409860493707,2.66147780418396,0.0625
