loss,acc,val_loss,val_acc
2.356748807680357,0.11188811183600993,2.2946850837917503,0.1651376153624386
