loss,acc,val_loss,val_acc
2.4359898921286707,0.12871286686104122,2.2464163303375244,0.125
2.3884499710385163,0.14851484587877103,2.471830129623413,0.125
