loss,acc,val_loss,val_acc
2.326596382187634,0.09756097747240125,2.3737220764160156,0.0625
