loss,acc,val_loss,val_acc
6.884108304977417,0.0703125,2.3145382404327393,0.09375
