loss,acc,val_loss,val_acc
12.951124256604338,0.1095890410958904,14.343625812355532,0.11009174503317666
15.00997610092163,0.06875,14.491498264697714,0.10091743153443031
