loss,acc,val_loss,val_acc
2.364029191887897,0.1217391293009986,2.4628231525421143,0.03125
