loss,acc,val_loss,val_acc
2.6016660588128224,0.08928571322134563,2.500211477279663,0.03125
