loss,acc,val_loss,val_acc
2.369588101660455,0.0839160825614329,2.350218066381752,0.11926605572941107
