loss,acc,val_loss,val_acc
12.526282127589395,0.10273972602739725,14.787243300621663,0.08256880802298905
14.351728778995879,0.1095890410958904,14.491498430934522,0.10091743153443031
