loss,acc,val_loss,val_acc
2.4787958946159416,0.1294964026900933,2.6181579131584662,0.11688311785072475
2.5397195490144138,0.1582733799281309,2.4506810702286757,0.09090909139289484
2.417809846589891,0.1079136692255521,2.473844147347785,0.09090909139289484
2.5263806070600237,0.1428571417927742,2.416129948256852,0.14285714305066444
