loss,acc,val_loss,val_acc
2.3370682976462622,0.06363636512647976,2.294778823852539,0.15625
2.2785374323527017,0.14743589982390404,2.295104503631592,0.125
