loss,acc,val_loss,val_acc
2.300204381550828,0.14383561643835616,2.240616682472579,0.1834862398991891
2.2469886525036538,0.18493150684931506,2.2836810558214102,0.10091743153443031
