loss,acc,val_loss,val_acc
2.322785128717837,0.15217391628286112,2.3532477539855163,0.09090909139289484
2.1604028940200806,0.22916667287548384,2.237843405116688,0.14285714382475073
