loss,acc,val_loss,val_acc
4.172448327523152,0.09923663883263828,4.029510974884033,0.109375
3.3631372797580164,0.0687022885975947,2.496244788169861,0.140625
2.2803327545864893,0.13740457605769615,2.312087059020996,0.140625
2.191652250289917,0.24516128301620482,2.2004785537719727,0.15625
