loss,acc,val_loss,val_acc
14.053825750742874,0.11643835616438356,13.900008805301212,0.13761467924085233
