loss,acc,val_loss,val_acc
2.710109460268089,0.12230215870219169,2.896649249188312,0.14285714305066444
2.8704935998367747,0.1366906469460014,2.528740235737392,0.18181818278578968
