loss,acc,val_loss,val_acc
2.4216793224729343,0.13103448460842002,2.412505294204852,0.08256880733944955
2.2447470911617935,0.20689655516682,2.263577456868023,0.15596330309406334
