loss,acc,val_loss,val_acc
3.4906790659977838,0.08461538461538462,3.955672025680542,0.109375
2.9794672452486477,0.13846153846153847,3.3926707903544107,0.06666666666666667
2.7231186389923097,0.1,2.4988574822743734,0.17777777943346235
2.726233568191528,0.13,2.976033926010132,0.09375
