loss,acc,val_loss,val_acc
2.4142957448959352,0.1000000024214387,2.387143135070801,0.125
2.309598481655121,0.10000000298023223,2.2889997959136963,0.1875
