loss,acc,val_loss,val_acc
2.3751662572224936,0.15432098880410194,2.5231499671936035,0.015625
2.2782471577326455,0.14197530845801035,2.47165191438463,0.06666666749450896
2.2341569662094116,0.16049382587273917,2.54956316947937,0.02222222305006451
2.2273623943328857,0.17283950373530388,2.5017799139022827,0.03125
