loss,acc,val_loss,val_acc
2.4328760026975442,0.09923663883263828,2.4271289110183716,0.15625
2.3132335739281342,0.09923663883263828,2.557545799679226,0.06666666749450896
