loss,acc,val_loss,val_acc
3.033841582526148,0.14159292325509332,2.9090166091918945,0.0625
2.6894001306685724,0.07964601816065543,2.3582589626312256,0.09375
