loss,acc,val_loss,val_acc
2.4317284682217766,0.08088235809084247,2.3555033206939697,0.140625
2.3722000262316536,0.11764706605497528,2.3984174728393555,0.09375
