loss,acc,val_loss,val_acc
2.492123156785965,0.11184210330247879,2.443169517254611,0.14678899150922758
2.2957749366760254,0.20149253686862206,2.396842755308939,0.21100917465369637
2.1569906148043545,0.300699296218532,2.272232018576728,0.20000000165568457
2.047140896320343,0.32894736900925636,2.24010668107129,0.15596330309406334
1.920547178432123,0.39552238405640444,2.3545303147867185,0.13761468026616158
1.967394009232521,0.3750000074505806,2.191759154531691,0.155555556797319
1.7187222950942034,0.4545454582967958,2.2190559085355988,0.256880734081662
1.6613695995131534,0.5000000011120269,2.1282887633787384,0.23853211036515892
