loss,acc,val_loss,val_acc
2.982106287502548,0.09708738124486312,3.335833787918091,0.09375
