loss,acc,val_loss,val_acc
6.998385638406832,0.08904109589041095,2.5774834352895755,0.1743119272890441
