loss,acc,val_loss,val_acc
2.6237210981986103,0.10294117816888235,2.4905660152435303,0.109375
