loss,acc,val_loss,val_acc
2.48023220208975,0.11111111480456132,2.1670854091644287,0.25
