loss,acc,val_loss,val_acc
2.4569549560546875,0.10389610699244908,2.2923433873560524,0.14285714382475073
