loss,acc,val_loss,val_acc
2.6526121340299906,0.12030075434455298,2.2707278728485107,0.140625
2.2153329849243164,0.1931034505367279,2.2621766090393067,0.15555555721124012
2.0784330529377875,0.30827067008143977,2.2074621518452964,0.2222222301695082
1.8569356911164476,0.4360902264602202,2.0904041528701782,0.265625
