loss,acc,val_loss,val_acc
2.6420146667794007,0.14383561643835616,2.3996884013534685,0.10091743153443031
2.1832808664400285,0.2328767123287671,2.244088509760865,0.20183486306886061
