loss,acc,val_loss,val_acc
2.360186409727435,0.074766356672082,2.4300763607025146,0.03125
