loss,acc,val_loss,val_acc
3.041085575447708,0.10655738046911896,2.4875130653381348,0.15625
2.3705151042000194,0.18852459602668636,2.510643243789673,0.1875
