loss,acc,val_loss,val_acc
3.9404833581712513,0.08641975497206052,2.3007865695778382,0.11926605572941107
2.3015921910603843,0.12962963225113022,2.3000138571502964,0.15596330309406334
