loss,acc,val_loss,val_acc
2.316356679371425,0.0928571451987539,2.3021621208686334,0.12987013180534562
