loss,acc,val_loss,val_acc
3.407376899275669,0.1627907094567321,2.3697468042373657,0.0625
2.242880943209626,0.24031008537425552,2.3465194702148438,0.15625
