loss,acc,val_loss,val_acc
2.861891542162214,0.08695652282663754,2.413543546354616,0.16883116979877671
2.5387556295600726,0.15107913395698122,2.3609083906396644,0.1688311690246904
