loss,acc,val_loss,val_acc
2.251645633152553,0.19727891949670656,2.292031179774891,0.11688311736692082
2.0916860077116226,0.2962963144812319,2.004718780517578,0.31168831788100204
1.8438804301809757,0.39716314223218474,1.9555769616907293,0.29870130141060075
1.6602610907656081,0.4964539237478946,1.8275007303659019,0.33766233959755343
