loss,acc,val_loss,val_acc
4.251853252624298,0.09790209665165081,2.900845033313156,0.13761467958262208
2.5511834237959,0.14685314601951546,2.33861309891447,0.15596330309406334
