loss,acc,val_loss,val_acc
2.690992307662964,0.1357142895460129,2.166667535707548,0.12987013083773774
2.2471087830407277,0.17857143602200917,2.3298781413536567,0.12987013083773774
1.994582906791142,0.23571428954601287,2.012272607196461,0.2467532529459371
1.9453659772872924,0.32857144049235754,2.0163554030579407,0.24675324946254878
1.732607296534947,0.38961040335042135,1.9053314506233512,0.3376623403716397
1.4569894245692663,0.45238095947674345,1.8342000617609395,0.2597402624495618
1.3864045483725411,0.5324675483363015,1.4290212315398376,0.5454545500990632
1.2655655026435852,0.6285714413438525,1.3661640650266176,0.5194805248991236
