loss,acc,val_loss,val_acc
2.334342655642279,0.0827586218714714,2.289897205632761,0.09174311926605505
2.256952631062475,0.17241379551846406,2.2734806559501437,0.13761467958262208
