loss,acc,val_loss,val_acc
2.393825736912814,0.14393940805034203,2.373505473136902,0.125
