loss,acc,val_loss,val_acc
2.602199989615135,0.14563106665912184,2.468423366546631,0.03125
2.386537292628612,0.21359223214167994,2.1743111610412598,0.125
2.2913488149642944,0.22033897787332535,2.434748649597168,0.07692307978868484
1.9786708354949951,0.3813559263944626,2.278167724609375,0.21875
1.9456638097763062,0.39772726595401764,2.1353697776794434,0.1875
1.6634804010391235,0.4830508530139923,1.9716883897781372,0.4615384638309479
1.6557078222626622,0.5533980796638044,2.2481906414031982,0.1875
1.4573431015014648,0.6101695001125336,2.1110925674438477,0.25
