loss,acc,val_loss,val_acc
2.299676224589348,0.17968750523868948,2.2160804271698,0.125
