loss,acc,val_loss,val_acc
6.554591554484955,0.0821917808219178,2.942847295638618,0.14678899096239598
