loss,acc,val_loss,val_acc
2.6875810211510966,0.09352518036532745,2.464940055624231,0.10389610437990783
