loss,acc,val_loss,val_acc
2.6214422053239477,0.1653543339352908,2.2977365255355835,0.140625
