loss,acc,val_loss,val_acc
3.061409870783488,0.08024691417813301,3.1157066822052,0.1875
3.277358373006185,0.10493827238678932,2.66495943069458,0.09375
