loss,acc,val_loss,val_acc
2.3975481431778163,0.13013698630136986,2.4191494972333993,0.0825688076812193
2.2900578387796062,0.15753424657534246,2.3298849162705446,0.10091743187620006
