loss,acc,val_loss,val_acc
2.6224702994028726,0.12962963225113022,2.3650640325808743,0.1559633041193726
2.288010014428033,0.20370370770494142,2.329517817278521,0.13761467958262208
2.2075137297312417,0.16049383125371403,2.1892077101601495,0.18888888988229963
2.0602093007829456,0.32716050412919784,2.1058478092928543,0.26605504723863865
1.926768594317966,0.388888892200258,2.4133889215801836,0.1651376153624386
1.9212033086352878,0.3395061782664723,1.9171617600652906,0.4111111137602064
1.698477612601386,0.45679012768798405,2.3477702293920952,0.23853211145882214
1.7208281093173556,0.4259259377916654,2.335899433958421,0.18348623887387985
