loss,acc,val_loss,val_acc
2.3062742948532104,0.12837837263941765,2.2595157623291016,0.203125
2.260270350119647,0.20588235630124224,2.2197924084133573,0.15555555638339785
