loss,acc,val_loss,val_acc
2.3390780771282356,0.11267605801703225,2.349473086270419,0.051948052431855886
2.3107835608468927,0.09859155024021445,2.332594970604042,0.09090909110261249
