loss,acc,val_loss,val_acc
3.5583016872406006,0.11363637193360111,2.935368061065674,0.109375
2.6059297539971094,0.12878788939931177,2.2535083293914795,0.140625
2.2740706530484287,0.13636364686218175,2.3041913509368896,0.09375
2.2317729949951173,0.10000000596046447,2.2090773582458496,0.265625
2.1665326043179163,0.2280701861569756,2.0296523571014404,0.34375
2.024219298362732,0.2933333605527878,1.9694334268569946,0.328125
2.134665911847895,0.22727274183522572,2.414359450340271,0.25
1.9451226949691773,0.33333335518836976,2.004274547100067,0.25
