loss,acc,val_loss,val_acc
2.4747992248858437,0.11864407133247892,2.438335418701172,0.03125
2.438311497370402,0.05303030461072922,2.365297317504883,0.09375
2.425019328410809,0.08653846454734986,2.283735990524292,0.1538461595773697
2.4302805264790854,0.06818182021379471,2.3899645805358887,0.1875
