loss,acc,val_loss,val_acc
12.980165403183193,0.10273972602739725,14.491498430934522,0.10091743153443031
13.910137124257545,0.136986301369863,13.9000092515158,0.13761467924085233
