loss,acc,val_loss,val_acc
12.980437631476414,0.0958904109589041,14.491498544675494,0.10091743153443031
14.572524501852794,0.0958904109589041,14.935115805459679,0.07339449609638354
