loss,acc,val_loss,val_acc
2.8170284271240233,0.08387096524238587,2.5025718212127686,0.09375
