loss,acc,val_loss,val_acc
2.6793460845947266,0.15432099252939224,2.169914416216929,0.11009174380280556
1.9069947136773004,0.3395061906841066,2.081283455594964,0.26605504655509915
