loss,acc,val_loss,val_acc
2.6601718266805015,0.1159420299033324,2.432464122772217,0.1875
2.365723041777915,0.11702127865654358,2.2977161407470703,0.25
