loss,acc,val_loss,val_acc
2.4797003919428047,0.14141414788636295,2.560025215148926,0.15625
2.5185898542404175,0.111111119389534,2.4780237674713135,0.09375
