loss,acc,val_loss,val_acc
2.339992046356201,0.1296296330789725,2.348948836326599,0.09375
2.3542755842208862,0.1111111119389534,2.3732056617736816,0.109375
