loss,acc,val_loss,val_acc
2.4278730847942294,0.05970149431655656,2.467192530632019,0.078125
