loss,acc,val_loss,val_acc
5.307904083751938,0.07766990334663576,3.305690288543701,0.09375
6.061567544937134,0.19491524621844292,2.4718899726867676,0.125
3.9379112836226677,0.21359224197933974,2.846942901611328,0.09375
2.9468693131382024,0.1941747587282681,2.7391586303710938,0.03125
2.970270872116089,0.2118644118309021,2.5268239974975586,0.03125
2.4882859905946604,0.3009708781265518,2.523230791091919,0.0625
2.2263861894607544,0.2288135662674904,2.358699321746826,0.09375
1.8306101410134326,0.3689320417283808,2.3132829666137695,0.125
