loss,acc,val_loss,val_acc
2.353496685419997,0.11643835616438356,2.3712019351644256,0.10091743310657117
