loss,acc,val_loss,val_acc
12.62817826989579,0.13013698630136986,13.604264408076576,0.1559633046662042
13.689341244632251,0.1506849315068493,13.75213663293681,0.1467889927395987
