loss,acc,val_loss,val_acc
2.3491091132164,0.14705882826820016,2.2138198614120483,0.171875
1.9307657678922017,0.3750000106791655,2.0999072790145874,0.171875
