loss,acc,val_loss,val_acc
2.3768679997016644,0.11034482887078975,2.4014067168629496,0.11926605504587157
