loss,acc,val_loss,val_acc
6.80760968221377,0.08904109589041095,2.2021229857698494,0.3394495419679432
2.2120658632827133,0.1780821917808219,2.0044266368271013,0.2752293581399349
