loss,acc,val_loss,val_acc
5.036703038036375,0.12781954741567597,2.6723008155822754,0.171875
2.363981914520264,0.2344827577471733,2.1059670448303223,0.34375
