loss,acc,val_loss,val_acc
2.7406509808131627,0.13571428741727556,2.442558883072494,0.1428571433409468
2.3267596449170793,0.1818181872367859,2.3066292025826196,0.19480519528899873
2.154923861367362,0.2571428622518267,2.009397844215492,0.29870130141060075
1.8562868237495422,0.3000000061733382,1.8597713662432385,0.35064935181048007
