loss,acc,val_loss,val_acc
13.3711307212098,0.07534246575342465,14.787242854407074,0.08256880733944955
14.682922467793503,0.08904109589041095,14.491498824653275,0.10091743153443031
