loss,acc,val_loss,val_acc
2.8170483112335205,0.07142857149509448,2.670433521270752,0.125
