loss,acc,val_loss,val_acc
2.3046617141136756,0.1,2.3061599731445312,0.0625
