loss,acc,val_loss,val_acc
4.86885507716689,0.08527132054400999,3.372842311859131,0.140625
3.0474691169206487,0.13178295001041057,2.272581696510315,0.265625
