loss,acc,val_loss,val_acc
3.1181279934235735,0.1313868570175484,2.3251587508560774,0.2597402616754755
1.9261346167891564,0.34306568831857975,2.190377579106913,0.2597402609013892
1.4502033591270447,0.6533333162466685,2.033985952278236,0.28571428619808964
1.1815126879561333,0.6693548319801208,2.1412068713795054,0.2987012996689066
0.9257314304510752,0.7399999698003134,2.4372274163481475,0.24675324946254878
0.8403860182657729,0.7080291727163496,1.949867025598303,0.31168831362352745
0.755407886783572,0.7591240519154681,1.2961744193906908,0.5974026097879781
0.6432958649892877,0.7883211526557476,1.3861364482285141,0.5324675344027482
