loss,acc,val_loss,val_acc
2.3332789838314056,0.0986842093989253,2.2840592795555743,0.10091743153443031
2.1744493957775743,0.2313432846941165,2.211023851272163,0.21100917622583723
2.0538829748447123,0.4615384709168147,2.195431278386247,0.25688073462849365
1.9502455741167068,0.36842105910182,2.0596704636145073,0.3027522949450607
