loss,acc,val_loss,val_acc
12.016251289681213,0.10273972602739725,14.047881030161447,0.12844036731424682
14.204071521759033,0.11875,14.047880890172555,0.12844036697247707
13.689341453656759,0.1506849315068493,14.195753534999463,0.11926605538764132
13.309639381639885,0.17424242424242425,13.60426435558074,0.15596330309406334
13.689341192376125,0.1506849315068493,14.047881030161447,0.12844036731424682
14.3048095703125,0.1125,13.75213663293681,0.1467889927395987
14.286493474786932,0.11363636363636363,13.752136720429867,0.14678899082568808
14.002595233917237,0.13125,13.90000897153802,0.13761467924085233
