loss,acc,val_loss,val_acc
2.345271269480387,0.08730158830682437,2.3409228324890137,0.125
