loss,acc,val_loss,val_acc
2.2827786529151193,0.15328466712775893,2.2920890009248414,0.16883116979877671
2.214947978655497,0.21333332608143488,2.2291026425052,0.14285714382475073
