loss,acc,val_loss,val_acc
2.2816421788437924,0.11278195701595536,2.3011854887008667,0.0625
