loss,acc,val_loss,val_acc
2.251041802493009,0.16666668179360303,2.2530643939971924,0.140625
2.1085358262062073,0.2424242611635815,2.1843087673187256,0.203125
1.9659231185913086,0.33333334922790525,2.0527564883232117,0.359375
1.8919098941903365,0.39473687033904226,2.003246545791626,0.234375
