loss,acc,val_loss,val_acc
2.5073335890500053,0.05660377414721363,2.3552958965301514,0.09375
