loss,acc,val_loss,val_acc
2.4072548590208354,0.1842105306292835,2.2493927478790283,0.25
2.4414241690384713,0.1315789481526927,2.413933753967285,0.21875
2.1538809140523276,0.2430555671453476,2.266026020050049,0.09375
2.167387799212807,0.2543859732778449,2.0770297050476074,0.3125
1.9530982092807168,0.36842106517992523,2.0827651023864746,0.25
1.9482723411760832,0.3421052662949813,1.90932297706604,0.4375
1.7824500297245227,0.42105264412729365,1.8948172330856323,0.3125
1.7026492357254028,0.4930555621782939,2.0293526649475098,0.34375
