loss,acc,val_loss,val_acc
2.310446575805024,0.11888111882901692,2.2988504313547677,0.1467889921927671
2.265964239835739,0.18421052955091,2.270197271207057,0.22935779850690738
