loss,acc,val_loss,val_acc
3.814529327245859,0.12820513030657402,2.8038623332977295,0.15625
2.857131242752075,0.06837607060487454,2.7416324615478516,0.125
2.8467088540395102,0.08148148531715076,2.6748411655426025,0.1538461595773697
2.5293245132152853,0.1452991498204378,2.484671115875244,0.1875
