loss,acc,val_loss,val_acc
2.340581734975179,0.1159420261780421,2.382852792739868,0.15625
