loss,acc,val_loss,val_acc
3.5471709474817024,0.09790209769369006,2.3406249186314576,0.13761467903579047
