loss,acc,val_loss,val_acc
2.3237395474291223,0.13385827141249274,2.3236277103424072,0.125
2.2468641348711147,0.15748032135522272,2.297349691390991,0.125
2.235293984413147,0.157142860814929,2.3897740840911865,0.15625
2.198137042815225,0.2368421089230922,2.298426866531372,0.109375
