loss,acc,val_loss,val_acc
2.3328703615002166,0.12781954758373418,2.3808507919311523,0.171875
