loss,acc,val_loss,val_acc
2.3697498639424643,0.07999999572833379,2.4183340072631836,0.125
