loss,acc,val_loss,val_acc
2.449779251496569,0.10071942325440242,2.329460029478197,0.11688311707663845
2.3603477272198354,0.15107913580622603,2.27148318600345,0.10389610486371177
