loss,acc,val_loss,val_acc
13.540188880815897,0.0547945205479452,14.787243186880689,0.08256880870652855
15.12451391350733,0.06164383561643835,14.787243160632773,0.0825688076812193
14.506285858154296,0.1,14.63937104951351,0.0917431196078248
14.042279792554451,0.12878787878787878,14.195753307517515,0.11926605695978217
