loss,acc,val_loss,val_acc
2.6438187758127847,0.08641975414421824,2.4751319972746963,0.14678899150922758
2.4190246529049344,0.09259259493814574,2.339776824373718,0.14678899116745783
