loss,acc,val_loss,val_acc
2.5283664898438887,0.0984848558225415,2.308073878288269,0.171875
