loss,acc,val_loss,val_acc
2.3491664976969253,0.08759123891809562,2.2581555595645657,0.19480519577280267
2.246715063596294,0.16788320944909632,2.2442627758174747,0.16883116931497277
2.2399863402048745,0.14666666463017464,2.2460729301749884,0.2207792227144365
2.195510102014472,0.18248175182481752,2.2268787266372088,0.23376623473384164
