loss,acc,val_loss,val_acc
2.355431000391642,0.11999999607602756,2.3346409921522264,0.10389610437990783
