loss,acc,val_loss,val_acc
2.530131785538945,0.13138685837714342,2.336320994736312,0.1428571447923586
2.2450392698719552,0.1751824824044304,2.219949384788414,0.15584415681176372
2.1987687746683755,0.20666666577259699,2.1655958782542837,0.2207792227144365
2.217788661679914,0.19354838439293445,2.165980531023694,0.16883116931497277
2.059929529825846,0.30000000074505806,2.268329093982647,0.12987013006365145
1.9602758701700365,0.306569351332031,2.1516775465630866,0.2207792212630247
1.848613872145214,0.3795620437956204,1.9763857946767436,0.35064935084287224
1.7127474102660687,0.45255474256773065,2.071921698458783,0.24675324772085463
