loss,acc,val_loss,val_acc
2.1824172361573178,0.26865673065185547,2.3776237964630127,0.09375
1.370409049204926,0.6194030082047876,2.4572160243988037,0.109375
