loss,acc,val_loss,val_acc
3.1011230433282773,0.09090908918498962,2.6176934242248535,0.0625
2.533305621344196,0.15702479086385285,2.269172430038452,0.1875
2.323700030644735,0.1626016249259313,2.341155767440796,0.07692307978868484
2.1713393700024315,0.19834711076306902,2.2806472778320312,0.1875
2.2351639980127005,0.16528925336589498,2.570810079574585,0.125
2.5330514907836914,0.12195122241973877,2.234208106994629,0.07692307978868484
2.180970300327648,0.18181818107928127,2.1737709045410156,0.25
2.077695627843053,0.2892562001943588,2.256500720977783,0.125
