loss,acc,val_loss,val_acc
2.514594785098372,0.07586206924812547,2.308724252455825,0.1651376153624386
2.3331141307436187,0.08965517321023447,2.318243195157532,0.15596330309406334
2.3039066281811946,0.16551724292080977,2.246362042427063,0.1888888892200258
2.320051406991893,0.11034483020675594,2.2659667806887844,0.11926605572941107
