loss,acc,val_loss,val_acc
2.314725716908773,0.11728395397464435,2.3352044820785522,0.078125
