loss,acc,val_loss,val_acc
2.4718388966151648,0.06428571577583041,2.2701812502625702,0.14285714382475073
