loss,acc,val_loss,val_acc
2.4305221100787184,0.13286713099146222,2.2327607049854525,0.28440367163868124
2.2355763878855672,0.17482517617982585,2.168714761734009,0.10091743153443031
1.9270282238721848,0.2960526291280985,2.127452957520791,0.25688073585886473
1.90642549386665,0.3731343292478305,1.8982352335518653,0.3119266068716662
