loss,acc,val_loss,val_acc
3.440949940099949,0.11382114087663046,3.386091709136963,0.09375
2.8017911155049395,0.12195122196543508,2.576676368713379,0.0625
2.304018974304199,0.23076923936605453,2.6631951332092285,0.1538461595773697
2.161075167539643,0.3495935128956306,2.4820594787597656,0.125
2.083554954063602,0.30894309609401516,2.588761806488037,0.09375
1.9359641743869316,0.252032524928814,2.483649730682373,0.07692307978868484
1.788522580774819,0.39837400324460936,1.9706904888153076,0.25
1.5726182162761688,0.5000000149011612,2.2947757244110107,0.15625
