loss,acc,val_loss,val_acc
13.51278346205411,0.136986301369863,14.639370655794757,0.0917431196078248
14.02053482891762,0.13013698630136986,13.90000897153802,0.13761467924085233
13.689341403033636,0.1506849315068493,13.900008945290102,0.13761467889908258
13.689341505912886,0.1506849315068493,13.900008945290102,0.13761467889908258
