loss,acc,val_loss,val_acc
13.105483277203286,0.0958904109589041,15.082988030319914,0.06422018416977804
