loss,acc,val_loss,val_acc
2.658525827083182,0.056737590184871185,2.330732453953136,0.1428571433409468
2.298936060496739,0.10204081875937325,2.2267776681231215,0.20779220972742354
2.161362090009324,0.18439716568335573,2.273028398489023,0.07792207792207792
2.095498008930937,0.2056737647570194,2.087654671111664,0.32467532661054044
1.960484134389999,0.3475177440237492,2.2853982417614427,0.10389610437990783
1.912847767484949,0.3758865344397565,2.1257410049438477,0.2727272746624885
1.7045081118319898,0.4468085249053671,1.9097705212506382,0.36363636557157936
1.8097463592569878,0.32624114574270047,2.0657495353129005,0.15584415632795978
