loss,acc,val_loss,val_acc
2.398909358654992,0.15254237483871186,2.304445743560791,0.125
2.2352403004964194,0.12121212482452393,2.319822311401367,0.09375
2.0920672578326727,0.288135597766456,2.480156660079956,0.09375
2.026706618777776,0.2796610260413865,2.2293701171875,0.15625
1.8964743216832478,0.3863636354605357,2.0888147354125977,0.1875
1.6434623048855708,0.5865384890482976,2.3993563652038574,0.03125
1.6062342723210652,0.5303030212720236,1.9301116466522217,0.25
1.6359940827903101,0.5084745803121793,2.2480883598327637,0.25
