loss,acc,val_loss,val_acc
2.5923832874853634,0.08737864309144251,2.5226643085479736,0.28125
2.4229565858840942,0.22033898532390594,2.5695924758911133,0.03125
