loss,acc,val_loss,val_acc
3.2743143240610757,0.1349206417798996,2.3590967655181885,0.09375
3.131691908836365,0.2083333410322666,2.600295066833496,0.1875
1.9847152107640316,0.4298245797031804,2.230240821838379,0.21875
1.7474900881449382,0.4126984179019928,2.149965763092041,0.15625
1.3291894257068635,0.5916666865348816,2.171077251434326,0.25
1.273053628206253,0.558333370089531,1.8476306200027466,0.375
0.7640151381492615,0.841269870599111,2.218858003616333,0.40625
0.8858921647071838,0.6833333641290664,1.8431599140167236,0.375
