loss,acc,val_loss,val_acc
2.4351735032837967,0.12931033994617133,2.3017148971557617,0.1875
2.346180591089972,0.16379310319135928,2.337830066680908,0.03125
2.1713247340300987,0.22413793129139933,2.0323309898376465,0.23076923191547394
2.0074769655863443,0.3913043439388275,2.1321256160736084,0.21875
1.9165255228678386,0.41304346919059753,2.2409110069274902,0.15625
1.8900008150871763,0.36170213019594233,1.9023594856262207,0.38461539149284363
1.7286426623662312,0.5072463750839233,1.9799888134002686,0.25
1.6711070681440419,0.525862075131515,2.162924289703369,0.21875
