loss,acc,val_loss,val_acc
13.601950553998556,0.06164383561643835,14.343625672366642,0.11009174380280556
14.90371829516267,0.07534246575342465,14.491498404686604,0.10091743119266056
