loss,acc,val_loss,val_acc
2.334827923774719,0.09375,2.342141184238119,0.11009174346103581
2.322145108020667,0.08333333333333333,2.3282354053007355,0.08256880802298905
