loss,acc,val_loss,val_acc
2.6250165038638644,0.07407407503989008,2.4381679263683633,0.09174311926605505
2.3607859876420765,0.1358024718032943,2.303313712461279,0.13761467924085233
2.3067662715911865,0.1358024718032943,2.3088880438323414,0.0917431196078248
2.2949136892954507,0.12345679228504498,2.3094068579717515,0.11009174346103581
2.3028671741485596,0.12962963100936678,2.2743953827324264,0.13761467924085233
2.2725122504764133,0.135802470975452,2.2418827704333384,0.22935779850690738
2.213491121927897,0.2962963001595603,2.210487772565369,0.17431192694727435
2.1704059971703424,0.24074074543184704,2.261047389529167,0.12844036888638768
