loss,acc,val_loss,val_acc
2.358842414272718,0.08264462837626126,2.2208125591278076,0.125
