loss,acc,val_loss,val_acc
8.502453838906638,0.04878048962209283,11.373865127563477,0.0625
