loss,acc,val_loss,val_acc
9.282001051184249,0.08904109589041095,2.226723688458084,0.2018348623853211
2.2205873940088976,0.22602739726027396,2.334532656800856,0.13761467958262208
2.019625771535586,0.2876712328767123,2.381028308780915,0.1559633034358331
1.6801363605342499,0.4520547945205479,1.4361673691950807,0.449541288231491
