loss,acc,val_loss,val_acc
2.4723512584512886,0.04545454782518474,2.3880183696746826,0.109375
2.391943359375,0.09333333596587182,2.423090844684177,0.15555555721124012
2.3527684713664807,0.12280702041952234,2.364192485809326,0.06666666832235124
2.335029935836792,0.14000000357627868,2.3912596702575684,0.109375
