loss,acc,val_loss,val_acc
2.708450984954834,0.05625,2.335335373878479,0.15625
