loss,acc,val_loss,val_acc
2.3669360357386466,0.11450381395016007,2.3368096351623535,0.0625
2.3467538593379595,0.12977098906768186,2.3278080224990845,0.078125
