loss,acc,val_loss,val_acc
3.290712489022149,0.12345679228504498,2.388421760786564,0.11926605538764132
2.270466592576769,0.18518518987629148,2.189013236159578,0.14678899096239598
