loss,acc,val_loss,val_acc
3.0566280574249705,0.0863309362434226,2.4687300688260563,0.1428571447923586
2.78135587843202,0.08633093377776282,2.5723441390248087,0.1428571447923586
2.478087776856457,0.12949640344051147,2.419097634104939,0.1428571433409468
2.4267456462914994,0.2086330906307097,2.3988295530343984,0.14285714382475073
