loss,acc,val_loss,val_acc
11.950543403625488,0.0875000013038516,11.411816658911768,0.14285714556644488
12.723974504778463,0.1774193574824641,9.256759049056413,0.1428571433409468
