loss,acc,val_loss,val_acc
2.4851043462753295,0.15625,2.3205679840997817,0.10091743187620006
2.33655892718922,0.19696969696969696,2.115009909376092,0.20183486272709086
2.1064102470058286,0.2945205479452055,2.017732119341509,0.24770642338542764
2.05956848859787,0.25,1.9387702132583757,0.29357798356528675
1.8478323040586528,0.3712121212121212,1.9876327350598957,0.330275233732451
1.688578200340271,0.375,1.7803560112594465,0.26605505024621245
1.8061744552670103,0.3787878787878788,1.9682557692221545,0.22935779850690738
1.6939712047576905,0.43125,1.853743626437056,0.3394495431983143
