loss,acc,val_loss,val_acc
2.526229481597047,0.1258741258741259,2.264903436013318,0.1743119272890441
2.0895774964686042,0.30769231300670785,2.1331695372905206,0.26605504655509915
1.8988895416259766,0.375,2.0070411273098867,0.22935779884867713
1.770787838679641,0.44776120626214727,1.8983339782154889,0.3027522979526345
