loss,acc,val_loss,val_acc
2.3311674329969616,0.10493827362855275,2.332524927384263,0.08256880747615744
