loss,acc,val_loss,val_acc
13.227281596562634,0.06164383561643835,14.639370402064893,0.09174311994959455
