loss,acc,val_loss,val_acc
2.3891104762837037,0.09322034554966425,2.3674025535583496,0.125
2.3014979362487793,0.13559322741072058,2.3978118896484375,0.09375
