loss,acc,val_loss,val_acc
2.3970980837538436,0.13513513976657712,2.181607246398926,0.25
