loss,acc,val_loss,val_acc
9.032243473889077,0.1643835616438356,2.222852735344423,0.18348624044602072
2.2103003541084183,0.2054794520547945,2.28915525138925,0.13761467924085233
