loss,acc,val_loss,val_acc
14.171875176364429,0.1095890410958904,14.787243694340416,0.08256880733944955
14.80850009918213,0.08125,14.343625812355532,0.11009174503317666
13.920173184438186,0.13636363636363635,14.491498010967849,0.10091743187620006
14.405547618865967,0.10625,14.78724332686958,0.08256880925336016
