loss,acc,val_loss,val_acc
2.336107474359973,0.1517241406800418,2.285623721026499,0.1651376153624386
2.113931685480578,0.2413793143013428,2.1129866652532456,0.23853211077528264
1.95544740331584,0.310344831851022,2.1648353917883076,0.1834862392156496
1.8668272495269775,0.28104575930370224,2.064046626790948,0.24770642338542764
