loss,acc,val_loss,val_acc
2.470934979565494,0.1678321688221051,2.6949532185125786,0.0825688076812193
