loss,acc,val_loss,val_acc
2.4094141840934755,0.12500000223517418,2.6190857887268066,0.03125
2.471266428629557,0.13492063929637274,2.6886966228485107,0.0625
2.4263257503509523,0.041666667256504294,2.338261842727661,0.09375
2.3416651487350464,0.10833333525806665,2.3556339740753174,0.09375
