loss,acc,val_loss,val_acc
2.3841959433769113,0.12686567864756085,2.2218401432037354,0.171875
2.1417710674342825,0.24626866272136347,2.177220940589905,0.171875
