loss,acc,val_loss,val_acc
5.0919578075408936,0.12142857483455113,2.9659055146304043,0.1298701303539338
2.9368257216044835,0.1428571445601327,2.228836239158333,0.12987013083773774
