loss,acc,val_loss,val_acc
10.226997924177613,0.07534246575342465,2.3944974164350317,0.1651376153624386
