loss,acc,val_loss,val_acc
2.3160573215019413,0.09756097924418566,2.2716164588928223,0.09375
2.185518443584442,0.28846154920756817,2.2281248569488525,0.09375
