loss,acc,val_loss,val_acc
2.3524482250213623,0.0940171004487918,2.2857067584991455,0.09375
