loss,acc,val_loss,val_acc
2.3421314354600575,0.08965517274778464,2.2857877070750665,0.1559633034358331
2.252489354875353,0.13071895639101663,2.2606798180746375,0.21100917499546612
2.1572699333059377,0.25517241913696814,2.2176059166590374,0.16666666865348817
2.1518947312431616,0.240875916242817,2.1928024773204,0.23853211022845103
2.0994396086396843,0.31034483272453833,2.197798361472034,0.25688073531203315
1.9887025783801902,0.3724138007081788,2.169636098543803,0.23333333449231253
1.969056986118185,0.3655172477508413,2.1894247510017606,0.13761467903579047
1.9593274858262804,0.37254902430706555,2.0888471975239047,0.1743119272890441
