loss,acc,val_loss,val_acc
2.480737862521655,0.07534246575342465,2.3408092052564706,0.10091743119266056
2.283493786641996,0.0958904109589041,2.295365714151925,0.11926605538764132
