loss,acc,val_loss,val_acc
6.245958852767944,0.10000000894069672,9.788352489471436,0.078125
10.67178665964227,0.09649123565146797,9.374226570129395,0.109375
8.132234573364258,0.0833333373408426,7.479457855224609,0.09375
7.315221266313032,0.09848485599187287,8.592024326324463,0.078125
