loss,acc,val_loss,val_acc
2.7444437943972075,0.11538461538461539,2.548380732536316,0.125
2.57548303604126,0.125,2.3518024020724826,0.1111111119389534
