loss,acc,val_loss,val_acc
2.448220384402538,0.07874015811097435,2.4255659580230713,0.09375
2.3185470686184138,0.12598425510713435,2.2785547971725464,0.140625
