loss,acc,val_loss,val_acc
2.3463639144239754,0.16379310010836043,2.2073638439178467,0.25
2.2459775086106926,0.2327586186343226,2.3554439544677734,0.1875
