loss,acc,val_loss,val_acc
2.3552112326157832,0.10619468954020897,2.372342824935913,0.125
