loss,acc,val_loss,val_acc
2.6872208723381386,0.15671642458260948,2.2963091135025024,0.140625
2.199787734159783,0.18656716973923926,2.139802575111389,0.203125
1.8671959400177003,0.45714287757873534,1.9664455652236938,0.3125
1.740889867739891,0.4552239055064187,1.8771798014640808,0.4375
1.5252109430730343,0.5859375270083547,1.788932204246521,0.40625
1.4922430276870728,0.4785714507102966,1.5981773138046265,0.5
1.4050550763286762,0.5895522832870483,1.7373842597007751,0.359375
1.0929216698034485,0.6791045069694519,1.4584887027740479,0.59375
