loss,acc,val_loss,val_acc
12.227996930684128,0.11643835616438356,13.012774082498813,0.1926605511422551
14.130932847114458,0.1232876712328767,13.604264268087684,0.1559633034358331
13.137351832977712,0.18493150684931506,14.195753954966134,0.11926605504587157
14.506285476684571,0.1,14.195753561247379,0.11926605572941107
