loss,acc,val_loss,val_acc
2.4357296325064994,0.1261261369328241,2.432332992553711,0.09375
2.411664427937688,0.13513514822399295,2.3394174575805664,0.09375
