loss,acc,val_loss,val_acc
4.1466332571847095,0.11428571705307279,9.71432876586914,0.0625
8.563461303710938,0.12280701845884323,5.015894889831543,0.15625
