loss,acc,val_loss,val_acc
6.936259667078654,0.09615384787321091,4.292469024658203,0.125
