loss,acc,val_loss,val_acc
2.28726559625545,0.15492957819935302,2.3046181697350043,0.14285714556644488
