loss,acc,val_loss,val_acc
2.47590970993042,0.075757581401955,2.430072784423828,0.140625
2.2511713071302935,0.151515164158561,2.252433180809021,0.171875
