loss,acc,val_loss,val_acc
2.307123419216701,0.09285714562450137,2.2737355541873288,0.16883116931497277
2.0646973609924317,0.2928571513720921,2.154649883121639,0.2467532486884625
1.7665062631879533,0.5324675398213523,2.0380601108848273,0.31168831284944115
1.479497970853533,0.6571428826877049,2.017243750683673,0.2727272746624885
1.3976377946989877,0.6285714553935188,1.921240613058016,0.29870129986242816
1.2864654612919642,0.7222222392521207,1.6558869179193076,0.4675324694676833
0.9422627942902702,0.8506493823868888,1.6075500358234753,0.467532471402899
0.8141085020133427,0.8142857372760772,1.6183023994619197,0.4285714332159464
