loss,acc,val_loss,val_acc
3.274301963806152,0.07200000008940696,2.611633062362671,0.125
2.4888575673103333,0.11486486252397299,2.4956029574076335,0.1111111127667957
