loss,acc,val_loss,val_acc
2.35837383407483,0.08633093549300441,2.303413806023536,0.038961039444842895
