loss,acc,val_loss,val_acc
2.7694743636750827,0.1094890486476195,2.768605427308516,0.1298701303539338
2.3736966926686085,0.19708029202518673,2.3565792263328253,0.22077922097274236
2.0265853170060764,0.3065693375185458,2.39398109138786,0.19480519577280267
1.8059860269228618,0.3333333333333333,2.0588135192920634,0.2207792212630247
