loss,acc,val_loss,val_acc
13.716535646621494,0.07534246575342465,14.491498850901193,0.10091743187620006
14.572524501852794,0.0958904109589041,14.343626232322203,0.11009174380280556
