loss,acc,val_loss,val_acc
2.35985746383667,0.13333333767950534,2.3461153507232666,0.125
