loss,acc,val_loss,val_acc
2.3864999232084854,0.09420290103425151,2.3467317649296353,0.05194805194805195
2.3725455532903257,0.10869565508935762,2.3352106948951623,0.07792207840588186
