loss,acc,val_loss,val_acc
2.685742593349371,0.10526315750260103,2.543208599090576,0.109375
2.2272057918677652,0.17293233026687363,2.3057684898376465,0.1875
2.07761754989624,0.2965517193078995,2.1265740394592285,0.234375
1.7659584525832557,0.38345865255459805,1.9630950689315796,0.28125
1.6401349485368657,0.4436090165062955,1.7770342230796814,0.3125
1.4756235466863876,0.4586466185580519,1.8654085397720337,0.34375
1.2701077335759212,0.5939849509780568,1.7763237953186035,0.328125
1.110578894167018,0.6315789460239554,1.511593759059906,0.53125
