loss,acc,val_loss,val_acc
2.3925842951084006,0.11206896564569967,2.3375511169433594,0.125
2.3321913768505227,0.1379310374372992,2.291121482849121,0.21875
2.2267754872639975,0.12318840560813744,2.403581380844116,0.07692307978868484
2.132301034598515,0.25000000590908117,2.370577573776245,0.21875
2.095787364861061,0.25862068451684095,2.1931352615356445,0.1875
1.972454826037089,0.34057969848314923,2.0753774642944336,0.23076923191547394
2.0544237228150064,0.26595744680851063,2.1563568115234375,0.25
1.7985012133916218,0.4275362392266591,2.0631589889526367,0.3125
