loss,acc,val_loss,val_acc
2.3736264279910495,0.06249999860301614,2.1755571365356445,0.21875
2.2300239077636173,0.18749999960086175,2.239321231842041,0.09375
2.1624790827433267,0.24000000456968942,2.17755389213562,0.07692307978868484
2.051829206092017,0.3303571513720921,2.174943447113037,0.15625
2.0021855703422,0.34821428784302305,2.103883981704712,0.21875
1.927042699285916,0.31250000026609215,2.3156168460845947,0.1538461595773697
1.7337407597473689,0.5535714296357972,2.176793336868286,0.15625
1.705956220626831,0.48666666944821674,2.0737931728363037,0.1875
