loss,acc,val_loss,val_acc
2.3477643531301746,0.06086956416459187,2.3317363262176514,0.0
2.296570142110189,0.08510638152559598,2.334989070892334,0.09375
2.2739050512728483,0.14782608391150184,2.2849819660186768,0.07692307978868484
2.2744665477586827,0.1652173892311428,2.307392120361328,0.0625
