loss,acc,val_loss,val_acc
3.5048987865448,0.0769230777827593,3.363271951675415,0.15625
3.505358109107384,0.11965812284212846,2.987431764602661,0.125
