loss,acc,val_loss,val_acc
2.390552843318266,0.1666666716337204,2.395037889480591,0.125
2.3538336753845215,0.15000000223517418,2.2769219875335693,0.21875
