loss,acc,val_loss,val_acc
8.552762750076921,0.0821917808219178,3.9691567552199056,0.0917431196078248
2.495571260582911,0.18493150684931506,2.199088590954422,0.1559633034358331
2.434213393355069,0.3150684931506849,2.023073736680757,0.25688073462849365
2.0442741113166285,0.3150684931506849,1.7193102770989095,0.41284404107190054
1.7484555456736317,0.4315068493150685,2.1764818768982495,0.30275229549189225
1.2766118866123566,0.5753424657534246,2.872692768726874,0.22018348760561113
1.167260581254959,0.55625,1.182155342277037,0.6422018386902065
2.106612386125507,0.5378787878787878,1.4775816377149809,0.5229357841911666
