loss,acc,val_loss,val_acc
2.3145038672855924,0.08571428826877049,2.3562753200531006,0.0
2.2991549968719482,0.061403509229421616,2.3226916790008545,0.0625
2.260830593109131,0.1523809552192688,2.2903521060943604,0.1875
2.240986704826355,0.2368421107530594,2.2754180431365967,0.15625
