loss,acc,val_loss,val_acc
12.28358600564199,0.1095890410958904,14.763492041771565,0.0825688076812193
6.557754588127136,0.075,2.230563507167571,0.12844036765601657
2.446462692636432,0.24242424242424243,2.0511930666932274,0.28440367109184966
1.932045865058899,0.3125,2.968974463436582,0.13761467958262208
