loss,acc,val_loss,val_acc
2.3507051067352296,0.1120000057965517,2.2892264127731323,0.109375
