loss,acc,val_loss,val_acc
2.412094670282283,0.11267605801703225,2.3999852514886237,0.16883116979877671
2.1606870033371615,0.24647887323943662,2.20729720128047,0.2207792212630247
