loss,acc,val_loss,val_acc
2.5619270741438664,0.058823528128261325,2.2538843154907227,0.1875
2.189659754435221,0.19379845013221106,2.2388808727264404,0.15625
