loss,acc,val_loss,val_acc
2.305955872042426,0.1172413814941357,2.3399719448264586,0.08256880733944955
2.2625722309638716,0.1862069003540894,2.336869869757136,0.11009174346103581
2.235312660809221,0.2482758691598629,2.3116667883111797,0.11926605504587157
2.2057222260369196,0.24183007288310263,2.2694583026641006,0.1559633034358331
