loss,acc,val_loss,val_acc
5.381655231851046,0.10655737802630565,3.0954527854919434,0.0625
2.6843466758728027,0.08750000316649675,2.30185604095459,0.09375
2.303394622490054,0.10655737802630565,2.3042194843292236,0.1538461595773697
2.3001725243740396,0.12295081967213115,2.305138349533081,0.03125
