loss,acc,val_loss,val_acc
2.3521502254032853,0.0693069318733593,2.3256685733795166,0.125
2.287776231765747,0.2049180269241333,2.2283596992492676,0.21875
2.1826929597571345,0.17821781912652573,2.1407418251037598,0.3076923191547394
2.1221795200121285,0.23762376296638263,2.2124743461608887,0.25
