loss,acc,val_loss,val_acc
13.082200272442543,0.07534246575342465,15.082988284049778,0.06422018382800829
