loss,acc,val_loss,val_acc
2.3818946314933607,0.15789473381705751,2.3072153329849243,0.140625
2.2294718036077974,0.240601505776097,2.237705945968628,0.1875
