loss,acc,val_loss,val_acc
2.359322287819602,0.05050505122000521,2.3222436904907227,0.0625
