loss,acc,val_loss,val_acc
3.684075357197048,0.11188811371168056,2.5661328735701536,0.0917431196078248
