loss,acc,val_loss,val_acc
4.237179137290792,0.14184397474882451,2.5446287966393806,0.09090909139289484
