loss,acc,val_loss,val_acc
12.790290336086326,0.08904109589041095,14.787243300621663,0.08256880802298905
14.79332017245358,0.0821917808219178,15.082988284049778,0.06422018382800829
