loss,acc,val_loss,val_acc
2.3212584229826017,0.11450381395016007,2.3213961124420166,0.09375
2.313723813486463,0.09923663826389167,2.3146921396255493,0.09375
2.291836005130797,0.12213740094017436,2.315652012825012,0.09375
2.2967787742614747,0.1096774160861969,2.3022245168685913,0.140625
2.2849756506563144,0.10687022582265257,2.2923765182495117,0.078125
2.2837008046739884,0.06106870103883379,2.2974774837493896,0.0625
2.270676853092572,0.13740457605769615,2.2727667093276978,0.125
2.284096497615785,0.10687022582265257,2.281928062438965,0.109375
