loss,acc,val_loss,val_acc
2.3777545661461064,0.12195122405523207,2.30257511138916,0.1875
