loss,acc,val_loss,val_acc
3.071436629295349,0.08999999701976776,2.583845853805542,0.1875
2.618760824203491,0.11290322244167328,2.594301462173462,0.09375
2.446666202545166,0.09999999672174453,2.567502498626709,0.1538461595773697
2.256548328399658,0.17999999582767487,2.2606189250946045,0.125
2.1295303678512574,0.20000000298023224,2.3587050437927246,0.15625
2.245776057243347,0.13709677010774612,2.5553910732269287,0.23076923191547394
2.214387893676758,0.27419355511665344,2.295259952545166,0.125
1.9327941250801086,0.34999999225139616,2.0601418018341064,0.34375
