loss,acc,val_loss,val_acc
2.558012008666992,0.095238097012043,2.49029541015625,0.0625
2.4320743083953857,0.08333333395421505,2.4845170974731445,0.09375
