loss,acc,val_loss,val_acc
2.6605599133864692,0.10434782757707264,2.2963712215423584,0.09375
