loss,acc,val_loss,val_acc
2.3287558372204122,0.09401709729662308,2.303924798965454,0.0625
2.276121267905602,0.17094017278689605,2.3231074810028076,0.125
