loss,acc,val_loss,val_acc
2.427826166152954,0.09333332752188046,2.3495850563049316,0.09375
2.4419156409598686,0.1081081085108422,2.390523672103882,0.125
