loss,acc,val_loss,val_acc
2.561476289814916,0.10344827670989365,2.3425283322640515,0.14678899116745783
2.429587541777512,0.117241380646311,2.337525956127622,0.11926605572941107
