loss,acc,val_loss,val_acc
2.40940694127764,0.1357142895460129,2.30253174088218,0.09090909139289484
2.3030677693230763,0.17142857632466724,2.299048832484654,0.07792207840588186
