loss,acc,val_loss,val_acc
12.85103129034173,0.1095890410958904,14.491498404686604,0.10091743119266056
13.91013701974529,0.136986301369863,13.604263734380039,0.15596330357254098
