loss,acc,val_loss,val_acc
2.3319742029363457,0.09090909059647914,2.3452244176777133,0.11009174380280556
