loss,acc,val_loss,val_acc
13.14696374658036,0.1095890410958904,14.491498684664386,0.10091743119266056
