loss,acc,val_loss,val_acc
2.3381224303409973,0.12413793285859043,2.3832227965013697,0.09174311994959455
2.3093111432831863,0.10344827668420199,2.364029694040981,0.0917431196078248
