loss,acc,val_loss,val_acc
2.355394090924944,0.08730158848421914,2.3401763439178467,0.125
