loss,acc,val_loss,val_acc
4.542980249537978,0.09302325823972392,3.3331066370010376,0.09375
2.9904335737228394,0.07575757801532745,2.5064494715796575,0.08888888971673117
2.421178477151053,0.09523809896338553,2.3133992936876084,0.13333333366447025
2.3906742362088935,0.09302325927933981,2.5563405752182007,0.078125
