loss,acc,val_loss,val_acc
3.5788165479898453,0.08593750183354132,3.3349164724349976,0.125
