loss,acc,val_loss,val_acc
12.464709347241545,0.13013698630136986,14.639370795783647,0.09174311994959455
14.020535090198255,0.13013698630136986,13.456391623260778,0.1651376165928097
