loss,acc,val_loss,val_acc
3.17861645908679,0.08474576561632803,3.80291748046875,0.09375
3.7587723529944985,0.0677966123794095,2.4465856552124023,0.125
2.5045925776163735,0.09848485141992569,2.267825126647949,0.34375
2.262376486244848,0.16949152794934935,2.1756844520568848,0.28125
2.4056994591729115,0.20338984010583264,2.211390972137451,0.09375
2.031483524936741,0.19491526029877743,2.3205630779266357,0.1875
1.9287522404880848,0.33050849074024263,2.2473621368408203,0.1875
1.9426898558934529,0.3030303070942561,2.1841979026794434,0.25
