loss,acc,val_loss,val_acc
10.725095618261049,0.08904109589041095,2.4668499439134512,0.12844036765601657
