loss,acc,val_loss,val_acc
2.422253386313174,0.10084033901451014,2.6477794647216797,0.09375
2.2988831996917725,0.10924370117297694,2.240583896636963,0.1875
