loss,acc,val_loss,val_acc
2.6755874597862976,0.1095890410958904,2.374137769051648,0.06422018348623854
2.3565110833677525,0.0684931506849315,2.3097612967184924,0.08256880733944955
