loss,acc,val_loss,val_acc
3.8173579819552548,0.09790209868362734,2.700618536100475,0.07339449541284404
