loss,acc,val_loss,val_acc
2.6649260260164738,0.10156250387080945,2.4124808311462402,0.125
2.1906860005110502,0.25781251455191523,2.2139575481414795,0.21875
2.0582355447113514,0.2109375053551048,2.2770912647247314,0.28125
1.7409420311450958,0.4338235482573509,2.150389075279236,0.234375
1.7007116954773664,0.5078125155996531,2.4951839447021484,0.234375
1.5530522465705872,0.5294118076562881,1.9789881110191345,0.3125
1.3839119412004948,0.6875000027939677,1.9778491258621216,0.28125
1.2420440057913462,0.6583333452542622,1.88498193025589,0.328125
