loss,acc,val_loss,val_acc
2.3898875202451433,0.11428571769169399,2.0411017436485785,0.31168831633282945
2.0890102573803495,0.264285714498588,1.8832861045738318,0.42857143476411896
1.8384930304118565,0.3785714370863778,1.9112622273432744,0.29870130489398905
1.7691736885479519,0.3857142972094672,1.7107918293445141,0.428571429732558
