loss,acc,val_loss,val_acc
13.166487079777129,0.08904109589041095,15.08298856402756,0.06422018382800829
14.46212674493659,0.10273972602739725,14.343626039837478,0.11009174346103581
14.90371829516267,0.07534246575342465,14.935115805459679,0.07339449609638354
14.80850009918213,0.08125,14.787242994395966,0.0825688076812193
