loss,acc,val_loss,val_acc
2.4666269370487757,0.0857142876301493,2.468224748388513,0.07792207792207792
2.3734567846570696,0.128571432190282,2.461877215992321,0.06493506493506493
2.4249250991003852,0.08571428826877049,2.4537406989506314,0.06493506590267281
2.3717645474842617,0.04285714392151151,2.4506652510011353,0.06493506541886887
2.3933379207338605,0.10714285991021565,2.444012335368565,0.06493506541886887
2.3988986355917796,0.09090909361839294,2.437264956437148,0.06493506541886887
2.3505658524377004,0.10000000298023223,2.4327624773050283,0.06493506541886887
2.4156353541782924,0.11428571705307279,2.428008017601905,0.06493506493506493
