loss,acc,val_loss,val_acc
13.40302736465245,0.07534246575342465,14.343625672366642,0.11009174380280556
14.351728674483626,0.1095890410958904,14.343626066085395,0.11009174380280556
14.241330708542915,0.11643835616438356,14.491498124708823,0.10091743119266056
14.607023906707763,0.09375,14.49149829094563,0.10091743187620006
14.130932951626713,0.1232876712328767,14.19575370123627,0.11926605538764132
15.019134116895271,0.06818181818181818,14.343625978592339,0.11009174749391888
14.020534881173749,0.13013698630136986,14.935115779211761,0.07339449575461379
15.345309636364245,0.04794520547945205,14.195753561247379,0.11926605572941107
