loss,acc,val_loss,val_acc
2.609640834642493,0.11304348094955735,2.3131775856018066,0.1875
