loss,acc,val_loss,val_acc
2.360959177431853,0.11594203098312668,2.432741573878697,0.06493506493506493
2.3958011468251548,0.10416666915019353,2.4121189736700677,0.06493506493506493
2.356292247772217,0.12318840914446375,2.401161509674865,0.051948052431855886
2.3431286811828613,0.1159420317929724,2.391333196070287,0.06493506541886887
