loss,acc,val_loss,val_acc
12.462070360575638,0.11643835616438356,13.604264128098794,0.1559633046662042
14.130932951626713,0.1232876712328767,13.752136466700003,0.14678899116745783
