loss,acc,val_loss,val_acc
4.583110700334822,0.14285714328289031,4.3861188888549805,0.09375
4.193398475646973,0.10526315867900848,6.46588134765625,0.15625
5.670613724844796,0.09523809318031584,4.069402694702148,0.125
3.911669611930847,0.14912280812859535,4.867617607116699,0.0
