loss,acc,val_loss,val_acc
2.314301338352141,0.13114754293785721,2.3386600017547607,0.0
2.291630182109895,0.11475409933778107,2.3362672328948975,0.09375
