loss,acc,val_loss,val_acc
2.322436714172363,0.1357142895460129,2.3375303745269775,0.0625
2.3481789631630057,0.08955224125242944,2.2860927846696644,0.1111111119389534
2.341109972447157,0.08593750186264515,2.341094154781765,0.044444445272286734
2.3070022383732582,0.11194030162113816,2.3234317302703857,0.0625
