loss,acc,val_loss,val_acc
12.761010360717773,0.06875,14.93511535924509,0.07339449541284404
