loss,acc,val_loss,val_acc
2.286686695855239,0.12068965761312123,2.3731963634490967,0.09375
