loss,acc,val_loss,val_acc
2.478072803411911,0.186567171296077,2.3911763429641724,0.140625
2.0870574285734946,0.23134329381273755,2.227712869644165,0.125
