loss,acc,val_loss,val_acc
3.7858006954193115,0.10144927822377371,2.5426089732677903,0.09090909090909091
