loss,acc,val_loss,val_acc
2.311335972689707,0.14678899301301448,2.293440103530884,0.0625
2.3218348821004233,0.15094339847564697,2.3500261306762695,0.0625
2.3013508101122095,0.12844036902309558,2.3487045764923096,0.09375
2.2494354554272573,0.14678899301301448,2.3465793132781982,0.15625
