loss,acc,val_loss,val_acc
2.492788016796112,0.10714285913854837,2.606758713722229,0.078125
2.392250332915992,0.07017543941344086,2.3026026487350464,0.078125
2.326761841773987,0.07142857229337096,2.302651286125183,0.0625
2.3034163948119155,0.04724409513351485,2.302800416946411,0.078125
