loss,acc,val_loss,val_acc
2.397170013310958,0.08163265321327716,2.3617310523986816,0.0625
2.384974956512451,0.0703125,2.3762166500091553,0.09375
