loss,acc,val_loss,val_acc
2.966063206937133,0.08403361666978908,2.7284841537475586,0.125
