loss,acc,val_loss,val_acc
2.4313810586929323,0.06428571598870414,2.4785025646160177,0.051948052431855886
2.3731755869729176,0.08441558693136487,2.4761917374350806,0.051948052431855886
