loss,acc,val_loss,val_acc
2.336528227879451,0.15384615728488335,2.2581710815429688,0.21875
