loss,acc,val_loss,val_acc
13.608298732809825,0.0821917808219178,14.637880640292387,0.09174311994959455
