loss,acc,val_loss,val_acc
13.082414026129735,0.10273972602739725,14.34362645980415,0.11009174311926606
14.506285762786865,0.1,14.491498850901193,0.10091743187620006
14.68292236328125,0.08904109589041095,14.491498317193548,0.10091743310657117
15.019134174693715,0.06818181818181818,14.639370375816975,0.0917431196078248
