loss,acc,val_loss,val_acc
2.490743548902747,0.11643835616438356,2.323823703538387,0.09174311926605505
2.30715723560281,0.08904109589041095,2.3027682304382324,0.08256880733944955
2.3015207101220954,0.14383561643835616,2.30114307668474,0.12222222321563297
2.302763509750366,0.1125,2.300231832976735,0.14678899116745783
2.2991519191048364,0.1893939393939394,2.30105938167747,0.13761467958262208
2.298823758347394,0.14383561643835616,2.2993722041447957,0.14444444527228673
2.3011677755068427,0.11643835616438356,2.2994454366351484,0.14678899150922758
2.3006322145462037,0.1375,2.299247192680289,0.13761467924085233
