loss,acc,val_loss,val_acc
2.3370945188734265,0.12345679269896613,2.283802483059944,0.16513761502066884
2.312177711062961,0.13580247345897886,2.301768359787967,0.10091743153443031
