loss,acc,val_loss,val_acc
2.3057940731877866,0.12318840671492659,2.3712674797355353,0.07792207792207792
2.336543373439623,0.07971014633126881,2.3623663202508705,0.1038961038961039
2.3213837146759033,0.0972222238779068,2.356600160722609,0.10389610437990783
2.281384728171609,0.15151515349068426,2.3497203046625312,0.10389610486371177
2.3299002647399902,0.09722222449878852,2.3449338535209754,0.11688311785072475
2.32797270235808,0.13043478746776996,2.341740016813402,0.10389610437990783
2.3061484979546587,0.1376811628756316,2.3391140436197255,0.11688311736692082
2.2937676595604937,0.15942029169072275,2.3372964425520464,0.11688311736692082
