loss,acc,val_loss,val_acc
3.31154849803705,0.1079136692255521,2.4866972310202464,0.19480519751449685
2.675495176006564,0.15827338485945042,3.0137714534610898,0.09090909187669878
