loss,acc,val_loss,val_acc
2.3118997291779855,0.1056338049156565,2.3474133974545963,0.06493506493506493
2.2731922109362106,0.1478873276164834,2.321557738564231,0.07792207840588186
