loss,acc,val_loss,val_acc
2.337088704109192,0.10000000298023223,2.336395502090454,0.125
2.396118402481079,0.05833333469927311,2.2993557453155518,0.125
2.2807888189951577,0.11904762188593547,2.3267970085144043,0.07692307978868484
2.316555368900299,0.15833334140479566,2.309506416320801,0.0625
2.3204447746276857,0.0833333338610828,2.2914557456970215,0.21875
2.2515551249186196,0.2063492089509964,2.2625491619110107,0.23076923191547394
2.2792051434516907,0.11666666939854622,2.3277177810668945,0.15625
2.2680660128593444,0.13333333767950534,2.19467830657959,0.25
