loss,acc,val_loss,val_acc
2.450714059497999,0.07971014649323795,2.46068059314381,0.09090909139289484
