loss,acc,val_loss,val_acc
12.510535305493498,0.10273972602739725,14.787243134384855,0.08256880733944955
14.506285858154296,0.1,14.639370769535729,0.0917431196078248
14.897027333577475,0.07575757575757576,14.787243440610553,0.0825688076812193
14.682922415537377,0.08904109589041095,14.491498264697714,0.10091743153443031
