loss,acc,val_loss,val_acc
2.309425074713571,0.12142857483455113,2.329006071214552,0.14285714382475073
2.2356792858668735,0.17532468054975783,2.3145710090538123,0.10389610437990783
2.2064679236639115,0.21428571759708345,2.308063692860789,0.09090909187669878
2.1850631577628,0.1948051963533674,2.270366074202897,0.09090909139289484
2.137366048873417,0.26984127670053454,2.2291715485709056,0.15584415584415584
2.0763813768114363,0.30519481216158184,2.200947055568943,0.24675324946254878
2.071107840538025,0.2928571483918599,2.1693423692282146,0.20779221050150984
1.9908870697021483,0.3928571635058948,2.1157147234136406,0.36363636557157936
