loss,acc,val_loss,val_acc
10.522484949190323,0.0958904109589041,2.3941488440977325,0.13761467924085233
2.2291045058263492,0.18493150684931506,2.2577837760295343,0.23853211200565372
