loss,acc,val_loss,val_acc
2.4272204519997183,0.05633802900851612,2.5082608569752085,0.10389610437990783
2.3583914461270186,0.10563380481071875,2.4526795690709893,0.09090909187669878
2.3247630298137665,0.09375000232830644,2.411327027655267,0.10389610437990783
2.307841841603669,0.11971831090853248,2.398763910516516,0.10389610486371177
