loss,acc,val_loss,val_acc
2.3592220627984335,0.12403101144835006,2.3047364950180054,0.140625
