loss,acc,val_loss,val_acc
2.924152932268508,0.0496453915504699,2.5576175188089345,0.09090909284430665
2.613306628896835,0.05673759073970166,2.5168216166558204,0.09090909361839294
