loss,acc,val_loss,val_acc
2.590631732573876,0.04807692271872209,2.492166042327881,0.15625
2.44786327618819,0.10576922768870226,2.4297266006469727,0.15625
2.3317214250564575,0.11206896603107452,2.450143814086914,0.125
1.993768559052394,0.42307693740496266,2.212484359741211,0.15625
