loss,acc,val_loss,val_acc
11.036800332265358,0.11643835616438356,2.461624617970318,0.0825688076812193
2.3521434705551356,0.1780821917808219,2.3858622410975463,0.20183486306886061
1.8609960079193115,0.325,2.3007766609891838,0.23853211145882214
2.047418849034743,0.3484848484848485,1.8277758633324859,0.3394495431983143
