loss,acc,val_loss,val_acc
2.3850483943004996,0.09183673473189072,2.3288497924804688,0.0625
2.3295620679855347,0.1015625,2.3088932037353516,0.09375
