loss,acc,val_loss,val_acc
13.373289082148304,0.10273972602739725,14.787243414362637,0.08256880733944955
14.462126483655956,0.10273972602739725,14.93511549923398,0.07339449575461379
