loss,acc,val_loss,val_acc
2.3861933972713723,0.0802919690082543,2.2532334389624658,0.18181818278578968
2.2514487902323403,0.1666666604578495,2.2034116008064966,0.2337662364755358
2.1739867951748146,0.24817517742405842,2.1795472293705136,0.16883117154047086
2.13430958594719,0.277372254235466,2.0879263784978295,0.36363636557157936
