loss,acc,val_loss,val_acc
2.4182067045143674,0.12499999813735485,2.343409776687622,0.125
