loss,acc,val_loss,val_acc
2.3753375482559203,0.04999999925494194,2.527205467224121,0.0625
2.349286198616028,0.08870967477560043,2.4156408309936523,0.09375
2.463185920715332,0.05999999858438969,2.346647024154663,0.07692307978868484
2.3489850759506226,0.08064515888690948,2.3706932067871094,0.125
