loss,acc,val_loss,val_acc
14.398992309831593,0.0958904109589041,14.491498570923412,0.10091743187620006
14.351728517715244,0.1095890410958904,14.787243160632773,0.0825688076812193
