loss,acc,val_loss,val_acc
2.3925237858549075,0.09929078199127887,2.3619597670319794,0.07792207792207792
2.3604828956279347,0.07092198792924272,2.3616406824681664,0.07792207840588186
