loss,acc,val_loss,val_acc
2.5751668050748493,0.10091743283315537,2.517756700515747,0.0625
2.3976987997690835,0.1320754736661911,2.394469976425171,0.03125
