loss,acc,val_loss,val_acc
2.369777137582952,0.12878788262605667,2.3509715795516968,0.125
2.3437861442565917,0.12666666954755784,2.3821034219529893,0.08888888971673117
2.363855851323981,0.1315789505055076,2.277985864215427,0.0888888892200258
2.328737638213418,0.12121212465519254,2.314822554588318,0.09375
