loss,acc,val_loss,val_acc
2.3292208749856522,0.1343283614338334,2.2939817905426025,0.125
2.311659908294678,0.1500000014901161,2.4507348007626004,0.13333333416117563
