loss,acc,val_loss,val_acc
2.4569859965094203,0.15862069253263802,2.4164129178458396,0.16513761502066884
2.3939953327178953,0.1517241399092921,2.332967346961345,0.11926605504587157
2.2470023102230496,0.2810457580619388,2.393780327718192,0.11009174311926606
2.1419222272675613,0.23448276391317105,2.2657102007384693,0.21100917622583723
2.210949496565194,0.23448276560882042,2.08204601007864,0.27522935916524416
2.0088524148411993,0.2846715418744261,1.9400437370352788,0.3853211022845102
1.8910022974014282,0.3464052412245009,1.905981927836707,0.33027523127170877
2.0703769809138164,0.2846715409770934,1.7775305061165345,0.45871559824418584
