loss,acc,val_loss,val_acc
3.5869242548942566,0.08552631549537182,2.483103997116789,0.22018348815244274
2.344402455571872,0.18656716356748965,2.2292396912880994,0.1743119272890441
