loss,acc,val_loss,val_acc
2.462964587351855,0.17647059546674,2.3756611347198486,0.109375
2.232317912227967,0.25735296418561654,2.1959381103515625,0.234375
2.153359847910264,0.2647059020750663,2.1676746606826782,0.21875
2.1788062803885517,0.2279411920291536,2.182725429534912,0.203125
1.9879390994707744,0.35256412376960117,2.1236987113952637,0.328125
1.93508177820374,0.4191176775185501,2.1024268865585327,0.25
1.8579605256809908,0.4558823812095558,2.009726047515869,0.359375
1.800403078397115,0.4551282376050949,2.095333456993103,0.265625
