loss,acc,val_loss,val_acc
2.612041570372501,0.09322034214007652,2.30288028717041,0.15625
2.2520119349161782,0.23484848936398825,2.2859134674072266,0.1875
2.1975558167797025,0.16101696152808304,2.1643471717834473,0.21875
2.0979470681335965,0.2711864507804483,2.1758670806884766,0.1875
