loss,acc,val_loss,val_acc
2.2843139831055987,0.1914893682808318,2.2341671516368917,0.22077922174682865
