loss,acc,val_loss,val_acc
2.442740478515625,0.04999999850988388,2.310415029525757,0.125
