loss,acc,val_loss,val_acc
2.388537253776606,0.08759123940754981,2.3430525915963307,0.14285714556644488
1.9049631844471842,0.37956203357146606,2.08986915086771,0.363636369829054
1.4478580156962078,0.6266666601101557,2.0713281445689016,0.19480519674041055
1.2021029983123723,0.6642335483627598,1.8915808479507248,0.2597402597402597
1.0473718151558924,0.7664233306898688,1.7270736973007004,0.3896103942549074
1.0029446243369666,0.7226277085116309,1.6917958724034297,0.32467532661054044
0.7051961672132032,0.8248175130273304,1.5875422211436483,0.415584421777106
0.5524880290031433,0.9133333166440328,1.4116435856014102,0.49350649621579556
