loss,acc,val_loss,val_acc
2.3199702633751764,0.08641975373029709,2.288834121249138,0.11009174380280556
