loss,acc,val_loss,val_acc
2.416778136606086,0.13013698630136986,2.25651862424448,0.11926605572941107
2.2012256628846467,0.17123287671232876,2.1559875995740976,0.30275229549189225
1.975925866871664,0.4178082191780822,2.014461854182252,0.26605504778547023
1.8849177066593954,0.3424657534246575,2.2479399453609363,0.18348623887387985
1.6846629858016968,0.4375,1.743692107156876,0.40366972613772123
1.6412287280984121,0.4589041095890411,1.9485642778764076,0.22018348815244274
1.5039834649595496,0.547945205479452,1.7386311883226446,0.41284404107190054
1.5222276738195708,0.5,1.5816686678370204,0.3853211022845102
