loss,acc,val_loss,val_acc
2.405064440485257,0.10447761883486563,2.4029732942581177,0.09375
