loss,acc,val_loss,val_acc
2.2930942739759175,0.185714291036129,2.2827458722250804,0.09090909187669878
2.191260549000331,0.3142857276967594,2.224050775750891,0.14285714556644488
