loss,acc,val_loss,val_acc
4.108475813372382,0.09655172452330589,2.285966317588036,0.22018348760561113
2.2736361766683646,0.17241379505601423,2.2315235837883907,0.1926605511422551
2.231871975792779,0.17647059013446173,2.241701963212755,0.23333333432674408
2.257146692276001,0.20000000429050677,2.1330816745758057,0.24770642270188814
2.072007340398328,0.2620689700132814,2.0817527355404075,0.34862385334771706
1.9931143012540093,0.3172413866581588,2.039597202671899,0.2777777797645993
1.9174448753225393,0.33103449108271765,2.4028280153187045,0.14678899116745783
1.7314393635453849,0.38620690944893604,2.3005008325664273,0.18348623887387985
