loss,acc,val_loss,val_acc
10.840965545654297,0.07200000245869159,14.355178833007812,0.109375
14.59341025352478,0.09459459781646729,14.103333473205566,0.125
14.853930800568824,0.078431376201265,14.103332996368408,0.125
13.83106803894043,0.14189189858734608,14.355178356170654,0.109375
13.66814476776123,0.15200000423192978,14.355178356170654,0.109375
14.31286875152588,0.11200000271201134,13.85148811340332,0.140625
13.668144485473633,0.15200000786781312,14.103333473205566,0.125
14.593410968780518,0.09459459688514471,14.355178356170654,0.109375
