loss,acc,val_loss,val_acc
2.336210647122613,0.11724138023524448,2.338740987515231,0.06422018382800829
2.342115204909752,0.09655172496006406,2.299998333694738,0.07339449541284404
2.3244074980417886,0.1241830082403289,2.3558480554156835,0.05555555638339785
2.327193056579924,0.11678832255467012,2.318806792617938,0.05504587190140278
