loss,acc,val_loss,val_acc
3.3932744562625885,0.15131578780710697,2.5564070644728636,0.32110091934510326
2.341203086411775,0.23134328447171112,2.2804290395264233,0.29357798356528675
2.0767535865306854,0.25000000186264515,1.9297019757262064,0.3853211028313418
1.6158765337683938,0.5174825312374355,1.8285815453310625,0.40366972613772123
