loss,acc,val_loss,val_acc
2.3179182608922324,0.08333333519597848,2.2974649156842912,0.10389610437990783
2.3123346350409766,0.12121212313121016,2.291727097003491,0.12987013083773774
