loss,acc,val_loss,val_acc
14.39534303586777,0.0958904109589041,14.935115385493008,0.07339449575461379
