loss,acc,val_loss,val_acc
2.3846776485443115,0.11627907305955887,2.5153632164001465,0.03125
2.3803515554476187,0.07563025266432963,2.299048900604248,0.125
