loss,acc,val_loss,val_acc
4.084917386372884,0.08641975373029709,4.012751579284668,0.15625
3.3129653930664062,0.15432099004586539,2.6445813179016113,0.0625
2.6144137382507324,0.0925925907989343,2.4911322593688965,0.125
2.4786046346028647,0.06172839552164078,2.427741050720215,0.25
