loss,acc,val_loss,val_acc
2.3400731888886925,0.1588785110790039,2.3814804553985596,0.125
2.4137967824935913,0.109090905636549,2.338921308517456,0.15625
