loss,acc,val_loss,val_acc
2.3153174188401966,0.1666666699780358,2.2211138480300203,0.1926605511422551
2.1501113838619657,0.23456790753536755,2.082402983936695,0.3394495451122249
