loss,acc,val_loss,val_acc
2.802577018737793,0.14197531218330064,2.4086990356445312,0.140625
