loss,acc,val_loss,val_acc
2.3353909479154575,0.15384615009481256,2.277725280971702,0.11009174346103581
2.1963177977742014,0.1818181832249348,2.163639180157163,0.27522935848170466
