loss,acc,val_loss,val_acc
2.2520715099699955,0.2482269620324703,2.025595795024525,0.31168831439761374
