loss,acc,val_loss,val_acc
3.6214937870319073,0.1076923076923077,2.9881550073623657,0.171875
2.8043915748596193,0.14615384615384616,2.8135361671447754,0.109375
