loss,acc,val_loss,val_acc
2.440424164136251,0.11538462154567242,2.212403416633606,0.296875
2.1935204781334976,0.267241390614674,2.215664029121399,0.234375
2.084472757928512,0.25735295991248947,2.1507463455200195,0.109375
2.034079925102346,0.22794119137174942,2.0002487301826477,0.203125
