loss,acc,val_loss,val_acc
11.219482421875,0.09655172675848007,13.968745708465576,0.109375
14.150666465444013,0.10743801779121406,13.610836071438259,0.15555555588669248
14.663831015278522,0.0902255653102595,15.04355525970459,0.06666666749450896
15.11766185760498,0.06206896603107452,14.355178356170654,0.109375
