loss,acc,val_loss,val_acc
2.277635394999411,0.10619468775998174,2.2735767364501953,0.03125
