loss,acc,val_loss,val_acc
2.6088725328445435,0.12068965658545494,2.4893381595611572,0.0625
2.6455217599868774,0.08695652335882187,2.6059658527374268,0.09375
2.3839303255081177,0.18103447929024696,2.3030238151550293,0.07692307978868484
2.0394845513197093,0.3942307698038908,2.2854318618774414,0.21875
1.9865770936012268,0.32758620381355286,2.2721762657165527,0.09375
1.980213892001372,0.3461538524581836,2.230189323425293,0.1538461595773697
1.7134023973575006,0.42307691677258563,2.0509045124053955,0.21875
1.6092954277992249,0.5689655095338821,2.164937973022461,0.28125
