loss,acc,val_loss,val_acc
2.322138247282609,0.13768116319956986,2.2865717937419943,0.1428571447923586
2.315773062084032,0.13043478714383167,2.2647864787609544,0.14285714285714285
2.229219675064087,0.2083333358168602,2.2517931709041843,0.14285714556644488
2.2580975727601484,0.19696970283985138,2.244733042531199,0.1428571433409468
2.281254291534424,0.09420289941456007,2.2314010935944397,0.19480519528899873
2.2549986839294434,0.22222222636143366,2.2222078465796136,0.16883116931497277
2.2081445818362027,0.19565217682848807,2.2140621333927304,0.19480519674041055
2.1946141201516856,0.22463769174140433,2.2040126540444116,0.15584415681176372
