loss,acc,val_loss,val_acc
2.444859419783501,0.13013698630136986,2.334593595714744,0.1559633041193726
2.242569521681903,0.19863013698630136,2.299548693753164,0.1834862392156496
2.2129056714985467,0.1780821917808219,2.2757039811876085,0.08888889013065232
2.0367545852922415,0.2945205479452055,2.2691835482186136,0.1743119266055046
1.83029363155365,0.38125,2.2540699451341544,0.14678899096239598
2.0460783333489387,0.2803030303030303,2.166331073972914,0.2555555573768086
1.82740776179588,0.4041095890410959,2.344644944602196,0.18348623887387985
1.7510698914527894,0.45,2.249101229763906,0.14678899116745783
