loss,acc,val_loss,val_acc
2.4369144439697266,0.08196721225976944,2.3456549644470215,0.0
2.3721375158517666,0.09900990113763526,2.2613320350646973,0.125
2.4350103458555616,0.049504951380267004,2.297179937362671,0.07692307978868484
2.351167678833008,0.0901639349758625,2.258399486541748,0.125
