loss,acc,val_loss,val_acc
2.4607731103897095,0.11864406988024712,2.461268901824951,0.09375
2.584344917130702,0.16504854166391983,2.422653913497925,0.21875
2.1477105918439845,0.3009708685782349,2.21359920501709,0.0
1.950480043888092,0.423728808760643,2.052659034729004,0.21875
