loss,acc,val_loss,val_acc
3.0247796387739583,0.11971831269247431,2.3547840304188914,0.10389610437990783
