loss,acc,val_loss,val_acc
2.308637611201552,0.11475410129203172,2.416614055633545,0.125
