loss,acc,val_loss,val_acc
2.5199814242916507,0.09790209774579202,2.5242248762638195,0.11926605538764132
2.1207277608084514,0.2377622356260573,2.0777214076540886,0.19266055237262622
1.9052330097118457,0.3916083939008779,2.132465092414016,0.2935779854791974
1.6774521065758659,0.5314685335526099,1.8917641792822322,0.3577981678717727
1.6034631431102753,0.4802631512284279,2.1130663933010276,0.28440367040831016
1.6998119710096673,0.47014926196034273,1.7752404256698189,0.24770642270188814
1.4475947469472885,0.5131578929722309,1.7762773397865645,0.38532110474525244
1.2521015072202348,0.6643356801746608,1.5537267824925414,0.3944954172186895
