loss,acc,val_loss,val_acc
4.762495555548832,0.12413793280720711,2.9511877593644167,0.0825688076812193
