loss,acc,val_loss,val_acc
6.795276935786417,0.08904109589041095,2.296511077005929,0.19266055428653683
