loss,acc,val_loss,val_acc
2.3268435312354048,0.11594203163100325,2.2713335520261295,0.19480519577280267
