loss,acc,val_loss,val_acc
2.468927724020822,0.13492063965116227,2.2247724533081055,0.140625
2.1707906126976013,0.2013888955116272,2.2456297874450684,0.203125
