loss,acc,val_loss,val_acc
2.3966078988436994,0.08965517328730944,2.3097302869919245,0.20183486306886061
2.318131977936317,0.08275862104933837,2.3191442620863607,0.13761467958262208
