loss,acc,val_loss,val_acc
2.387588155269623,0.1250000074505806,2.4159655570983887,0.15625
2.269841273625692,0.16666667660077414,2.2626614570617676,0.15625
