loss,acc,val_loss,val_acc
2.3545115876385547,0.1338582741697942,2.4110350608825684,0.078125
2.399989897810568,0.12598425786443582,2.3202773332595825,0.125
2.273178517818451,0.1428571455180645,2.2922780513763428,0.125
2.277381545618961,0.16666667215656816,2.312918543815613,0.125
2.2410619258880615,0.12142857350409031,2.27216899394989,0.171875
2.2796564083399735,0.14960630235122882,2.283059239387512,0.140625
2.2051561967594417,0.18897638452334667,2.3400015830993652,0.125
2.2653932759142297,0.1102362228777465,2.283882260322571,0.140625
