loss,acc,val_loss,val_acc
2.3788755569817885,0.09433962095458552,2.3690285682678223,0.1875
2.3836140632629395,0.0982142873108387,2.454836368560791,0.09375
