loss,acc,val_loss,val_acc
3.357487916946411,0.14062500355066732,2.8087499141693115,0.171875
2.786086916923523,0.14705882593989372,2.4612477302551268,0.20000000082784228
