loss,acc,val_loss,val_acc
2.365921828706386,0.11864407095363584,2.3116455078125,0.09375
2.164050510374166,0.2288135570489754,2.1362643241882324,0.21875
