loss,acc,val_loss,val_acc
2.5373643026119326,0.06504065243572724,2.5165984630584717,0.21875
2.432308852672577,0.19871795549988747,2.2800817489624023,0.1875
