loss,acc,val_loss,val_acc
12.045466409970636,0.136986301369863,13.75213621297014,0.14678899150922758
14.020534985686002,0.13013698630136986,13.900009085278992,0.13761467924085233
