loss,acc,val_loss,val_acc
2.875158925489946,0.12727273458784277,2.3501956462860107,0.1875
2.5971732789819892,0.10909091396765276,2.4082512855529785,0.15625
