loss,acc,val_loss,val_acc
2.2670201670448735,0.14150943058841634,2.2366652488708496,0.15625
