loss,acc,val_loss,val_acc
2.6630500963517836,0.11188811282594721,2.3403062689194987,0.13761467958262208
2.4125636490908535,0.07692307551632395,2.312535983706833,0.0917431196078248
2.3330619701972375,0.09790209576591745,2.3205103662278916,0.13333333416117563
2.334756165742874,0.10526315774768591,2.311331757711708,0.11009174325597396
