loss,acc,val_loss,val_acc
12.921047550358184,0.08904109589041095,14.639370655794757,0.0917431196078248
14.40554780960083,0.10625,14.047881590117008,0.12844036731424682
