loss,acc,val_loss,val_acc
2.4275121688842773,0.07575757801532745,2.364923357963562,0.109375
2.418009031650632,0.11627907461898271,2.359212875366211,0.109375
