loss,acc,val_loss,val_acc
2.3490103085835776,0.15447153647740683,2.0799269676208496,0.1875
1.6263577622815597,0.5867768614745337,1.8945395946502686,0.375
1.2950772076598869,0.7024793191389604,1.7415581941604614,0.375
1.0049072858715846,0.8512396275504561,1.7664337158203125,0.3125
