loss,acc,val_loss,val_acc
2.291981061299642,0.13461539211372534,2.244560956954956,0.234375
2.2287253840216277,0.14655173113890763,2.333158850669861,0.140625
2.1574094692866006,0.26923078050216037,2.1441110372543335,0.375
2.0575674073449495,0.31896553985003767,2.173340082168579,0.140625
2.020411267000086,0.2573529513662352,2.063470244407654,0.21875
1.8382645109120537,0.49264709278941154,1.9134367108345032,0.453125
1.794132928053538,0.42307694753011066,1.8601607084274292,0.4375
1.639900887713713,0.5147059156614191,1.7754926085472107,0.34375
