loss,acc,val_loss,val_acc
2.3418229432930624,0.08270676602098279,2.341822624206543,0.109375
