loss,acc,val_loss,val_acc
2.3501941846764605,0.09420289973849835,2.3262763673608955,0.06493506590267281
