loss,acc,val_loss,val_acc
4.6267146565193356,0.09302326135857161,3.810525894165039,0.0625
2.6993695358897365,0.13953489065170288,2.1832692623138428,0.109375
1.8561517596244812,0.3181818276643753,2.4973801374435425,0.078125
1.7937509708626325,0.37984497048134025,2.0679811239242554,0.234375
