loss,acc,val_loss,val_acc
3.488277071172541,0.10000000108372081,2.9052605628967285,0.09375
