loss,acc,val_loss,val_acc
2.2913167476654053,0.16666666666666666,2.2054781913757324,0.21875
2.2343456745147705,0.24074073632558188,2.2842297554016113,0.09375
2.0885513623555503,0.3888888855775197,2.4109818935394287,0.07692307978868484
2.003597060839335,0.3580246915419896,2.152365207672119,0.21875
