loss,acc,val_loss,val_acc
2.3786715269088745,0.1843971680612006,1.938209242634959,0.337662343855028
1.831281971424184,0.3546099472553172,1.7685918436421977,0.32467532738462673
