loss,acc,val_loss,val_acc
2.4623152283597585,0.09917354791556016,2.3089382648468018,0.09375
