loss,acc,val_loss,val_acc
2.3503336906433105,0.13008130559834039,2.314126968383789,0.125
