loss,acc,val_loss,val_acc
2.9341320816208336,0.11764706096009296,2.5017025470733643,0.171875
