loss,acc,val_loss,val_acc
2.382987070083618,0.07999999836087227,2.4817330837249756,0.03125
2.4267501068115234,0.08999999806284904,2.2456016540527344,0.15625
