loss,acc,val_loss,val_acc
12.46106432562005,0.0958904109589041,14.787243274373745,0.0825688076812193
