loss,acc,val_loss,val_acc
2.370063006877899,0.0878378413617611,2.3178658485412598,0.09375
2.2053591059703455,0.1960784386770398,2.348010540008545,0.078125
2.2103134393692017,0.2364864945411682,2.287186026573181,0.1875
2.100492136001587,0.2960000159740448,2.207184672355652,0.171875
