loss,acc,val_loss,val_acc
2.3995577518205,0.14285714400554061,2.2595595121383667,0.21875
2.2053726436500263,0.24812030153615133,2.1592397689819336,0.25
2.1033182621002195,0.28275861144065856,2.0224374532699585,0.328125
1.8742888289049637,0.42148760552248676,1.9622386693954468,0.34375
