loss,acc,val_loss,val_acc
3.1994968847794967,0.10909091478044336,2.2881081104278564,0.15625
