loss,acc,val_loss,val_acc
2.3355091776166645,0.07142857334443502,2.3254760983702423,0.09090909139289484
