loss,acc,val_loss,val_acc
2.31135322366442,0.07857143091303961,2.3006067090220266,0.06493506590267281
2.3011724097388133,0.14285714690174375,2.2796216196828074,0.12987013083773774
