loss,acc,val_loss,val_acc
5.903240177729359,0.1095890410958904,2.278444080177797,0.10091743187620006
