loss,acc,val_loss,val_acc
2.67223327255249,0.1280000070631504,2.3267802000045776,0.140625
