loss,acc,val_loss,val_acc
2.3410689994080425,0.14383561643835616,2.2718386803198296,0.1559633034358331
2.2709527015686035,0.1375,2.243138820753185,0.11926605538764132
2.2146142835486424,0.1780821917808219,2.263703333128483,0.11926605572941107
2.2277586712981714,0.15151515151515152,2.234235046106741,0.17431192694727435
2.1604681491851805,0.21875,2.153802801709656,0.30275229549189225
2.208018028572814,0.18493150684931506,2.2070127539678452,0.1834862429067629
2.1237096296597833,0.19863013698630136,2.1555043273015855,0.31192660741849776
2.040732311875853,0.3219178082191781,2.1338200787885473,0.22935780253979043
