loss,acc,val_loss,val_acc
14.605613532131665,0.08904109589041095,14.047881310139227,0.12844036731424682
14.130932794858332,0.1232876712328767,14.639371189502402,0.09174311926605505
