loss,acc,val_loss,val_acc
14.23850361617295,0.0839160847497153,14.49149815095674,0.10091743153443031
14.209373235702515,0.11842104978859425,14.935115691718705,0.07339449609638354
14.794968234958933,0.08208955362883967,14.50628556145562,0.10000000165568458
14.421453714370728,0.10526315681636333,14.491498430934522,0.10091743153443031
