loss,acc,val_loss,val_acc
2.535292863845825,0.059259261935949326,2.324660301208496,0.15625
2.313169314311101,0.15384615728488335,2.4433436393737793,0.03125
2.179872292738694,0.1709401745062608,2.1295158863067627,0.3076923191547394
2.1354090250455418,0.21367521927906916,2.1590826511383057,0.1875
