loss,acc,val_loss,val_acc
2.4187680880228677,0.11728395024935405,2.312556028366089,0.125
2.231293002764384,0.1851851815978686,2.2218950854407415,0.31111111442248024
