loss,acc,val_loss,val_acc
4.702498610280141,0.07563025429218757,3.5025506019592285,0.125
