loss,acc,val_loss,val_acc
2.304463184796847,0.10256410562075101,2.2296142578125,0.125
