loss,acc,val_loss,val_acc
3.7834371078846067,0.06976744428623555,2.5308022499084473,0.09375
