loss,acc,val_loss,val_acc
2.646452697840604,0.12878788431937044,2.694023847579956,0.078125
