loss,acc,val_loss,val_acc
14.680772415579181,0.06164383561643835,14.787243134384855,0.08256880733944955
