loss,acc,val_loss,val_acc
2.3124990283318287,0.06603773725482653,2.273630142211914,0.21875
2.2596232891082764,0.1428571492433548,2.3072030544281006,0.15625
2.1634896566283026,0.31132074909390145,2.2182493209838867,0.28125
2.085450586282982,0.2830188684868363,2.284008741378784,0.21875
