loss,acc,val_loss,val_acc
2.6079319895130313,0.0958904109589041,2.59247203704414,0.12844036833955608
