loss,acc,val_loss,val_acc
2.400756287574768,0.07500000325962901,2.3582892417907715,0.09375
