loss,acc,val_loss,val_acc
2.8553667465845742,0.1111111119389534,2.5936131477355957,0.078125
2.5156710545221963,0.0555555559694767,2.3101176023483276,0.109375
