loss,acc,val_loss,val_acc
2.4375449419021606,0.10344827175140381,2.3094210624694824,0.125
2.351495527304136,0.09615384873289329,2.304377555847168,0.125
2.2575583778894863,0.19230769746578658,2.283662796020508,0.125
2.214503444158114,0.278846148114938,2.3158466815948486,0.0625
