loss,acc,val_loss,val_acc
2.4482653244681982,0.15217392017012057,2.4372506234552955,0.10389610486371177
