loss,acc,val_loss,val_acc
2.3298342416612363,0.06474820264487816,2.3316759196194736,0.07792207792207792
