loss,acc,val_loss,val_acc
2.3296555535546664,0.15172414201600798,2.313992338443021,0.1651376146788991
2.2856273848434974,0.18620690040547272,2.3345938450699553,0.11926605538764132
