loss,acc,val_loss,val_acc
2.3099957704544067,0.14102565000454584,2.3359596729278564,0.078125
2.232385954436134,0.1323529489009696,2.2410647869110107,0.109375
