loss,acc,val_loss,val_acc
2.3027575810750327,0.10666666428248088,2.279126922805588,0.12987013083773774
2.2453154017848354,0.18548386754287827,2.255167954927915,0.15584415681176372
2.184438705444336,0.24087590343543214,2.2199538899706557,0.16883116979877671
2.1129057946866445,0.34306568538185456,2.1903757553596,0.22077922174682865
2.091025392214457,0.23999998966852823,2.166521351058762,0.2337662357014495
1.9743827355169032,0.43795619578692163,2.0617073480184978,0.4545454599640586
1.876930728445958,0.44525545596206273,1.9680125759793567,0.4545454591899723
1.7646084684525094,0.47445253886445593,1.8862790008644006,0.4545454607381449
