loss,acc,val_loss,val_acc
2.4906857372963267,0.1506849315068493,2.3669703334843346,0.13761467924085233
2.251094243297838,0.1780821917808219,2.228759570952949,0.1743119267422125
2.1809061782000816,0.2602739726027397,2.2475560665130616,0.255555557542377
1.990193486213684,0.35,2.1417486645759793,0.2018348623853211
