loss,acc,val_loss,val_acc
11.246444081901608,0.13533834844155418,14.355178356170654,0.109375
