loss,acc,val_loss,val_acc
2.496966593247607,0.1203007491067388,2.3776906728744507,0.140625
2.2259407419907418,0.19548871953572547,2.3299893140792847,0.140625
2.144111442565918,0.2827586159110069,2.183880090713501,0.296875
1.6332293094548964,0.4962406010556042,1.9324751496315002,0.296875
