loss,acc,val_loss,val_acc
2.5599936879199485,0.14782608391150184,2.5326051712036133,0.125
2.4763826038526453,0.17391304581061653,2.22951602935791,0.21875
2.123704274495443,0.2482269505659739,2.32275390625,0.15625
1.9374108355978261,0.3304347832565722,2.186270236968994,0.21875
