loss,acc,val_loss,val_acc
3.3966702620188394,0.16279069582621256,3.4848415851593018,0.09375
