loss,acc,val_loss,val_acc
11.654951173965244,0.0821917808219178,14.343625812355532,0.11009174503317666
