loss,acc,val_loss,val_acc
2.417937222868204,0.05468750122236088,2.357307195663452,0.109375
2.3255024440586567,0.10937500264844857,2.320451021194458,0.046875
2.2949085235595703,0.15441177040338516,2.3097622394561768,0.09375
2.310427699238062,0.17187500436557457,2.298131823539734,0.109375
2.2459920682013035,0.17968750721774995,2.2621121406555176,0.078125
2.2066127881407738,0.2031250058207661,2.2823286056518555,0.125
2.2116187810897827,0.20588235929608345,2.302928328514099,0.09375
2.1982752420008183,0.2812500111758709,2.2983325719833374,0.0625
