loss,acc,val_loss,val_acc
2.9998319149017334,0.08823529491201043,2.577619791030884,0.109375
2.2114020362496376,0.2187500058207661,2.369947486453586,0.06666666749450896
2.168889586130778,0.25833334028720856,2.2280243502722845,0.22222222255335913
1.966769427061081,0.34558824077248573,2.2566614151000977,0.15625
