loss,acc,val_loss,val_acc
2.8928732751798227,0.04201680819402222,2.7012546062469482,0.0625
2.4206562836964927,0.18604652086893717,2.373054027557373,0.09375
