loss,acc,val_loss,val_acc
2.3227999210357666,0.10655737668275833,2.3101747035980225,0.1875
2.41225528717041,0.13750000298023224,2.324458360671997,0.125
2.286698818206787,0.14754097908735275,2.2666337490081787,0.23076923191547394
2.171774979865197,0.33663366041561166,2.3086276054382324,0.15625
2.1861961454448133,0.24752475011466754,2.2512660026550293,0.21875
2.0276089906692505,0.30327868461608887,2.2100889682769775,0.38461539149284363
1.9126137117348094,0.3564356476953714,2.327716112136841,0.09375
1.7320430278778076,0.44262292981147766,2.0422492027282715,0.34375
