loss,acc,val_loss,val_acc
2.339920938014984,0.08552631549537182,2.357940435409546,0.046875
