loss,acc,val_loss,val_acc
2.5672833204269407,0.08571428826877049,2.3131953121779802,0.15584415632795978
2.3030971697398592,0.12142857483455113,2.269988747386189,0.15584415603767743
2.2415269102369035,0.1558441604886736,2.270176364229871,0.23376623395975535
2.256732970949203,0.1190476223589882,2.2513557316420916,0.18181818278578968
2.1816974401474,0.21428572003330504,2.397189388027439,0.1428571433409468
2.1574177401406422,0.20779220972742354,2.197690141665471,0.14285714305066444
2.085163424696241,0.23571429018463408,2.1579075107326755,0.3636363675067951
2.0130340218544007,0.2642857193946838,2.1414798049183634,0.23376623473384164
