loss,acc,val_loss,val_acc
8.958635356328259,0.08904109589041095,2.3488909848239445,0.13761468026616158
