loss,acc,val_loss,val_acc
13.577065768307202,0.0821917808219178,14.491498404686604,0.10091743119266056
