loss,acc,val_loss,val_acc
2.5210415248213143,0.131034483709212,2.3450939764670276,0.1651376153624386
2.2049800642605484,0.16551724292080977,2.1123173138417237,0.22935779953221663
