loss,acc,val_loss,val_acc
2.3110473726836727,0.11971831269247431,2.282086381664524,0.10389610486371177
2.2954885791724835,0.12676056526916127,2.279628629808302,0.12987013257943192
2.3090249719754072,0.09154929818821625,2.27773303799815,0.11688311736692082
2.2946062356653347,0.11971831111840799,2.2773900032043457,0.15584415700528528
