loss,acc,val_loss,val_acc
2.510110851836531,0.10273972602739725,2.4345182366327407,0.12844036731424682
2.239555920640083,0.19863013698630136,2.650098791909874,0.10091743119266056
