loss,acc,val_loss,val_acc
2.433473430903612,0.1415929203539823,2.317293643951416,0.09375
2.1606671810150146,0.23129251102606455,2.227311611175537,0.25
2.1469406945795955,0.2405063394881502,2.3978281021118164,0.125
2.0451017220815024,0.23129251102606455,2.206160306930542,0.1875
