loss,acc,val_loss,val_acc
2.37331759929657,0.1171875,2.3889455795288086,0.15625
2.34853732585907,0.13235294446349144,2.304269552230835,0.125
