loss,acc,val_loss,val_acc
2.3253341913223267,0.08593750232830644,2.275960087776184,0.125
2.2872246727347374,0.1406250045984052,2.2656283378601074,0.21875
2.25841224193573,0.2132353000342846,2.2258437871932983,0.25
2.1910088770091534,0.2421875074505806,2.208927273750305,0.265625
