loss,acc,val_loss,val_acc
2.334568154321958,0.1232876712328767,2.390386224886693,0.06422018348623854
2.3142706172107017,0.136986301369863,2.3759837631785543,0.11009174346103581
