loss,acc,val_loss,val_acc
2.702180325984955,0.17500000894069673,3.0914318561553955,0.125
