loss,acc,val_loss,val_acc
4.085775342941284,0.11199999791383743,2.734886646270752,0.140625
2.5694167017936707,0.12837837636470795,2.405670664045546,0.1111111111111111
