loss,acc,val_loss,val_acc
2.5446449023921316,0.04065040717037713,2.246816396713257,0.1875
2.2760871052742004,0.16666667349636555,2.204936981201172,0.1875
2.0929130635610442,0.3252032624512184,2.227874994277954,0.125
2.0155795405550703,0.40650408006295924,2.0981431007385254,0.15625
