loss,acc,val_loss,val_acc
4.399596244096756,0.0986842093989253,3.0893051821157473,0.14678899150922758
2.8726253402766897,0.11940298390699856,2.4901773032792116,0.13761467924085233
