loss,acc,val_loss,val_acc
2.3488903999328614,0.1375,2.3385469913482666,0.109375
2.3929488492012023,0.17,2.566430926322937,0.171875
2.5517140755286585,0.17692307692307693,2.2512285709381104,0.28125
2.189243125915527,0.225,2.245464324951172,0.109375
