loss,acc,val_loss,val_acc
2.3550841352518868,0.12500000536880074,2.3317267894744873,0.15625
