loss,acc,val_loss,val_acc
5.212699909732766,0.11643835616438356,2.241283766720273,0.2293578000790482
2.0969394396429193,0.3150684931506849,1.791121091317693,0.3302752326387878
