loss,acc,val_loss,val_acc
2.41559649848938,0.08799999898672103,2.2875094413757324,0.171875
