loss,acc,val_loss,val_acc
4.96043201342021,0.1232876712328767,2.331347483013748,0.11926605695978217
1.968766103052113,0.3493150684931507,2.370737027684483,0.12844036731424682
1.59793456613201,0.4726027397260274,2.388340040084419,0.09174311926605505
1.4676547034146035,0.5273972602739726,2.4778548905608853,0.11926605538764132
