loss,acc,val_loss,val_acc
2.993832167712125,0.1545454664663835,2.6156327724456787,0.1875
