loss,acc,val_loss,val_acc
13.23214336943953,0.0821917808219178,14.491498684664386,0.10091743119266056
14.462126692680464,0.10273972602739725,14.63937104951351,0.0917431196078248
