loss,acc,val_loss,val_acc
2.374873775325409,0.1232876712328767,2.272878484988431,0.1651376160459781
2.289404967059828,0.14383561643835616,2.2566252782804157,0.15596330309406334
2.1960427940708316,0.2191780821917808,2.2389786614312066,0.14444444610012902
2.22657193223091,0.2054794520547945,2.391349381263103,0.11926605641295057
2.148081660270691,0.2375,2.2711685994349486,0.18348623887387985
2.122875594112971,0.2328767123287671,2.3165268659591676,0.1555555565489663
2.136936902999878,0.22727272727272727,2.5284073418433515,0.09174311926605505
2.1104135632514955,0.23125,2.211915611127101,0.183486238668818
