loss,acc,val_loss,val_acc
2.3691006941761046,0.15827338362662055,2.536995367570357,0.09090909139289484
1.8595303807939803,0.3167701874460493,2.5892719541277205,0.09090909139289484
