loss,acc,val_loss,val_acc
2.3967396089853334,0.06611570186358838,2.3185691833496094,0.125
2.3027712018036643,0.13223140169520023,2.284353256225586,0.03125
