loss,acc,val_loss,val_acc
11.187298918423588,0.17123287671232876,14.047881336387144,0.12844036765601657
13.910137072001419,0.136986301369863,13.45639204322745,0.1651376153624386
13.689341505912886,0.1506849315068493,13.308519678378325,0.1743119285194152
14.241330656286788,0.11643835616438356,13.752136326711112,0.14678899150922758
