loss,acc,val_loss,val_acc
2.4431250627758434,0.14563106694846478,2.480851411819458,0.09375
2.522512674331665,0.10169491544365883,2.4501519203186035,0.09375
