loss,acc,val_loss,val_acc
2.3266258322674296,0.11304347816368808,2.3187804222106934,0.0625
2.2968150905940843,0.09565217491725217,2.328286647796631,0.125
