loss,acc,val_loss,val_acc
12.419740546239565,0.0958904109589041,14.639370769535729,0.0917431196078248
14.57252455410892,0.0958904109589041,14.491498430934522,0.10091743153443031
14.909238052368163,0.075,14.34362631981526,0.11009174346103581
14.572524397340539,0.0958904109589041,14.639371075761428,0.09174311994959455
