loss,acc,val_loss,val_acc
3.5619904869481136,0.1403508821600362,4.660359859466553,0.09375
3.9784433046976724,0.06944444527228673,2.5191988945007324,0.0
3.578641619001116,0.035714286512562206,2.5706753730773926,0.09375
2.6304942766825357,0.07638888930281003,2.4907708168029785,0.09375
2.523230502479955,0.07894737116600338,2.3146228790283203,0.09375
2.372246641861765,0.07017544029574645,2.341291666030884,0.125
2.399380181965075,0.0877193000755812,2.523313045501709,0.0625
2.488948345184326,0.07638889240721862,2.5425117015838623,0.09375
