loss,acc,val_loss,val_acc
14.214915807933023,0.10273972602739725,14.935115779211761,0.07339449575461379
14.572524449596667,0.0958904109589041,15.082988030319914,0.06422018416977804
14.46212674493659,0.10273972602739725,14.34362631981526,0.11009174346103581
14.793320224709706,0.0821917808219178,14.491498430934522,0.10091743153443031
14.50628595352173,0.1,15.082987864083107,0.06422018348623854
14.652813766941879,0.09090909090909091,14.639370935772536,0.0917431196078248
14.572524606365047,0.0958904109589041,14.491498264697714,0.10091743153443031
14.808500003814697,0.08125,14.639370935772536,0.0917431196078248
