loss,acc,val_loss,val_acc
3.0311302030590217,0.10563380544034529,2.7869428659414317,0.11688311959241891
2.392375371825527,0.1690140885996147,2.4851479561297927,0.19480519528899873
2.338901204122624,0.16901408964899226,2.22217404997194,0.18181818375339756
2.208259878024249,0.2816901471413357,2.376437905546907,0.12987012987012986
