loss,acc,val_loss,val_acc
2.744110799417263,0.08130081643055125,2.663367509841919,0.03125
2.4105728661141743,0.1463414694114429,2.2435319423675537,0.28125
2.14656832741528,0.24390244956423596,2.3414082527160645,0.21875
2.044512540102005,0.32692309468984604,2.0937604904174805,0.375
