loss,acc,val_loss,val_acc
2.477838817395662,0.08771929889917374,2.419271469116211,0.09375
