loss,acc,val_loss,val_acc
12.989414789905286,0.0958904109589041,13.9000092515158,0.13761467924085233
