loss,acc,val_loss,val_acc
12.054552809832847,0.11643835616438356,14.195753587495297,0.11926605695978217
