loss,acc,val_loss,val_acc
2.4502083388241855,0.1287878853353587,2.4430694580078125,0.046875
2.370039712299,0.11363637379624626,2.450421929359436,0.046875
2.3207566261291506,0.19333334565162658,2.443105459213257,0.046875
2.2837389924309472,0.1742424348538572,2.4803905487060547,0.046875
