loss,acc,val_loss,val_acc
13.829401875195439,0.13013698630136986,14.639371075761428,0.09174311994959455
