loss,acc,val_loss,val_acc
3.0101742318698337,0.14285714525197232,3.146069049835205,0.125
2.8160351117451987,0.17333333815137544,2.462190628051758,0.09375
2.362780268703188,0.14285714525197232,2.5524826049804688,0.1538461595773697
2.308440544775554,0.17857142850490554,2.2039642333984375,0.25
2.172338387795857,0.22321428784302302,2.329293966293335,0.09375
2.1576665242513022,0.23999999463558197,2.401191234588623,0.07692307978868484
2.1349104675086767,0.3243243327817401,2.2389111518859863,0.09375
2.0530075629552207,0.26666667064030963,2.1937143802642822,0.21875
