loss,acc,val_loss,val_acc
4.486148993174235,0.08641975497206052,4.708724021911621,0.03125
3.8301079273223877,0.111111119389534,3.1215853691101074,0.125
