loss,acc,val_loss,val_acc
2.391772215119724,0.15862069165912168,2.274306686646348,0.25688073531203315
2.0322759217229383,0.2827586235157375,2.1896067464023554,0.24770642393225922
