loss,acc,val_loss,val_acc
2.310625195503235,0.14197531094153723,2.2606762647628784,0.140625
2.2283281882603965,0.22839506963888803,2.2807934284210205,0.140625
2.17719566822052,0.2654321069518725,2.2434520721435547,0.15625
2.1366488536198935,0.29629630347092945,2.1987470388412476,0.203125
2.082847793896993,0.37654321392377216,2.236726999282837,0.25
2.0633171002070108,0.40123457709948224,2.2051624059677124,0.203125
2.0207482179005942,0.3827160596847534,2.1305371522903442,0.21875
1.945470670859019,0.45679013431072235,2.140264868736267,0.28125
