loss,acc,val_loss,val_acc
2.492094647884369,0.17500000186264514,2.4177327156066895,0.125
2.3049861669540403,0.22500001192092894,2.449117660522461,0.0625
