loss,acc,val_loss,val_acc
13.49394129400384,0.0821917808219178,14.787243186880689,0.08256880802298905
14.903718190650418,0.07534246575342465,14.639370629546839,0.09174311926605505
