loss,acc,val_loss,val_acc
2.8971083597703413,0.1414141451770609,3.2518420219421387,0.03125
