loss,acc,val_loss,val_acc
7.832905651771859,0.0821917808219178,2.3995642180836527,0.10091743187620006
2.2762394816908116,0.1643835616438356,4.621552049566846,0.10091743310657117
2.4636008501052857,0.23125,3.069137619176042,0.09174311926605505
1.9024068884653589,0.3287671232876712,2.289577921596142,0.22018348760561113
