loss,acc,val_loss,val_acc
2.446860001120769,0.11267605854172102,2.261457393695782,0.1428571433409468
2.231154240353007,0.17605634117630167,2.3165279920999104,0.11688311959241891
