loss,acc,val_loss,val_acc
12.732905845119529,0.10273972602739725,14.047881590117008,0.12844036731424682
4.455820704159671,0.1232876712328767,2.0274403171801785,0.2752293616259864
2.267532381292892,0.2602739726027397,1.7106597434490098,0.4220183519048428
1.6928143044040627,0.4246575342465753,1.8271887411765002,0.3302752307248772
