loss,acc,val_loss,val_acc
2.3366382122039795,0.09740260030542101,2.2909647148924988,0.11688311959241891
