loss,acc,val_loss,val_acc
2.68733491482942,0.07826086784834448,2.5006680488586426,0.15625
2.576147906676583,0.05217391182870969,2.3698816299438477,0.0
2.4200076262156167,0.0780141819268465,2.2987735271453857,0.125
2.3269506122754966,0.14782608935366506,2.291323661804199,0.125
