loss,acc,val_loss,val_acc
2.2987759510676065,0.12345679228504498,2.2534083127975464,0.140625
2.21492866675059,0.21604938805103302,2.2483664751052856,0.1875
2.1582309007644653,0.29012346764405567,2.211221933364868,0.203125
2.1227410236994424,0.3209876666466395,2.1810555458068848,0.203125
