loss,acc,val_loss,val_acc
6.499651068907518,0.1,6.445355653762817,0.109375
4.605781826606163,0.13846153846153847,3.5224106311798096,0.125
3.2512283618633564,0.09230769230769231,2.4603960514068604,0.109375
2.6470454692840577,0.10625,2.4048891067504883,0.125
