loss,acc,val_loss,val_acc
13.60289912223816,0.075,14.343626206074285,0.11009174346103581
14.774920492461234,0.08333333333333333,14.047881616364926,0.12844036765601657
