loss,acc,val_loss,val_acc
2.56492932751882,0.10791367107479692,2.430538573822418,0.11688311785072475
2.2915444245441354,0.16546762884735203,3.012208183090408,0.1428571433409468
