loss,acc,val_loss,val_acc
2.316928594008736,0.1739130428303843,2.390599315816706,0.09090909090909091
2.2902225618777066,0.17391304185856943,2.384064631028609,0.10389610437990783
