loss,acc,val_loss,val_acc
3.103248032239767,0.153846154992397,3.994164228439331,0.0625
