loss,acc,val_loss,val_acc
2.3762841622034707,0.1111111119389534,2.389129877090454,0.09375
2.3170357942581177,0.12345678980151813,2.415057505501641,0.02222222305006451
2.2484230597813926,0.19753086318572363,2.3245019647810192,0.1555555588669247
2.2379374504089355,0.1851851853231589,2.3406344652175903,0.125
