loss,acc,val_loss,val_acc
2.454251331441543,0.14285714373368175,2.433161973953247,0.125
2.202715739482591,0.33613446129470315,2.3134825229644775,0.0625
