loss,acc,val_loss,val_acc
13.04246123849529,0.10273972602739725,14.343626092333313,0.11009174503317666
