loss,acc,val_loss,val_acc
9.381228015733802,0.08695652138279832,14.103333473205566,0.125
