loss,acc,val_loss,val_acc
2.3991355895996094,0.0763888917863369,2.4421536922454834,0.0
2.2036243237947164,0.1842105271000611,2.3029592037200928,0.15625
2.016216805106715,0.2719298318812722,2.307671546936035,0.21875
1.9421132740221525,0.40350877768114995,2.1270408630371094,0.15625
1.7833545835394609,0.47368422307466207,2.1142451763153076,0.25
1.6379775603612263,0.5555555820465088,2.046668529510498,0.34375
1.448320644242423,0.5952381236212594,2.0209906101226807,0.1875
1.5094085534413655,0.5138889054457346,2.008199691772461,0.21875
