loss,acc,val_loss,val_acc
13.656529831559691,0.07534246575342465,14.639370515805865,0.09174311994959455
