loss,acc,val_loss,val_acc
2.3952756294837365,0.1025641061938726,2.3384668827056885,0.15625
2.2483840783437095,0.21481482684612274,2.296865224838257,0.125
2.229513094975398,0.19658120320393488,2.336376667022705,0.0625
2.214504883839534,0.21367522844901451,2.2231602668762207,0.0625
2.1516876954298754,0.25641026863685024,2.2786357402801514,0.15625
2.1312879782456617,0.28205130191949696,2.231393337249756,0.21875
2.1060705184936523,0.27407409250736237,2.1767055988311768,0.25
2.0480810678922214,0.3931624247477605,2.283919095993042,0.125
