loss,acc,val_loss,val_acc
2.3904075567112413,0.08527132054400999,2.3449779748916626,0.140625
2.2541996836662292,0.15909091383218765,2.2502898322211373,0.1111111127667957
2.1787089857944224,0.1782945789570032,2.321625921461317,0.13333333498901792
2.148653130198634,0.24806202289670012,2.252131462097168,0.140625
