loss,acc,val_loss,val_acc
2.8611422777175903,0.15789473056793213,2.8441004753112793,0.0625
2.6826981612614222,0.16190476289817265,2.3344926834106445,0.25
