loss,acc,val_loss,val_acc
2.3701579570770264,0.09803921977678935,2.3886003494262695,0.03125
