loss,acc,val_loss,val_acc
2.3279922008514404,0.0762711837887764,2.3807449340820312,0.03125
2.305989146232605,0.14772727340459824,2.3587098121643066,0.09375
2.333644986152649,0.16101694852113724,2.2555317878723145,0.1875
2.3057652353083045,0.13592233197781647,2.315601110458374,0.15625
