loss,acc,val_loss,val_acc
2.3722062604180696,0.08275862102364671,2.3359787792240807,0.11009174448634507
2.3413038747063997,0.08275862104933837,2.335819817464286,0.11009174503317666
2.312659107405564,0.08275862102364671,2.3121064693555917,0.07339449609638354
2.2805831167432995,0.13071895556317437,2.3002665195990044,0.1559633034358331
