loss,acc,val_loss,val_acc
3.4295827455298844,0.10077519818793895,3.740840792655945,0.078125
