loss,acc,val_loss,val_acc
2.6253792131979634,0.0629921273629027,2.3112881183624268,0.09375
2.4152054899320827,0.1338582721164846,2.3013532161712646,0.140625
