loss,acc,val_loss,val_acc
2.343693319488974,0.06617647376568879,2.3536895513534546,0.140625
