loss,acc,val_loss,val_acc
2.479942172320921,0.10447761572119016,2.3419768810272217,0.125
2.263052225112915,0.1857142925262451,2.2399888886345756,0.2000000003311369
2.196647308766842,0.21875000558793545,2.3463348547617593,0.08888888971673117
2.1212642192840576,0.19285714775323867,2.2997952699661255,0.109375
2.0111012138537507,0.261194032519611,2.19287608994378,0.26666666699780356
1.92302025254093,0.40298507573889264,2.25909596019321,0.15555555588669248
1.9137893630497491,0.3283582078431969,2.2615429162979126,0.171875
1.8482112083862077,0.39552238805970147,2.1986897044711644,0.17777777943346235
