loss,acc,val_loss,val_acc
12.002194600562527,0.0958904109589041,2.3963323098803877,0.12844036697247707
