loss,acc,val_loss,val_acc
4.524454514185588,0.05303030461072922,4.669022083282471,0.0625
