loss,acc,val_loss,val_acc
5.430972857018039,0.0684931506849315,3.241400576512748,0.07339449575461379
