loss,acc,val_loss,val_acc
2.738321425484829,0.11475410434554835,2.7860984802246094,0.125
