loss,acc,val_loss,val_acc
2.356399015017918,0.07857143091303961,2.3359469438528087,0.07792207888968579
