loss,acc,val_loss,val_acc
2.373101956503732,0.07857143091303961,2.3159387607079047,0.09090909090909091
2.3254851613725935,0.09090909361839294,2.3032595089503696,0.09090909187669878
