loss,acc,val_loss,val_acc
2.9013802173525787,0.14728682644145433,2.409838080406189,0.09375
2.2569617143897123,0.20930234498755876,2.4871017932891846,0.109375
1.6297909915447235,0.4999999925494194,2.427730917930603,0.109375
1.569398039863223,0.484127014875412,2.6129019260406494,0.109375
