loss,acc,val_loss,val_acc
2.3312286584273627,0.15652173692765442,2.387852668762207,0.09375
2.374669947831527,0.10434782453205274,2.3947362899780273,0.125
2.35699812018353,0.09565217287644096,2.3938145637512207,0.25
2.351771354675293,0.1205673770358165,2.3476147651672363,0.15625
