loss,acc,val_loss,val_acc
2.7051518852427856,0.11016949240939092,2.252924919128418,0.25
