loss,acc,val_loss,val_acc
2.809522424425398,0.12698412899460113,2.5471761226654053,0.109375
