loss,acc,val_loss,val_acc
13.293399941431334,0.0958904109589041,14.343626039837478,0.11009174346103581
14.793320276965833,0.0821917808219178,14.935115779211761,0.07339449575461379
14.462126588168209,0.10273972602739725,14.639370542053783,0.09174312117996566
14.607023906707763,0.09375,15.082988144060888,0.06422018348623854
