loss,acc,val_loss,val_acc
13.328661539783216,0.07534246575342465,14.491498544675494,0.10091743153443031
14.80850009918213,0.08125,14.491498124708823,0.10091743119266056
14.530706925825639,0.09848484848484848,14.343626372311093,0.11009174503317666
14.46212643139983,0.10273972602739725,14.34362617982637,0.11009174311926606
14.607023811340332,0.09375,14.49149815095674,0.10091743153443031
14.682922258768997,0.08904109589041095,14.639370795783647,0.09174311994959455
14.572524397340539,0.0958904109589041,14.787243274373745,0.0825688076812193
14.90371829516267,0.07534246575342465,14.491498710912301,0.10091743153443031
