loss,acc,val_loss,val_acc
2.297879113091363,0.18518519111805493,2.2501034124181905,0.22935779953221663
2.1680098639594183,0.2160493897067176,2.147687205480873,0.33027523127170877
1.9779293537139893,0.37654321640729904,2.1046824630247345,0.25688073585886473
1.6661668088701036,0.5370370580090417,1.9206327910816998,0.3944954147579473
