loss,acc,val_loss,val_acc
2.48216427564621,0.10833333842456341,2.385817527770996,0.09375
