loss,acc,val_loss,val_acc
3.616394032750811,0.15714286140033176,3.4210925411868405,0.09090909284430665
