loss,acc,val_loss,val_acc
13.300501313928056,0.08904109589041095,14.047881056409363,0.12844036765601657
