loss,acc,val_loss,val_acc
12.522197671132545,0.1095890410958904,13.308519398400543,0.1743119285194152
14.020534985686002,0.13013698630136986,14.047881476376034,0.12844036731424682
14.020534985686002,0.13013698630136986,13.900008945290102,0.13761467889908258
13.689341296888378,0.1506849315068493,14.047881196398254,0.12844036731424682
