loss,acc,val_loss,val_acc
13.154342651367188,0.10625,14.343626066085395,0.11009174380280556
