loss,acc,val_loss,val_acc
2.4336288991521617,0.13934426669214592,2.4997687339782715,0.125
2.4119073152542114,0.11250000447034836,2.3730685710906982,0.125
