loss,acc,val_loss,val_acc
4.122321394986884,0.15503876465697622,3.7206523418426514,0.171875
