loss,acc,val_loss,val_acc
2.3295027129352093,0.09375000285217538,2.297652006149292,0.078125
2.227816466242075,0.2187500058207661,2.247695721520318,0.13333333333333333
