loss,acc,val_loss,val_acc
2.3002917938232423,0.12800000011920928,2.3021925687789917,0.140625
2.2921695442199708,0.16800000196695328,2.2994273556603324,0.17777777810891468
2.2724865226745607,0.16799999761581422,2.3608550813463,0.15555555588669248
2.3177359104156494,0.12162162084132433,2.332874298095703,0.15625
2.308354423522949,0.14400000309944153,2.3085144095950656,0.13333333498901792
2.306372871398926,0.10399999937415123,2.3055983013576933,0.15555555721124012
2.3271931228637697,0.0959999997317791,2.316317081451416,0.15625
2.265174627304077,0.1756756752729416,2.3693029721577963,0.1111111119389534
