loss,acc,val_loss,val_acc
12.853289937973022,0.11875,14.343626206074285,0.11009174346103581
13.799739158316834,0.14383561643835616,13.45639190323856,0.1651376165928097
