loss,acc,val_loss,val_acc
2.531954758358698,0.1532846712065439,2.2740246847078396,0.12987013083773774
2.237065811226838,0.18248174986700072,2.1591764905235986,0.2207792219403502
2.002334952354431,0.31333333005507785,2.09616917139524,0.2207792227144365
1.6976712701782104,0.5483871135980852,1.9884897424029064,0.3896103942549074
1.591698984305064,0.5333333313465118,2.020536069746141,0.28571428764950146
1.472283603501146,0.49635037714547486,1.9351951348317133,0.3766233812678944
1.2920031947811155,0.6277372130077251,1.6944152782489728,0.4935064938935367
1.1887500603703687,0.598540144462655,1.722192189910195,0.37662337778450605
