loss,acc,val_loss,val_acc
2.490242180457482,0.13076923076923078,2.3456963300704956,0.109375
2.3069221606621375,0.15384615384615385,2.2996284537845186,0.17777777810891468
2.241434251345121,0.14615384615384616,2.36205972565545,0.17777777810891468
2.1822947025299073,0.2125,2.1916688680648804,0.140625
2.1028498869675856,0.24615384615384617,2.1470871183607314,0.22222222255335913
2.141753215056199,0.24615384615384617,2.2196297804514566,0.26666666699780356
1.977424823320829,0.2846153846153846,2.371317982673645,0.15625
1.995271372795105,0.2875,2.019927891095479,0.3555555635028415
