loss,acc,val_loss,val_acc
13.368366345967331,0.0821917808219178,14.935115779211761,0.07339449575461379
14.3048095703125,0.1125,14.639370682042673,0.09174311994959455
