loss,acc,val_loss,val_acc
2.3363107617918426,0.10489510275892444,2.3072335020117802,0.07339449541284404
2.2421770095825195,0.21678321751264426,2.290831773652943,0.13761467958262208
