loss,acc,val_loss,val_acc
12.848070614958463,0.11643835616438356,13.604264101850877,0.1559633034358331
