loss,acc,val_loss,val_acc
2.3754727858623474,0.07633587615635559,2.345289707183838,0.09375
2.1239638805389403,0.3161290228366852,2.3327345848083496,0.078125
