loss,acc,val_loss,val_acc
12.411612115689177,0.11194030239955703,14.6070237159729,0.09375
