loss,acc,val_loss,val_acc
2.435000445391681,0.09009009156678174,2.275999069213867,0.09375
