loss,acc,val_loss,val_acc
2.3566390561663413,0.1404958714630978,2.385068655014038,0.125
2.3436752607014553,0.13223140606702852,2.3393592834472656,0.1875
2.3231984774271646,0.11382113893826802,2.3464090824127197,0.07692307978868484
2.3153730522502554,0.14049586641394401,2.3873672485351562,0.15625
2.3570143762698845,0.14876033144056305,2.3285975456237793,0.125
2.3312235673268638,0.11382113893826802,2.3440921306610107,0.0
2.384989921711693,0.12396694171773501,2.345088243484497,0.09375
2.2555308854284366,0.19008264512069956,2.3688859939575195,0.09375
