loss,acc,val_loss,val_acc
2.2954963620726043,0.11188810881409612,2.3031299661058897,0.09174311940276295
2.368115782737732,0.0986842093989253,2.339371941505222,0.07339449609638354
