loss,acc,val_loss,val_acc
2.3740716576576233,0.12142857350409031,2.406690239906311,0.265625
