loss,acc,val_loss,val_acc
2.700164658682687,0.12698412846241677,2.560882329940796,0.109375
2.5256307125091553,0.039682539978197644,2.393000841140747,0.09375
2.4262166023254395,0.11904762206333024,2.3195563554763794,0.140625
2.3302666544914246,0.13888889085501432,2.3948373794555664,0.09375
