loss,acc,val_loss,val_acc
2.3521333821385886,0.1007194244872323,2.394194256175648,0.09090909187669878
