loss,acc,val_loss,val_acc
2.5882090870425,0.10791366737630727,2.517347725954923,0.14285714305066444
2.378736351891387,0.1438848904514913,2.391868331215598,0.09090909090909091
