loss,acc,val_loss,val_acc
3.8826104344992802,0.11034482889648141,2.5575012898226395,0.09174311926605505
2.4257524753439017,0.1172413814941357,2.287293464765636,0.12844036765601657
2.312682059715534,0.14482758728594616,2.2700540992948746,0.14444444610012902
2.2548012848558097,0.13793103633255793,2.2371128567861853,0.16513761502066884
2.1307257546318903,0.20261438108152813,2.2370135827895696,0.16513761502066884
2.1061848584752885,0.2043795671286809,2.211429246266683,0.06666666708058781
2.1173080707418506,0.22758621085306693,2.1392724185908607,0.17431192694727435
1.9909190734227498,0.2745098103251722,2.2921374872190143,0.11926605538764132
