loss,acc,val_loss,val_acc
2.413855109895979,0.09090909361839294,2.433421633460305,0.09090909139289484
2.404406668647887,0.08730158966685099,2.414335730787996,0.07792207840588186
