loss,acc,val_loss,val_acc
3.3096529245376587,0.05645161122083664,3.45286226272583,0.09375
4.031063694953918,0.08999999769032002,5.738684177398682,0.03125
5.249392919540405,0.07999999910593032,2.703373432159424,0.1538461595773697
3.2748437404632567,0.15999999821186064,2.5880422592163086,0.09375
