loss,acc,val_loss,val_acc
2.941480419215034,0.08088235666646677,2.4343913793563843,0.109375
2.217450181643168,0.23076924681663513,2.216285228729248,0.203125
