loss,acc,val_loss,val_acc
2.734717926612267,0.1,2.417868971824646,0.09375
