loss,acc,val_loss,val_acc
2.4675473868846893,0.15789473801851273,2.0073273881859737,0.22018349061318493
1.8304556421379545,0.3432835833127819,1.7239229307262176,0.41284403943140574
1.5784407737371804,0.4755244903214328,1.4656654716631687,0.5137614711708979
1.3769438117742538,0.5065789520740509,1.3389519682717979,0.5504587194241515
1.2222011556158532,0.559440554438771,1.1873175933820392,0.5504587183304883
1.153823682176533,0.6268656616335484,1.2012706131016442,0.522935783644335
0.8527994453907013,0.7302631586790085,1.2547528218785557,0.5412844080443776
0.8313431819002112,0.7482517457508541,1.149179389717382,0.6513761495231488
