loss,acc,val_loss,val_acc
3.9100338848492573,0.09923663883263828,2.348827600479126,0.140625
2.4677801405200523,0.15267175231271118,2.45725286271837,0.08888888971673117
2.4160797595977783,0.10322580337524415,2.2967216226789686,0.08888888971673117
2.284662001005566,0.18320610197900816,2.2784671783447266,0.109375
2.2186457128015182,0.18320610141026156,2.194077189763387,0.26666666865348815
2.1914355063256417,0.21374045278279835,2.2096833758884005,0.15555555638339785
1.991524800999474,0.35114502884049453,2.211214303970337,0.171875
1.858956217765808,0.36129031181335447,2.1783481385972765,0.22222222255335913
