loss,acc,val_loss,val_acc
12.439344092591169,0.1095890410958904,14.34362617982637,0.11009174311926606
