loss,acc,val_loss,val_acc
2.6790119542015924,0.09876543324854639,2.4522609645073565,0.11009174346103581
