loss,acc,val_loss,val_acc
2.777145332760281,0.10493827362855275,2.3596554852406912,0.12844036888638768
