loss,acc,val_loss,val_acc
2.3178300875470152,0.12030074963892314,2.3551924228668213,0.0625
