loss,acc,val_loss,val_acc
7.07887824594158,0.13013698630136986,2.3630204506970327,0.12844036765601657
1.9954585552215576,0.3,2.4144778492253853,0.2477064223601184
