loss,acc,val_loss,val_acc
13.286630343084466,0.0958904109589041,14.63937090952462,0.09174311926605505
14.462126588168209,0.10273972602739725,14.491498710912301,0.10091743153443031
14.462126535912082,0.10273972602739725,14.63937090952462,0.09174311926605505
15.124514018019585,0.06164383561643835,14.491498457182438,0.10091743187620006
