loss,acc,val_loss,val_acc
2.317664492739378,0.11678831757855242,2.2589126438289493,0.1298701303539338
2.2419042361043666,0.11678831931883402,2.2341197249177216,0.1428571433409468
2.1872856616973877,0.1933333290119966,2.203782416009284,0.16883116931497277
2.092303117696386,0.24817517813104784,2.158214281131695,0.18181818278578968
2.0539728460773343,0.29838709989863055,2.2541384449252835,0.22077922174682865
2.0001560052235923,0.313333327571551,2.121050599333528,0.12987013257943192
2.0196170850391804,0.2846715317590393,2.018631142455262,0.4025974072419204
1.858124018585595,0.37956203629065605,2.042285872744275,0.23376623473384164
