loss,acc,val_loss,val_acc
14.49508018363012,0.08904109589041095,14.63937090952462,0.09174311926605505
15.12451391350733,0.06164383561643835,14.047881310139227,0.12844036731424682
14.903718086138163,0.07534246575342465,14.935115805459679,0.07339449609638354
14.68292236328125,0.08904109589041095,14.491498404686604,0.10091743119266056
