loss,acc,val_loss,val_acc
2.3050918579101562,0.13114754110574722,2.279019832611084,0.15625
2.245316743850708,0.2749999985098839,2.3560218811035156,0.125
