loss,acc,val_loss,val_acc
3.295246148109436,0.08125,2.3929230707501055,0.09174311994959455
2.3918080402143076,0.13636363636363635,2.2580378296178414,0.09174311994959455
2.309014725358519,0.13013698630136986,2.238432610800507,0.22018348815244274
2.2020027964082485,0.2465753424657534,1.855808424293448,0.3761467903579047
2.256093439990527,0.17123287671232876,2.2595590604554623,0.25688073585886473
1.8219104466372973,0.4041095890410959,2.0261636513088823,0.22018348951952174
1.4730303525924682,0.4875,1.722268211732217,0.27522935971207574
1.6108278108365608,0.3787878787878788,1.6418886775270514,0.3394495456590565
