loss,acc,val_loss,val_acc
2.2955936193466187,0.109090905636549,2.249485969543457,0.15625
2.3262779712677,0.12149533058438346,2.351515769958496,0.0625
