loss,acc,val_loss,val_acc
2.304731187686114,0.11267605906640979,2.2999183326572568,0.07792207840588186
2.3119144036736285,0.11267606011578735,2.2987390121856293,0.07792207840588186
