loss,acc,val_loss,val_acc
2.426982105226445,0.11278195690391656,2.350050926208496,0.09375
2.2237448548912107,0.20300752070165218,2.3170011149512395,0.15555555588669248
