loss,acc,val_loss,val_acc
11.787081003189087,0.1,2.2867689613902242,0.1651376165928097
