loss,acc,val_loss,val_acc
2.355737568128227,0.09900989154777905,2.856597423553467,0.03125
2.595732569694519,0.10655737295746803,2.312256336212158,0.0625
2.3861494017119456,0.09900989597386653,2.320430040359497,0.09375
2.290521025657654,0.18032784759998322,2.236044406890869,0.21875
2.413223147392273,0.11250000074505806,2.2518839836120605,0.21875
2.246532440185547,0.1147540919482708,2.2887611389160156,0.15625
2.276756050563095,0.10891088784331142,2.295090675354004,0.15625
2.2235851807169396,0.1584158355351722,2.2677197456359863,0.15625
