loss,acc,val_loss,val_acc
3.3301687948774585,0.09900990276053401,3.3348512649536133,0.125
3.1059330701828003,0.2295081913471222,2.671081781387329,0.03125
2.6726391787576205,0.029702970038841266,2.765618324279785,0.0
2.4199774265289307,0.06557377055287361,2.318013906478882,0.09375
