loss,acc,val_loss,val_acc
2.4636402219758,0.11278195701595536,2.3174641132354736,0.109375
2.1899106025695803,0.20000000298023224,2.3081232759687635,0.20000000165568457
2.035357028918159,0.2932330842753102,2.3553444120619034,0.13333333498901792
2.0709926077157013,0.2561983522797419,2.3186028003692627,0.078125
2.0677008727439365,0.24812030128406404,2.297424883312649,0.13333333416117563
1.914430570602417,0.33793103992938994,2.176167647043864,0.26666666865348815
1.7439822435379029,0.5172413766384125,2.2487024068832397,0.15625
1.7846885238374983,0.4135338339142333,2.034107139375475,0.3555555588669247
