loss,acc,val_loss,val_acc
2.2750644734565246,0.10638298125977212,2.347867182322911,0.07792207840588186
