loss,acc,val_loss,val_acc
2.3727905335633652,0.11594203114509583,2.480820101576966,0.09090909090909091
