loss,acc,val_loss,val_acc
2.7137796935134046,0.1496063020285659,2.3585782051086426,0.125
2.13208225580651,0.26771654235565756,2.1130926609039307,0.1875
1.8407500982284546,0.34285715222358704,1.9866695404052734,0.28125
1.6165115298248651,0.5039370268817962,2.0607309341430664,0.21875
