loss,acc,val_loss,val_acc
2.3601436614990234,0.09375,2.329989433288574,0.0625
2.284131706977377,0.10204081845526793,2.256211042404175,0.25
2.2471885875779756,0.17346938790715472,2.3533222675323486,0.23076923191547394
2.236498236656189,0.15625,2.279205799102783,0.1875
2.2303455897739957,0.20408163356537723,2.3271982669830322,0.125
2.207338805101356,0.22448979622247267,2.066749095916748,0.38461539149284363
2.1935618167020836,0.2040816375187465,2.262791872024536,0.1875
2.1588895320892334,0.2578125,2.2321619987487793,0.1875
