loss,acc,val_loss,val_acc
2.383790593751719,0.16197183549823896,2.2877580840866285,0.19480519596632426
2.21676654882834,0.2323943701848178,2.29859007178963,0.1428571433409468
2.046220047373167,0.2887323939464462,2.251895217152385,0.11688311707663845
1.9424888449655453,0.3802816905605961,2.3358048401869738,0.12987013006365145
1.8099954699126768,0.32394366155208,2.199249199458531,0.15584415632795978
1.7686532920515035,0.4507042261916147,2.2495433324343197,0.19480519499871637
1.6360447406768799,0.5187500007450581,2.0629232765792254,0.2467532486884625
1.5736346412712419,0.49295775319488955,2.0688270191093543,0.2597402616754755
