loss,acc,val_loss,val_acc
3.1178128994428196,0.057692308337069474,5.438974380493164,0.0625
5.625776896109948,0.11538461337868984,6.580732345581055,0.09375
