loss,acc,val_loss,val_acc
4.795471266696327,0.14285714417359882,6.594626426696777,0.125
4.83695734174628,0.12030075311212611,4.177069425582886,0.109375
4.452066040039062,0.06206896379590034,4.112051010131836,0.09375
4.193221673033292,0.06015037414722873,4.331450581550598,0.109375
