loss,acc,val_loss,val_acc
2.389729327168958,0.11724138110876084,2.188065432627267,0.1926605504587156
2.08120735267113,0.2758620744635319,2.1153145317637594,0.3027522949450607
1.9785602166734892,0.2896551762161584,2.032691314679767,0.31192660741849776
1.7225319809383817,0.4248366128239367,1.880388231452452,0.3669724803452098
1.4379059290063791,0.6000000203477925,1.7281855268215915,0.5321100950241089
1.2298617700050618,0.6275862256000782,1.7875175388581162,0.37614679281864694
1.2422061887280695,0.6275862290941435,1.6599103988857444,0.47706422346447586
0.9250857221669164,0.7862069269706463,1.382495582650561,0.5412844064038828
