loss,acc,val_loss,val_acc
2.31294322013855,0.10638298229017157,2.303175650633775,0.09090909187669878
