loss,acc,val_loss,val_acc
2.3386106408875564,0.09655172503713903,2.2987912772992334,0.1559633046662042
2.30295803135839,0.11724138116014415,2.2784822971448984,0.21100917465369637
