loss,acc,val_loss,val_acc
2.3581332883169486,0.06201550607071366,2.2562366724014282,0.171875
2.247992909231851,0.17829458103623502,2.2330487966537476,0.1875
2.1390522122383118,0.27272728085517883,2.226677656173706,0.203125
2.102400641108668,0.3410852863345035,2.166267514228821,0.21875
2.013018472250118,0.3720930412758228,2.1550122499465942,0.25
1.8807091796120932,0.5271317875662516,2.057960033416748,0.328125
1.8590564131736755,0.5075757578015327,2.031209886074066,0.34375
1.8274156337692624,0.4761905152173269,1.9961955547332764,0.375
