loss,acc,val_loss,val_acc
13.251522278785705,0.075,14.639370769535729,0.0917431196078248
14.774920608058121,0.08333333333333333,14.63937090952462,0.09174311926605505
