loss,acc,val_loss,val_acc
12.926739836392338,0.10273972602739725,13.456391483271888,0.1651376160459781
13.468545574031465,0.1643835616438356,13.604264101850877,0.1559633034358331
