loss,acc,val_loss,val_acc
2.525985091710262,0.10071942572006219,2.318665362023688,0.06493506590267281
2.349847687234124,0.10791367094079368,2.4455859010869805,0.1428571433409468
2.2736284732818604,0.14285714232495852,2.243371616710316,0.23376623473384164
2.2368434075828936,0.143884893533566,2.284397081895308,0.1428571433409468
