loss,acc,val_loss,val_acc
13.003114334524494,0.0958904109589041,14.935115639222872,0.07339449541284404
