loss,acc,val_loss,val_acc
3.0751763582229614,0.09558823611587286,2.6011213064193726,0.078125
