loss,acc,val_loss,val_acc
12.968113050068894,0.0684931506849315,14.343626039837478,0.11009174346103581
