loss,acc,val_loss,val_acc
2.3271114031473794,0.15432099997997284,2.371540069580078,0.15625
2.296328862508138,0.1419753134250641,2.258213758468628,0.0
2.063216288884481,0.32716051240762073,2.211796760559082,0.21875
1.8803850015004475,0.45679012934366864,2.090435028076172,0.25
1.6298014720280964,0.555555542310079,1.9860776662826538,0.21875
1.383415937423706,0.5555555820465088,1.7929918766021729,0.375
1.3187147378921509,0.5432098905245463,1.8655428886413574,0.25
1.339967171351115,0.54938272635142,1.9023220539093018,0.25
