loss,acc,val_loss,val_acc
2.5952907933129206,0.0802469150059753,2.3105282083563847,0.07339449575461379
2.3534776899549694,0.14197531301114294,2.2862691157454744,0.14678899116745783
