loss,acc,val_loss,val_acc
2.675262212753296,0.09090909239920703,2.715801954269409,0.1875
