loss,acc,val_loss,val_acc
2.3620583336928793,0.1034482767355853,2.3790038528792357,0.06422018348623854
2.3575005629967,0.08965517274778464,2.372329705352083,0.03669724804819177
