loss,acc,val_loss,val_acc
3.5128024943331453,0.09219858407023106,2.491249381721794,0.09090909090909091
