loss,acc,val_loss,val_acc
2.3534611479876792,0.1095890410958904,2.322063295119399,0.10091743153443031
