loss,acc,val_loss,val_acc
2.328332448005676,0.13571428933313914,2.30814419164286,0.15584415681176372
