loss,acc,val_loss,val_acc
2.54178352758918,0.09154929661414993,2.3881228682282685,0.1428571433409468
2.341949313879013,0.1000000019557774,2.3103923518936353,0.1428571433409468
2.353858240189091,0.12903226046792923,2.289505153507381,0.11688311736692082
2.2481755740206006,0.1619718344488614,2.2459712152357225,0.15584415584415584
