loss,acc,val_loss,val_acc
3.304272233623348,0.1643835616438356,3.637015272717957,0.07339449732675465
2.5786629180385643,0.1780821917808219,2.609649032627771,0.08256880925336016
2.3446589708328247,0.15625,2.4655186583142763,0.11009174346103581
2.1507986669671046,0.2328767123287671,2.1331456702783567,0.2293578000790482
1.918781143246275,0.3333333333333333,2.1127346918123577,0.23853211043351288
1.639169406890869,0.35625,2.2289126575539964,0.21100917622583723
1.489575208049931,0.410958904109589,2.178846287071158,0.3394495431983143
1.7014771291654405,0.4452054794520548,1.9509886557902765,0.3577981670515253
