loss,acc,val_loss,val_acc
2.7178604125976564,0.13548386693000794,2.5954840183258057,0.09375
2.079284213881456,0.19083969010651566,2.3604979515075684,0.109375
