loss,acc,val_loss,val_acc
5.302385902404785,0.14375,2.2144924194440927,0.18348624044602072
