loss,acc,val_loss,val_acc
2.734044211251395,0.11428571705307279,2.290173053741455,0.28125
