loss,acc,val_loss,val_acc
4.373198535320532,0.1386861273080763,2.408932846862,0.11688311785072475
2.481441128863035,0.11678831719786581,2.364062173025949,0.09090909361839294
2.383818030357361,0.08666666472951572,2.4051520886359277,0.09090909187669878
2.4145162662450415,0.1240875878690803,2.3730774854684804,0.09090909090909091
2.3825516718147446,0.1386861273080763,2.4365243075729963,0.09090909139289484
2.404892864018461,0.10218977922723241,2.3389135397873915,0.14285714382475073
2.3619826414289267,0.13138685777892162,2.5813473323722937,0.10389610660540594
2.284328418926601,0.16788320808950133,2.466556298268306,0.10389610437990783
