loss,acc,val_loss,val_acc
2.9218116477131844,0.07031250101863407,2.7826285362243652,0.140625
2.3238175213336945,0.2205882417038083,2.2705128457811146,0.15555555638339785
2.083637084811926,0.2656250069849193,2.151204416486952,0.17777777777777778
1.937367824713389,0.30000000869234406,2.1396565437316895,0.359375
1.865405410528183,0.3897058889269829,2.092704857720269,0.3333333366447025
1.8138206973671913,0.3515625009313226,2.141793245739407,0.2000000003311369
1.519087553024292,0.5367647111415863,2.1148622035980225,0.1875
1.4517981950193644,0.5156249990686774,2.041813858350118,0.37777778572506376
