loss,acc,val_loss,val_acc
2.3504837109492374,0.11965812284212846,2.3635551929473877,0.125
2.2560494129474344,0.13675213834414116,2.2321109771728516,0.15625
2.1037108103434243,0.22962963581085205,2.2523961067199707,0.07692307978868484
2.0125382038263173,0.36752137541770935,2.1010780334472656,0.28125
1.9290788081976085,0.4017094155916801,1.9992256164550781,0.28125
1.7599911047862127,0.43589745118067813,2.0704591274261475,0.23076923191547394
1.691191037495931,0.4296296338240306,2.3791911602020264,0.125
1.7411743585879986,0.41025641102057236,1.8361663818359375,0.40625
