loss,acc,val_loss,val_acc
2.7172258749400098,0.08904109589041095,2.275663629584356,0.1651376190535519
2.0709517883927853,0.3013698630136986,2.1981194763008607,0.11926605695978217
1.9865529308580372,0.3287671232876712,2.145988735583944,0.19266055080048536
1.8339936852455139,0.43125,1.9393409053120045,0.32110091934510326
