loss,acc,val_loss,val_acc
3.199035124992257,0.08955224336528067,2.7189124822616577,0.140625
2.3913709512397423,0.2910447859052402,2.2320905923843384,0.3125
2.0974618890392245,0.32089552906022145,2.104917526245117,0.28125
1.9175245299268124,0.41791044954043716,1.991900622844696,0.46875
1.6591169595718385,0.5357143163681031,1.7722257375717163,0.40625
1.5924781382973514,0.4925373281115916,1.6296575665473938,0.5625
1.3854512741316611,0.6492537411291208,1.53130441904068,0.5
1.2606743236086262,0.7089552550173518,1.42898690700531,0.5625
