loss,acc,val_loss,val_acc
2.3028291130065917,0.09999999850988388,2.325418472290039,0.0625
