loss,acc,val_loss,val_acc
2.3918201327323914,0.08333333395421505,2.355475664138794,0.15625
