loss,acc,val_loss,val_acc
13.076065011220436,0.0958904109589041,15.23086067514682,0.05504587190140278
