loss,acc,val_loss,val_acc
8.310884237289429,0.05737704783678055,13.599642753601074,0.15625
14.522243943544897,0.09900990054749026,14.607023239135742,0.09375
