loss,acc,val_loss,val_acc
13.19219790419487,0.0821917808219178,14.047881336387144,0.12844036765601657
