loss,acc,val_loss,val_acc
2.3231518654262318,0.08088235666646677,2.28536856174469,0.1875
2.301425032755908,0.13970589183051796,2.2866954803466797,0.1875
