loss,acc,val_loss,val_acc
2.4528019428253174,0.12068965844810009,2.3397915363311768,0.0
