loss,acc,val_loss,val_acc
2.3189786275227866,0.14634145547946295,2.4157845973968506,0.15625
