loss,acc,val_loss,val_acc
5.972925179625211,0.14383561643835616,2.2934566900270794,0.11009174311926606
2.0949635260725676,0.3013698630136986,2.113698906854752,0.27522935971207574
