loss,acc,val_loss,val_acc
12.370105246974997,0.1232876712328767,14.343626066085395,0.11009174380280556
14.607024002075196,0.09375,14.491498684664386,0.10091743119266056
