loss,acc,val_loss,val_acc
2.5249630212783813,0.072727270424366,2.640272855758667,0.03125
