loss,acc,val_loss,val_acc
2.518612194061279,0.12413793131709099,2.54477322101593,0.078125
2.161106087944724,0.22314049211169076,2.294354796409607,0.15625
2.0364886999130247,0.24827585518360137,2.1276851892471313,0.234375
1.885691451847105,0.375939850296293,2.3824410438537598,0.15625
