loss,acc,val_loss,val_acc
2.6883102016448976,0.11199999499320984,2.8767305612564087,0.109375
