loss,acc,val_loss,val_acc
2.311669413939766,0.10434782757707264,2.2911229133605957,0.1875
