loss,acc,val_loss,val_acc
2.238913048397411,0.21212122318419543,2.4144192934036255,0.09375
