loss,acc,val_loss,val_acc
2.247866084657866,0.16551724286942646,2.018761676385862,0.3669724784312992
1.8920558436163541,0.40000001644266064,1.9149065542658534,0.3394495431983143
1.7266542779074774,0.4901960955725776,1.7034700048079185,0.47706422209739685
1.6250767107427555,0.52554746222322,1.614818166155334,0.5412844113253672
