loss,acc,val_loss,val_acc
2.7614045753479,0.11200000138580798,2.633559823036194,0.140625
2.5060068368911743,0.12162162084132433,2.313837994469537,0.20000000165568457
