loss,acc,val_loss,val_acc
13.042349697792368,0.1095890410958904,14.343626232322203,0.11009174380280556
14.351728674483626,0.1095890410958904,14.639371329491292,0.0917431196078248
14.405547618865967,0.10625,14.935115665470788,0.07339449575461379
14.020534987319005,0.13013698630136986,14.491498430934522,0.10091743153443031
