loss,acc,val_loss,val_acc
12.780560245252635,0.11643835616438356,14.491498264697714,0.10091743153443031
14.457387166480496,0.10273972602739725,13.020050766271188,0.10091743187620006
3.530872845649719,0.25625,1.9674348349964947,0.2752293616259864
2.161003325924729,0.2803030303030303,1.6237966719023678,0.43119266191753775
1.6417837262153625,0.41875,1.2135145297837913,0.5688073421836993
1.9671457825285015,0.4166666666666667,1.4216264103530745,0.6146789018167268
1.339088076353073,0.5625,1.094529168321452,0.6238532208521431
1.649771545235425,0.4863013698630137,1.9229505357392338,0.42201834999093224
