loss,acc,val_loss,val_acc
2.6059075196584067,0.16666666915019354,2.6079287188393727,0.09090909090909091
1.4448213577270508,0.560606065121564,2.6599535384735504,0.10389610486371177
