loss,acc,val_loss,val_acc
13.742630788724716,0.0684931506849315,14.927274021533652,0.07339449541284404
