loss,acc,val_loss,val_acc
4.635428609704613,0.1654135324901208,4.202134609222412,0.171875
3.348046492813225,0.315789470547124,2.3235892057418823,0.390625
2.082310199737549,0.4275861978530884,1.79326993227005,0.421875
1.3895897560549857,0.624060144549922,1.6090062260627747,0.546875
