loss,acc,val_loss,val_acc
12.682536557929156,0.11643835616438356,14.195753867473078,0.11926605695978217
13.910137230402803,0.136986301369863,14.343626092333313,0.11009174503317666
