loss,acc,val_loss,val_acc
2.374029417560525,0.1095890410958904,2.2308515255604315,0.22935779850690738
2.2880074683934044,0.17123287671232876,2.2552063246385767,0.26605504655509915
2.1351799964904785,0.21875,2.212957355711195,0.2555555573768086
2.0750254735554736,0.2671232876712329,2.1901373316388613,0.266055046691807
