loss,acc,val_loss,val_acc
2.362948988223898,0.0896551727734763,2.283954561303515,0.11009174346103581
2.260631252157277,0.1586206915820467,2.267634033063136,0.12844036731424682
