loss,acc,val_loss,val_acc
2.4671641062287724,0.11764706320622388,2.508494257926941,0.125
