loss,acc,val_loss,val_acc
3.5741506375764547,0.06766917273626291,2.384098768234253,0.15625
2.400208439145769,0.09774436227473102,2.327443880505032,0.06666666749450896
