loss,acc,val_loss,val_acc
2.3488972945646807,0.12121212482452393,2.2872138023376465,0.15625
2.3208605267784814,0.09090909361839294,2.3046873622470434,0.13333333333333333
2.309461571953513,0.10606060972945257,2.3014993985493977,0.0888888892200258
2.297089719772339,0.1333333358168602,2.3008838891983032,0.078125
2.3067080215974287,0.1287878839807077,2.2975987434387206,0.1111111119389534
2.29696908864108,0.10606060905212705,2.278114340040419,0.15555555555555556
2.258264589309692,0.15333333909511565,2.211105704307556,0.1875
2.2264519114243355,0.1929824587545897,2.3228749540117053,0.13333333498901792
