loss,acc,val_loss,val_acc
2.9826776683330536,0.11718750244472176,2.558542490005493,0.125
