loss,acc,val_loss,val_acc
2.288739269585918,0.1366906500280761,2.3030077079673865,0.09090909139289484
2.323643946819168,0.12230215931860663,2.3038608439556962,0.09090909187669878
