loss,acc,val_loss,val_acc
12.01765251159668,0.1232876712328767,11.019354382786181,0.11009174311926606
3.6560233521134884,0.14383561643835616,2.2532498574038162,0.15596330309406334
