loss,acc,val_loss,val_acc
2.8957515667224754,0.060344828164269185,2.764202117919922,0.0625
2.6563525994618735,0.17391304175059,2.4790735244750977,0.09375
2.5026999629777054,0.12068965189672749,2.7527072429656982,0.1538461595773697
2.4780613348401825,0.13793103435430035,2.393576145172119,0.15625
2.389099359512329,0.13768115639686584,2.4515380859375,0.09375
2.3560725409409096,0.13793103435430035,2.1057207584381104,0.23076923191547394
2.2489396580334367,0.18103448121712126,2.2691001892089844,0.15625
2.2909398572198274,0.15517240968243828,2.2848641872406006,0.1875
