loss,acc,val_loss,val_acc
2.41737699508667,0.11363636702299118,2.3466567993164062,0.0625
