loss,acc,val_loss,val_acc
2.3409646881951227,0.08496732140580814,2.330764492717358,0.06422018382800829
2.341247614282761,0.06569343136392371,2.3136575703227193,0.07339449609638354
