loss,acc,val_loss,val_acc
2.399610674658487,0.10852713467076767,2.2308908700942993,0.21875
