loss,acc,val_loss,val_acc
13.467632398213425,0.0821917808219178,14.491498317193548,0.10091743310657117
14.793320276965833,0.0821917808219178,14.49149829094563,0.10091743187620006
14.506285762786865,0.1,14.935115779211761,0.07339449575461379
14.286493590383818,0.11363636363636363,14.639370402064893,0.09174311994959455
