loss,acc,val_loss,val_acc
12.420657954803884,0.1506849315068493,13.752136606688893,0.14678899150922758
