loss,acc,val_loss,val_acc
10.701454864789362,0.08904109589041095,8.172441360053666,0.15596330309406334
