loss,acc,val_loss,val_acc
2.395670167861446,0.11290322784935275,2.3157548904418945,0.078125
2.2756265997886658,0.1315789483487606,2.3251510858535767,0.109375
2.1071142653624215,0.3229166686845322,2.383071184158325,0.109375
2.1524049639701843,0.19736842066049576,2.2989221811294556,0.15625
2.0644438805118686,0.3145161275902102,2.1705775260925293,0.28125
2.011617097162431,0.3548387112396379,2.2999868392944336,0.125
1.9866662621498108,0.4013157784938812,2.21811580657959,0.140625
1.860179893432125,0.5,2.171888589859009,0.15625
