loss,acc,val_loss,val_acc
2.445843277658735,0.10000000298023223,2.2662826110790304,0.1298701303539338
