loss,acc,val_loss,val_acc
2.5157496134440103,0.11111111255983512,2.3023117300751923,0.14285714382475073
2.302092107859525,0.15151515332135287,2.3018494457393497,0.14285714305066444
