loss,acc,val_loss,val_acc
2.3274658439803297,0.0948905074683419,2.3954259358443224,0.025974025974025976
2.2905969463125633,0.1386861298097311,2.352329563784909,0.025974025974025976
