loss,acc,val_loss,val_acc
2.4168490424869566,0.08661417460699719,2.3686838150024414,0.109375
2.4229323920302503,0.07874015881496621,2.4036413431167603,0.109375
2.396283008920865,0.11811023880177596,2.378613829612732,0.125
2.4394585490226746,0.05714285746216774,2.365321397781372,0.140625
