loss,acc,val_loss,val_acc
2.3642656207084656,0.1513157868757844,2.320008444129874,0.0825688076812193
2.2896072526476274,0.15671641707642756,2.252010533569056,0.10091743187620006
