loss,acc,val_loss,val_acc
2.852702352735731,0.11728395314680205,2.342214330620722,0.0825688076812193
