loss,acc,val_loss,val_acc
12.918215555687473,0.0684931506849315,14.49149829094563,0.10091743187620006
14.572524501852794,0.0958904109589041,14.639371189502402,0.09174311926605505
14.682922467793503,0.08904109589041095,14.787243213128606,0.08256881171410237
14.903718190650418,0.07534246575342465,14.343626066085395,0.11009174380280556
