loss,acc,val_loss,val_acc
10.633757174015045,0.08571428759023547,14.103333473205566,0.125
13.85590648651123,0.14035088196396828,13.599642753601074,0.15625
13.815509796142578,0.14285714738070965,13.85148811340332,0.140625
14.087468823110024,0.12598425651511808,13.851488590240479,0.140625
