loss,acc,val_loss,val_acc
2.335708049627451,0.15384615400245974,2.2618849846201203,0.11926605538764132
2.186111341823231,0.30769230539982134,2.2415450997308852,0.22018349006635332
