loss,acc,val_loss,val_acc
12.814254734614124,0.1095890410958904,13.752136746677783,0.14678899116745783
13.910137124257545,0.136986301369863,13.752137140396538,0.14678899116745783
