loss,acc,val_loss,val_acc
2.9228485770847485,0.08695652335882187,2.5539886982409987,0.14285714382475073
2.2566601297129756,0.18840579558973727,2.423141844860919,0.11688311785072475
