loss,acc,val_loss,val_acc
2.406169371171431,0.09090909121696614,2.5193371772766113,0.125
2.3969765504201255,0.14634146293004355,2.394707202911377,0.125
