loss,acc,val_loss,val_acc
2.469664732615153,0.13333334028720856,2.6103928089141846,0.03125
2.4373080730438232,0.07692307864244168,2.2769412994384766,0.21875
