loss,acc,val_loss,val_acc
2.8807199634611607,0.09375000209547579,2.644625186920166,0.109375
2.536175511777401,0.09375000308500603,2.29603910446167,0.1111111127667957
2.4245087429881096,0.08593750256113708,2.354157569673326,0.06666666749450896
2.3426419235765934,0.11718750247382559,2.5953152179718018,0.109375
