loss,acc,val_loss,val_acc
10.122119997368484,0.09016393699118348,15.614404678344727,0.03125
