loss,acc,val_loss,val_acc
12.539791211689987,0.1232876712328767,13.456391850742724,0.16513761502066884
