loss,acc,val_loss,val_acc
2.3100232124328612,0.1741935431957245,2.2849087715148926,0.140625
2.3080071823619237,0.11214953006427979,2.3600211249457463,0.08888888888888889
