loss,acc,val_loss,val_acc
2.3129405975341797,0.09615384787321091,2.329040050506592,0.15625
