loss,acc,val_loss,val_acc
13.174678959258616,0.10273972602739725,14.047881450128118,0.12844036697247707
