loss,acc,val_loss,val_acc
2.788926839828491,0.14465409020582834,2.8191967010498047,0.03125
