loss,acc,val_loss,val_acc
13.515164832546287,0.0684931506849315,14.639370682042673,0.09174311994959455
14.682922467793503,0.08904109589041095,14.639370402064893,0.09174311994959455
14.682922467793503,0.08904109589041095,14.787243414362637,0.08256880733944955
14.607024002075196,0.09375,14.343625926096506,0.11009174346103581
