loss,acc,val_loss,val_acc
2.5841684974730015,0.16406250512227416,2.336151361465454,0.171875
2.0732034742832184,0.2720588333904743,2.213325023651123,0.203125
1.8607268571853637,0.3083333447575569,2.1666089296340942,0.296875
1.5484982542693615,0.5546875228174031,1.899731695652008,0.359375
1.3512590527534485,0.6029412150382996,1.881127119064331,0.375
1.349182140082121,0.5625000358559191,1.7144088745117188,0.453125
1.0868323612958193,0.6250000521540642,1.6441272497177124,0.453125
1.0085235238075256,0.6544117629528046,1.765493929386139,0.4375
