loss,acc,val_loss,val_acc
2.344564106231345,0.11278195295454864,2.364467740058899,0.09375
2.1426015975780057,0.3007518738172108,2.2649022340774536,0.15625
2.1040056467056276,0.28275861740112307,2.1620112657546997,0.1875
1.9585047664498925,0.33082706464412515,2.140240430831909,0.1875
