loss,acc,val_loss,val_acc
2.4044071798739224,0.08695652416866759,2.3139052205271535,0.11688311785072475
2.2434651454289756,0.1458333358168602,2.225465712609229,0.20779220875981566
2.082297346808694,0.2878787978128953,2.1673520726042907,0.18181818278578968
2.0824190378189087,0.3194444527228673,2.127203046501457,0.37662337933267864
1.8589972257614136,0.43939394842494617,2.048838875510476,0.2467532486884625
1.8212385773658752,0.4305555721124013,2.020008906141504,0.28571429035880347
1.7457384648530379,0.43478262424468994,1.9904087456789883,0.2467532486884625
1.8281080463658208,0.38405798181243567,1.9015492804638752,0.350649356842041
