loss,acc,val_loss,val_acc
2.533983904739906,0.09655172580788876,2.309017343258639,0.12844036731424682
2.2356212385769547,0.18620689989163958,2.252912556359527,0.16513761502066884
