loss,acc,val_loss,val_acc
2.3565100828806558,0.07407407462596893,2.304398775100708,0.09375
2.277445157368978,0.1419753134250641,2.2457048892974854,0.1875
2.184601624806722,0.26543209453423816,2.2168545722961426,0.21875
2.108236074447632,0.33950618902842206,2.3092241287231445,0.0625
