loss,acc,val_loss,val_acc
2.545651400961527,0.08943089606558405,2.401587724685669,0.125
