loss,acc,val_loss,val_acc
2.4179153685667076,0.12244897962984991,2.5129358768463135,0.125
