loss,acc,val_loss,val_acc
12.146198194320888,0.15753424657534246,13.604264101850877,0.1559633034358331
13.358147399066246,0.17123287671232876,13.604264381828658,0.1559633034358331
