loss,acc,val_loss,val_acc
2.802932103474935,0.14000000059604645,2.691934108734131,0.15625
2.5180056520870755,0.13392857342426265,2.5570201873779297,0.125
2.2770983141821786,0.2837837757291021,2.2758357524871826,0.07692307978868484
2.068294564882914,0.31999999781449634,2.1719417572021484,0.3125
