loss,acc,val_loss,val_acc
2.8708564970228405,0.08641975538598166,2.2111949067596997,0.1559633034358331
