loss,acc,val_loss,val_acc
2.3533699218540978,0.1232876712328767,2.378755871309053,0.09174311994959455
2.3582349538803102,0.1125,2.3244718805365605,0.10091743187620006
2.369867292169022,0.10273972602739725,2.3848624679777357,0.07777777819169893
2.359566356196548,0.10606060606060606,2.3665556732667694,0.09174311926605505
2.3489213466644285,0.1125,2.361766736441796,0.0825688076812193
2.3228738849813286,0.12878787878787878,2.342588684293959,0.10000000165568458
2.3607113122940064,0.09375,2.3835144611673615,0.08256880802298905
2.3279176914330684,0.15151515151515152,2.3363568782806396,0.08256880802298905
