loss,acc,val_loss,val_acc
13.943314447794876,0.1232876712328767,13.900008945290102,0.13761467889908258
