loss,acc,val_loss,val_acc
2.38344232103099,0.11304347816368808,2.5944032669067383,0.03125
