loss,acc,val_loss,val_acc
2.34862744808197,0.1554054105654359,2.282235860824585,0.125
2.212030033111572,0.16800000643730165,2.2662365436553955,0.171875
