loss,acc,val_loss,val_acc
2.7660045093960233,0.11764706091748343,2.3819352180585946,0.12844036710918497
