loss,acc,val_loss,val_acc
2.341206874847412,0.08799999606609345,2.290217399597168,0.109375
2.35960244178772,0.13599999743700028,2.2349194314744736,0.24444444610012903
2.2004258155822756,0.19200000089406968,2.236299917432997,0.22222222255335913
2.159037411212921,0.22297297418117523,2.2111480236053467,0.171875
2.1361089515686036,0.231999999165535,2.226068533791436,0.08888888888888889
2.081884813308716,0.25599999439716337,2.186986870235867,0.24444444527228673
2.0511953234672546,0.27702702581882477,2.103028655052185,0.390625
1.8997910652160646,0.3839999942779541,2.1003992716471354,0.17777778108914694
