loss,acc,val_loss,val_acc
2.5188566601794697,0.12318840946840204,2.461306838246135,0.20779220827601172
