loss,acc,val_loss,val_acc
2.4422691682489908,0.13821138864065088,2.4417107105255127,0.15625
2.5639045238494873,0.09615384973585606,2.3198485374450684,0.15625
2.2820863405863445,0.21111111342906952,2.2286083698272705,0.07692307978868484
2.1326804757118225,0.3012820594012737,2.1507816314697266,0.34375
1.952048781441479,0.27642276810436717,2.1860504150390625,0.09375
2.0810218409794135,0.26829269110429577,2.3461430072784424,0.1538461595773697
1.8174885104342204,0.4227642322458872,2.1129605770111084,0.28125
1.5987866818904877,0.4743589907884598,2.178063154220581,0.15625
