loss,acc,val_loss,val_acc
2.5760941428522908,0.1048387082353715,2.4374855756759644,0.09375
2.43538099527359,0.11184210330247879,2.276153898239136,0.2000000003311369
