loss,acc,val_loss,val_acc
2.5658644593280293,0.12318840817264888,2.40945240119835,0.09090909361839294
