loss,acc,val_loss,val_acc
2.5021513234014097,0.0869565227109453,2.3193096681074663,0.11688311785072475
2.2282418375429898,0.20289855256028796,2.2799538482319224,0.16883116931497277
2.169620721236519,0.188405797533367,2.135979262265292,0.31168831188183327
2.0020513931910195,0.2986111144224803,2.0401459715583106,0.37662337701041976
