loss,acc,val_loss,val_acc
2.3275948272031894,0.1274509846287615,2.3790383338928223,0.03125
2.3695170879364014,0.07500000111758709,2.301417112350464,0.1875
2.285879135131836,0.08823529718553319,2.398084878921509,0.07692307978868484
2.232120289522059,0.1764705926179886,2.291360855102539,0.125
