loss,acc,val_loss,val_acc
5.818916130065918,0.07857143431901932,7.564841032028198,0.078125
