loss,acc,val_loss,val_acc
2.8722311125861273,0.1111111127667957,2.263382102371356,0.1743119285194152
2.1076736715104847,0.3086419834030999,2.116679976839538,0.21100917868657942
1.9325190252727933,0.37037038223610985,1.9845318663010902,0.28440367163868124
1.8227687544292874,0.3888889054457347,2.250572173967274,0.1559633034358331
