loss,acc,val_loss,val_acc
2.7768809899039892,0.14492753925530807,2.374221860588371,0.11688311736692082
2.3026254695394766,0.14492753731167834,2.1984027670575426,0.11688311736692082
1.9854572233946428,0.3478261025055595,2.18411922454834,0.16883116931497277
1.8431063095728557,0.409722238779068,1.992197730324485,0.2337662364755358
