loss,acc,val_loss,val_acc
2.3823451078855076,0.08653846060713896,2.5091705322265625,0.09375
