loss,acc,val_loss,val_acc
2.297630499487054,0.18493150684931506,2.2564685038470347,0.21100917499546612
2.085161463855064,0.2328767123287671,2.103831225578938,0.19266055080048536
1.787856206502,0.3698630136986301,1.950761296333523,0.449541288231491
1.8790585210878554,0.3493150684931507,1.9895429895558487,0.3211009212590139
