loss,acc,val_loss,val_acc
4.623400461773913,0.10084033957799944,5.744335174560547,0.0625
5.484451642557352,0.11764705682001195,3.119342803955078,0.15625
3.5895300051745247,0.08403361588716507,2.5996415615081787,0.21875
3.383264938990275,0.14728682736555734,3.0659303665161133,0.1875
