loss,acc,val_loss,val_acc
2.5945282936096192,0.10000000186264515,2.8259060382843018,0.1875
2.7237602074941,0.15079365422328314,2.545902729034424,0.0625
2.5285202264785767,0.11666666977107525,2.4159884452819824,0.07692307978868484
2.3921637892723084,0.09166666865348816,2.2500712871551514,0.0625
2.110412041346232,0.3174603233734767,2.1919586658477783,0.21875
2.0474564150760046,0.23684210604742953,2.148519277572632,0.3076923191547394
1.862879713376363,0.4365079502264659,2.2201268672943115,0.1875
1.9163717746734619,0.23333334401249886,2.26314640045166,0.21875
