loss,acc,val_loss,val_acc
13.685150120356312,0.0684931506849315,14.491498684664386,0.10091743119266056
14.572524606365047,0.0958904109589041,14.787243134384855,0.08256880733944955
14.707762050628663,0.0875,15.082988144060888,0.06422018348623854
14.897027333577475,0.07575757575757576,14.34362617982637,0.11009174311926606
