loss,acc,val_loss,val_acc
3.0377596567754876,0.0821917808219178,2.6291426015556407,0.11926605504587157
2.376320135103513,0.21232876712328766,2.2848991035321435,0.1467889927395987
