loss,acc,val_loss,val_acc
14.164269391804526,0.1095890410958904,14.63937090952462,0.09174311926605505
14.10333318710327,0.125,14.343626066085395,0.11009174380280556
14.286493590383818,0.11363636363636363,14.343625952344421,0.11009174380280556
13.910137124257545,0.136986301369863,14.343625759859698,0.11009174346103581
