loss,acc,val_loss,val_acc
2.368911107381185,0.1111111119389534,2.349456548690796,0.09375
2.349360148111979,0.11111111442248027,2.395095109939575,0.03125
