loss,acc,val_loss,val_acc
12.676917402711632,0.136986301369863,14.195753587495297,0.11926605695978217
