loss,acc,val_loss,val_acc
3.109300928261444,0.12213740207766759,3.079354763031006,0.140625
2.659626293182373,0.12258064150810241,2.3523783683776855,0.09375
2.352503157753981,0.1450381647539503,2.135620951652527,0.265625
1.9658865382653157,0.32061067860545095,2.060644567012787,0.28125
