loss,acc,val_loss,val_acc
2.352197031021118,0.10399999886751175,2.3063892126083374,0.109375
2.227430797576904,0.16799999833106993,2.2598378817240397,0.15555555721124012
2.183134672164917,0.24800000286102294,2.2914437346988255,0.15555555555555556
2.114733397960663,0.29729729145765305,2.2313181161880493,0.171875
