loss,acc,val_loss,val_acc
2.7875798317923475,0.08208955590849493,2.5404796600341797,0.109375
