loss,acc,val_loss,val_acc
2.255424331611311,0.2183098660808214,2.153710931926579,0.18181818375339756
1.815331025862358,0.35915493335522397,1.9650890223391644,0.35064935258456637
