loss,acc,val_loss,val_acc
2.4105839567277036,0.12621359570512494,2.3241701126098633,0.125
2.333414128683146,0.12621359570512494,2.309551239013672,0.15625
