loss,acc,val_loss,val_acc
2.3344578017359194,0.06521739227616269,2.2904958074743096,0.11688311736692082
2.3265438079833984,0.12318840817264888,2.287705124198616,0.11688311785072475
