loss,acc,val_loss,val_acc
13.729141139984131,0.075,14.49149829094563,0.10091743187620006
