loss,acc,val_loss,val_acc
2.376575152079264,0.09756096949179967,2.400435209274292,0.0
