loss,acc,val_loss,val_acc
12.66022264957428,0.08333333519597848,14.6070237159729,0.09375
