loss,acc,val_loss,val_acc
2.728421211242676,0.13013698630136986,2.4667788776782675,0.0917431196078248
2.3763665199279784,0.11875,2.2631787685079314,0.22935779850690738
2.288457263005923,0.1643835616438356,2.2583610355307204,0.16513761502066884
2.2591393499663384,0.12878787878787878,2.2437255929369444,0.22018348815244274
