loss,acc,val_loss,val_acc
2.3411081209778786,0.046875000931322575,2.3227676153182983,0.0625
