loss,acc,val_loss,val_acc
11.596922260441191,0.1643835616438356,13.75213691291459,0.1467889927395987
14.020535037942128,0.13013698630136986,14.63937104951351,0.0917431196078248
13.689341244632251,0.1506849315068493,13.75213663293681,0.1467889927395987
14.130932951626713,0.1232876712328767,14.04788108265728,0.12844036888638768
13.3581475035785,0.17123287671232876,13.900008805301212,0.13761467924085233
14.304809665679931,0.1125,13.604263848121013,0.1559633046662042
13.309639323841441,0.17424242424242425,13.604263988109903,0.1559633034358331
13.599643135070801,0.15625,14.195753814977243,0.11926605538764132
