loss,acc,val_loss,val_acc
2.999363620682518,0.08910890875181349,3.139726400375366,0.09375
