loss,acc,val_loss,val_acc
6.773514221792352,0.08904109589041095,2.2965528790010223,0.08256880733944955
2.20423686504364,0.24375,2.0524708787235646,0.30275229426152117
2.2042907657045308,0.2727272727272727,2.0062651098321336,0.3577981689654359
1.8720505118370057,0.39375,1.4044192056043432,0.5412844069507143
