loss,acc,val_loss,val_acc
2.387378990650177,0.1756756789982319,2.3644940853118896,0.125
2.043803147241181,0.2745098129791372,2.3693262338638306,0.078125
1.6421182751655579,0.527027077972889,2.352970600128174,0.15625
1.6154175472259522,0.47200002312660216,2.3884100914001465,0.09375
1.2455544633865356,0.5840000102519989,2.453346848487854,0.0625
0.9884266881942749,0.7360000343322753,2.4051235914230347,0.125
1.1958644285202027,0.6080000567436218,2.567103862762451,0.09375
1.0809348970651627,0.621621660888195,2.5983318090438843,0.109375
