loss,acc,val_loss,val_acc
2.533405301845179,0.1769911464864174,2.4251718521118164,0.21875
1.8603691843758643,0.3362831718626276,2.341170072555542,0.15625
1.387427568435669,0.5306122303009033,2.0913338661193848,0.25
1.116846421123606,0.584070759009471,1.6601382493972778,0.40625
