loss,acc,val_loss,val_acc
2.409192977632795,0.12380952877657754,2.420464038848877,0.125
2.4560101236615863,0.10476190490382058,2.460793972015381,0.03125
2.410260796546936,0.10526315867900848,2.4350523948669434,0.125
2.437744140625,0.09649122878909111,2.41074275970459,0.09375
