loss,acc,val_loss,val_acc
2.471770163240104,0.13793103589579978,2.3122090418404397,0.11926605538764132
2.2338594453088167,0.1448275902661784,2.171941114128183,0.20183486429923173
2.0809769761973413,0.26896552227694415,2.075866073643396,0.39449541667185795
1.8669583002726238,0.31372549798753524,1.9225803362120182,0.3394495419679432
1.7036924074436057,0.42068966899452537,1.980325456059307,0.26605504778547023
1.5682950241812343,0.45517242520019924,1.6678589637126398,0.44036697685171705
1.4848100042691197,0.5474452804910005,1.589175900188061,0.42201835245167446
1.3508453501595392,0.5098039441638522,1.515507787739465,0.46788991591252316
