loss,acc,val_loss,val_acc
4.990528786019103,0.04794520547945205,2.7600168263146636,0.10091743119266056
2.562210657825209,0.1232876712328767,2.2858288944314378,0.05504587190140278
