loss,acc,val_loss,val_acc
2.3175784746805825,0.15447153399387994,2.253425359725952,0.09375
2.2608749098029017,0.14876032435943273,2.294210195541382,0.125
2.1692206366988254,0.3388429670787055,2.279420852661133,0.125
2.108901869166981,0.2479338770316652,2.315690040588379,0.15625
2.100494317771975,0.23140495455215784,2.21773099899292,0.25
2.0240724086761475,0.28455283244450885,2.177318811416626,0.15625
1.9169556927089848,0.3719008244758795,2.0412065982818604,0.3125
1.8525199279312259,0.4214876033057851,2.20991587638855,0.25
