loss,acc,val_loss,val_acc
14.510597914865572,0.07534246575342465,14.639370769535729,0.0917431196078248
