loss,acc,val_loss,val_acc
2.4961710129309136,0.03669724838996152,2.4296202659606934,0.125
