loss,acc,val_loss,val_acc
12.63408693875352,0.10273972602739725,14.047881310139227,0.12844036731424682
14.351728676116629,0.1095890410958904,14.195753814977243,0.11926605538764132
13.910137228769798,0.136986301369863,14.787243414362637,0.08256880733944955
14.607023906707763,0.09375,14.34362645980415,0.11009174311926606
14.351728778995879,0.1095890410958904,14.935115779211761,0.07339449575461379
13.910137281025925,0.136986301369863,14.491498404686604,0.10091743119266056
14.020535142454383,0.13013698630136986,14.93511535924509,0.07339449541284404
14.462126640424337,0.10273972602739725,14.04788108265728,0.12844036888638768
