loss,acc,val_loss,val_acc
2.4137874491074505,0.10084033660402819,2.3865604400634766,0.09375
