loss,acc,val_loss,val_acc
2.594152741962009,0.1172839535607232,2.26732747051694,0.1834862392156496
2.130750404463874,0.24074074708753163,2.2683172729037224,0.11926605504587157
