loss,acc,val_loss,val_acc
3.5267076932466948,0.07692307692307693,2.3758163452148438,0.078125
2.2876469392042895,0.12307692307692308,2.6332239945729574,0.08888888888888889
