loss,acc,val_loss,val_acc
2.3523376256899726,0.13533834460422509,2.36597216129303,0.09375
