loss,acc,val_loss,val_acc
2.3076940402388573,0.07812500331783667,2.343600869178772,0.046875
2.3178518675267696,0.0859375013387762,2.325022339820862,0.046875
2.3087350726127625,0.1250000004656613,2.3723502159118652,0.046875
2.2868386546770734,0.08333333500971397,2.351078748703003,0.03125
