loss,acc,val_loss,val_acc
2.37271385976713,0.0958904109589041,2.236267697920493,0.1651376165928097
1.7698121190071106,0.46875,1.956992527760497,0.3486238551249198
