loss,acc,val_loss,val_acc
2.379461169242859,0.12711864337325096,2.387528419494629,0.125
