loss,acc,val_loss,val_acc
13.444751086300366,0.07534246575342465,14.491498430934522,0.10091743153443031
