loss,acc,val_loss,val_acc
2.338156283741266,0.11267605948616082,2.388634960372727,0.09090909139289484
