loss,acc,val_loss,val_acc
2.4531065862472743,0.1643835616438356,2.8286862067126353,0.11926605504587157
2.385818977878518,0.15753424657534246,2.4156116564339456,0.045871559633027525
2.1777821566960585,0.23972602739726026,2.3212857882181805,0.10000000124176343
2.1150150037791633,0.2808219178082192,2.313621385381856,0.13761467903579047
1.964397406578064,0.38125,2.325838102113216,0.12844036765601657
1.93088036367338,0.3082191780821918,2.217701972855462,0.17777778026130464
1.803989390804343,0.4178082191780822,2.296008628442747,0.13761467924085233
1.7728534593974075,0.3972602739726027,2.192264248471741,0.1743119267422125
