loss,acc,val_loss,val_acc
3.6071953064154,0.09917355168703174,2.9049880504608154,0.03125
2.527495861053467,0.1300813009341558,2.621466636657715,0.03125
