loss,acc,val_loss,val_acc
2.354633916508068,0.15151515738530594,2.385491371154785,0.03125
