loss,acc,val_loss,val_acc
12.98105104002234,0.10273972602739725,14.19575342125849,0.11926605538764132
