loss,acc,val_loss,val_acc
2.4202385014050627,0.17123287671232876,2.318284887786305,0.13761467903579047
2.218526996978342,0.18493150684931506,2.2529684163014823,0.174311927425752
2.177339207636167,0.2191780821917808,2.1925376600689357,0.2000000005794896
2.0519248720717758,0.2945205479452055,2.161768298630321,0.2568807347652015
1.983448567455762,0.3424657534246575,2.159199288131994,0.15596330288900148
1.8961407223792925,0.4041095890410959,2.140068303214179,0.2111111116906007
1.8252497792243958,0.46875,2.14845024445735,0.22018348705877952
1.7206634723976866,0.4794520547945205,2.020202456264321,0.330275229631214
