loss,acc,val_loss,val_acc
6.360909927875624,0.11926605682307427,11.945999145507812,0.03125
