loss,acc,val_loss,val_acc
14.528172715069497,0.07534246575342465,14.639370542053783,0.09174312117996566
