loss,acc,val_loss,val_acc
13.12639649273598,0.08904109589041095,14.639370769535729,0.0917431196078248
14.707762050628663,0.0875,14.639370935772536,0.0917431196078248
14.774920608058121,0.08333333333333333,14.343625672366642,0.11009174380280556
14.80850009918213,0.08125,14.787243020643881,0.08256880802298905
15.50756142356179,0.03787878787878788,14.49149829094563,0.10091743187620006
14.6070237159729,0.09375,14.49149829094563,0.10091743187620006
14.897027564771248,0.07575757575757576,14.34362617982637,0.11009174311926606
14.506285858154296,0.1,14.639371189502402,0.09174311926605505
