loss,acc,val_loss,val_acc
2.3970008263221154,0.09401709586381912,2.3726625442504883,0.09375
2.2465012868245444,0.22222222636143366,2.260779857635498,0.15625
