loss,acc,val_loss,val_acc
2.2289124735470476,0.15172414073142512,1.9884343475376793,0.23853211200565372
1.8887441931099727,0.3655172493951074,1.9053462546899778,0.44036697630488547
1.6419719169879783,0.49655174016952514,1.7719734218142449,0.43119266383144833
1.5446575057917629,0.5172414010968701,1.6505605058932522,0.504587159791124
1.502303229437934,0.549019628100925,1.637517751903709,0.449541288231491
1.362313669303368,0.6758620884911767,1.6005310673232471,0.47706422401130744
1.247068294163408,0.7103448448510006,1.6057985211731096,0.46788991208470193
1.255125472145359,0.6423357877418072,1.4384592060649066,0.5871559654900788
