loss,acc,val_loss,val_acc
2.3218051454295283,0.10144927838574284,2.364694663456508,0.05194805194805195
2.2925333976745605,0.1376811619038167,2.36016431102505,0.05194805194805195
2.2829955418904624,0.15277778108914694,2.353461299623762,0.03896103896103896
2.2671659614728843,0.20289856001086856,2.3456568594102736,0.025974025974025976
