loss,acc,val_loss,val_acc
2.61978786924611,0.0942028999004675,2.397906575884138,0.11688311881833262
2.3004332418027134,0.1521739135293857,2.590419437978175,0.14285714382475073
2.183064377826193,0.2536231830068257,2.262294611373505,0.18181818278578968
1.9095520351244055,0.4275362387947414,2.271650837613391,0.1038961038961039
