loss,acc,val_loss,val_acc
2.5080705862778885,0.17692307692307693,2.5218043327331543,0.09375
1.877451808636005,0.4153846153846154,2.683678388595581,0.109375
