loss,acc,val_loss,val_acc
13.166777963507664,0.08904109589041095,14.195753561247379,0.11926605572941107
14.46212674493659,0.10273972602739725,14.343625786107614,0.11009174380280556
14.204071521759033,0.11875,14.639370795783647,0.09174311994959455
14.164386633670691,0.12121212121212122,14.04788108265728,0.12844036888638768
