loss,acc,val_loss,val_acc
2.3956453208265636,0.1379310381052823,2.343491121169624,0.0825688076812193
2.212293799170132,0.15172414034605025,2.236452236088044,0.20183486429923173
