loss,acc,val_loss,val_acc
2.4444201057021684,0.08108108138313165,2.376192808151245,0.03125
2.3444048778430835,0.1531531567106376,2.4679768085479736,0.0625
2.2129043952838794,0.29729730937931986,2.136801242828369,0.1538461595773697
2.18528151512146,0.1895424872636795,2.2532496452331543,0.125
2.233635734867405,0.22522523133335887,2.4249095916748047,0.0625
2.1342973709106445,0.2679738650719325,2.2542829513549805,0.38461539149284363
2.057574478355614,0.3153153194769009,2.220132827758789,0.1875
2.0662333320926978,0.29729730132463816,2.2494945526123047,0.1875
