loss,acc,val_loss,val_acc
11.070560873371281,0.0684931506849315,2.2946472780420146,0.13761467958262208
2.416322737523954,0.18493150684931506,1.915786121963361,0.3027522979526345
2.182543671131134,0.3125,1.8476503092214602,0.26605504778547023
2.0417596860365435,0.3409090909090909,2.1506733806855087,0.23853211043351288
