loss,acc,val_loss,val_acc
12.628994876391268,0.08904109589041095,13.900008831549128,0.13761467958262208
