loss,acc,val_loss,val_acc
2.3162020444869995,0.16875,2.1731622765917296,0.2752293616259864
2.1450532295487146,0.2878787878787879,2.118124124107011,0.28440367109184966
1.9823485970497132,0.30625,2.0050153360454313,0.3302752307248772
1.8082129124439124,0.3560606060606061,1.955318765902738,0.22935779884867713
1.7252432091595375,0.3767123287671233,1.892815314301657,0.24770642393225922
1.6375512957572937,0.40625,1.9860972023885184,0.26605505024621245
1.5950160008488279,0.42424242424242425,2.0189756494049633,0.26605504723863865
1.418534231185913,0.45625,1.6777433364763172,0.41284404107190054
