loss,acc,val_loss,val_acc
2.376917044321696,0.08024691666165988,2.3363730907440186,0.125
