loss,acc,val_loss,val_acc
2.4754420689174106,0.08730158848421914,2.500560998916626,0.125
2.347595827920096,0.14285714711461747,2.447442650794983,0.15625
