loss,acc,val_loss,val_acc
2.6222767964215348,0.10563380648972283,2.4637843447846253,0.14285714382475073
2.356176302466594,0.1267605668432276,2.3711031071551436,0.0779220781155995
