loss,acc,val_loss,val_acc
3.0044722080230715,0.10666667371988296,2.413512706756592,0.078125
2.376419795186896,0.17543860485679225,2.2813005447387695,0.125
2.2363306175578725,0.25000001828778873,2.2832603454589844,0.1875
2.2160151481628416,0.22000001296401023,2.252796769142151,0.1875
