loss,acc,val_loss,val_acc
2.315283657122059,0.1512605090852545,2.2830307483673096,0.09375
2.3229784965515137,0.10852713386217754,2.3190248012542725,0.0625
2.357704569311703,0.1008403373866522,2.213405132293701,0.07692307978868484
2.3024815130634466,0.1428571480537663,2.3121347427368164,0.09375
