loss,acc,val_loss,val_acc
2.644393666149819,0.1095890410958904,2.339032103162293,0.2293578000790482
2.120981810844108,0.2945205479452055,2.216145506692589,0.22018348692207163
2.228411560189234,0.2671232876712329,2.0223171995320453,0.3669724784312992
1.7976710438728332,0.41875,1.9171987717304755,0.3394495426514827
