loss,acc,val_loss,val_acc
2.4054932444245667,0.09790209769369006,2.28841821206819,0.13761467903579047
2.3108619376496002,0.17482517482517482,2.258600458092646,0.13761467958262208
2.1554777588877645,0.21678321449073046,2.2281738837560017,0.15555555638339785
2.146386273257382,0.25874125738660775,2.193568995239538,0.22935779850690738
2.0738415718078613,0.33552631363272667,2.2041402913014823,0.13761467958262208
2.1223261856532596,0.27972028149174644,2.1652322080400257,0.2222222255335914
1.9746040422599633,0.3566433560181331,2.133531620743078,0.22018348692207163
1.9526089379837464,0.3706293775589316,2.0919884760445413,0.28440367054501803
