loss,acc,val_loss,val_acc
12.19057559967041,0.13125,13.716217819703829,0.14678899150922758
