loss,acc,val_loss,val_acc
14.517269777925048,0.0821917808219178,14.63937104951351,0.0917431196078248
14.572524345084412,0.0958904109589041,14.639370795783647,0.09174311994959455
