loss,acc,val_loss,val_acc
2.4555593490600587,0.08999999806284904,2.422426223754883,0.09375
