loss,acc,val_loss,val_acc
2.2826730111487827,0.16541353321837304,2.288161277770996,0.140625
2.2376957961491177,0.2255639120152122,2.2588188701205785,0.08888889054457347
