loss,acc,val_loss,val_acc
2.315830694118016,0.11267606011578735,2.3268297554610613,0.07792207792207792
2.3002057444881387,0.19718310247424622,2.325177489937126,0.10389610437990783
