loss,acc,val_loss,val_acc
3.7090361515680947,0.11728395024935405,3.1516151428222656,0.125
