loss,acc,val_loss,val_acc
2.366878034351589,0.13286713198139952,2.3225901411214007,0.1467889927395987
2.2597295137552114,0.1678321727297523,2.1637590325206792,0.23853211446639594
