loss,acc,val_loss,val_acc
5.121509670301248,0.06106870103883379,2.9714380502700806,0.140625
2.812861204147339,0.1419354796409607,2.382675886154175,0.140625
