loss,acc,val_loss,val_acc
9.21015152731142,0.09790209571381549,10.653836014073923,0.09174311926605505
