loss,acc,val_loss,val_acc
2.7011328859532133,0.10638298125977212,2.5513703699235792,0.1428571447923586
2.338200637272426,0.19047619615282332,2.311247581011289,0.10389610486371177
2.0499071545071073,0.23703704368737008,2.2784926550728932,0.11688311736692082
1.9253590277263097,0.3741496758801596,2.0643319959764357,0.2987012996689066
