loss,acc,val_loss,val_acc
12.836483001708984,0.07534246575342465,14.639370769535729,0.0917431196078248
14.241330917567423,0.11643835616438356,14.047881336387144,0.12844036765601657
