loss,acc,val_loss,val_acc
2.323325499411552,0.1290322602275879,2.2493711709976196,0.15625
2.2515231370925903,0.1776315812021494,2.2953984525468614,0.13333333333333333
2.1754045332631757,0.26612903466147764,2.2409937275780574,0.2000000003311369
2.081313919636511,0.266129031056358,2.2218726873397827,0.203125
