loss,acc,val_loss,val_acc
2.3040861649946733,0.1328671325545211,2.2855726578913695,0.1743119267422125
