loss,acc,val_loss,val_acc
2.4440305609452095,0.10526316103182341,2.2197489738464355,0.21875
2.2029734285254228,0.15789473841064855,2.1839866638183594,0.125
1.9558573563893635,0.3611111243565877,2.2866525650024414,0.09375
1.7370480800929822,0.5175438727203169,2.0718846321105957,0.21875
