loss,acc,val_loss,val_acc
3.765309829297273,0.060869564925846845,3.848816156387329,0.1875
3.8003316720326743,0.10638298094272614,3.0960779190063477,0.15625
3.0268557672915253,0.10434782398135765,2.891176700592041,0.0
2.526743814219599,0.052173912589964656,2.3712971210479736,0.125
