loss,acc,val_loss,val_acc
2.3375937583598683,0.12765957962008231,2.31424854947375,0.14285714556644488
2.2242573626497957,0.18439716758563163,2.2356915319120727,0.15584415632795978
2.1832464350030776,0.1631205730298732,2.2270669503645464,0.1428571433409468
2.0861055169786726,0.2585034141583102,2.18690858568464,0.18181818278578968
2.081924796104431,0.2553191578134577,2.0779182694175025,0.2597402616754755
1.9114209692528907,0.3475177418044273,2.014694696897036,0.28571429190697606
1.8939958962988346,0.3120567575097084,1.9130626870440197,0.4935065058918742
1.742745668330091,0.4539007328926249,1.9075532021460595,0.467532468693597
