loss,acc,val_loss,val_acc
3.300767421722412,0.15384615728488335,2.913679599761963,0.09375
