loss,acc,val_loss,val_acc
13.710956265849452,0.08064515960793342,14.6070237159729,0.09375
