loss,acc,val_loss,val_acc
2.4140949906974005,0.0896551736726843,2.3439507593802356,0.07339449575461379
2.395137740825785,0.06206896574846629,2.313308396470656,0.0825688076812193
