loss,acc,val_loss,val_acc
2.487450320086033,0.06474820202846321,2.317946223469524,0.09090909110261249
2.2861246381487166,0.19254658317991666,2.2817433499670647,0.20779220972742354
2.272784989514797,0.12949640159126666,2.2325139417276754,0.18181818230198576
2.1721465347482147,0.2374100671183291,2.310637316146454,0.11688311881833262
2.1743892522958608,0.23931623205669925,2.3606320573137953,0.15584415603767743
2.1861699649265836,0.16770186168806894,2.2141149694269355,0.11688311785072475
2.0305754735315444,0.29496402502488744,2.309659224051934,0.10389610437990783
2.0115432987967843,0.23021582176359437,2.2240324268093357,0.23376623395975535
