loss,acc,val_loss,val_acc
2.4207316637039185,0.1513157868757844,2.347164980862119,0.14678899150922758
2.3403270333560546,0.21641791133738275,2.3210314873161666,0.07339449609638354
2.0694549984031623,0.3776223786644169,2.234197237756517,0.16666666683223513
2.0861759334802628,0.24999999534338713,2.238603836899504,0.15596330309406334
