loss,acc,val_loss,val_acc
12.7308183696172,0.1232876712328767,14.491498404686604,0.10091743119266056
14.506285858154296,0.1,14.639370962020454,0.09174311994959455
14.164386749267578,0.12121212121212122,14.63937090952462,0.09174311926605505
14.405547714233398,0.10625,14.047881502623952,0.12844036765601657
