loss,acc,val_loss,val_acc
12.79695014431052,0.10273972602739725,14.283949318282101,0.05504587155963303
4.608711673788829,0.1643835616438356,2.2704577489730413,0.08256880802298905
2.0663055419921874,0.275,1.7078251598078176,0.47706422155056527
1.7941239696659455,0.3356164383561644,1.4870151095434065,0.5871559654900788
