loss,acc,val_loss,val_acc
2.909149434622817,0.133858270004509,2.370911121368408,0.125
2.2562709361549436,0.25196850769163115,1.9433097839355469,0.4375
