loss,acc,val_loss,val_acc
13.25135197051584,0.08904109589041095,14.935115805459679,0.07339449609638354
14.793320224709706,0.0821917808219178,14.49149829094563,0.10091743187620006
14.462126483655956,0.10273972602739725,14.935115665470788,0.07339449575461379
15.014116104335,0.0684931506849315,14.787243134384855,0.08256880733944955
