loss,acc,val_loss,val_acc
2.4112591330460678,0.11811023777512115,2.3019485473632812,0.140625
2.2472788592961828,0.16535433463928267,2.2153825759887695,0.109375
2.1679816842079163,0.17142857424914837,2.19080126285553,0.203125
2.0988577951596477,0.29921261285703016,2.1193552017211914,0.265625
1.8764288416058998,0.4330708865574964,2.089382767677307,0.265625
1.8082932487247496,0.43307088327220106,1.964556336402893,0.421875
1.7327897201372882,0.42519685438298804,1.874203860759735,0.4375
1.5034712553024292,0.664285734295845,1.7720196843147278,0.4375
