loss,acc,val_loss,val_acc
3.1933759848276773,0.06918239096800487,2.8718018531799316,0.0625
3.855808827836635,0.11864406981710661,3.5989322662353516,0.125
