loss,acc,val_loss,val_acc
12.732540287383616,0.08904109589041095,13.752136326711112,0.14678899150922758
14.130932899370585,0.1232876712328767,13.90000911152691,0.13761467958262208
12.806157987411709,0.2054794520547945,13.604263821873095,0.1559633034358331
13.358147608090754,0.17123287671232876,13.45639190323856,0.1651376165928097
13.57894327869154,0.15753424657534246,14.19575342125849,0.11926605538764132
13.196690654754638,0.18125,13.45639145702397,0.16513761502066884
14.351728674483626,0.1095890410958904,13.90000911152691,0.13761467958262208
13.309639323841441,0.17424242424242425,13.160646701077802,0.1834862385321101
