loss,acc,val_loss,val_acc
12.662609100341797,0.09876543407638867,14.607024192810059,0.09375
14.526184558868408,0.09876543283462524,14.355178833007812,0.109375
