loss,acc,val_loss,val_acc
2.1542071570520815,0.31884058726870496,1.948188760063865,0.4025974072419204
1.3396183749039967,0.6041666766007742,1.609415103862812,0.5844155968009651
0.8604685845582382,0.7898550888766414,1.6040667682499081,0.5324675378861365
0.6369580237761788,0.8913043581921122,1.495837214705232,0.545454549324977
0.5273166982965036,0.8560606295412237,1.2598259712194468,0.5714285853621247
0.48543671270211536,0.875000019868215,1.2129995296527813,0.6363636402340679
0.3801292155099952,0.9275362465692603,1.2608220855911056,0.6493506524469945
0.2136936077605123,0.9927536300990892,1.1192009309669593,0.6363636402340679
