loss,acc,val_loss,val_acc
2.6713691247652656,0.10273972602739725,2.2870368498180986,0.22935779884867713
2.207524351877709,0.2054794520547945,2.1918958764557446,0.22018348815244274
