loss,acc,val_loss,val_acc
2.318122649894041,0.11029412241323906,2.3133310079574585,0.21875
