loss,acc,val_loss,val_acc
2.359210568366291,0.1294964045393381,2.3086714992275486,0.22077922174682865
