loss,acc,val_loss,val_acc
2.7779959706093766,0.10791367045838199,2.5468298305164683,0.09090909187669878
2.2440242441438083,0.1798561203072397,2.399520322873995,0.11688311785072475
2.307041815349034,0.13043478290949548,2.3386286326817105,0.15584415777937158
2.0715215386246606,0.3021582777766015,2.1682027934433576,0.23376623995892412
2.033947174365704,0.1965811956896741,2.131078014126072,0.12987013083773774
1.9485622738762725,0.26618705100292783,2.0422973508958693,0.24675324772085463
1.8571034840175085,0.33540373189108713,1.9665203791160089,0.2597402607078676
1.7268443330586385,0.4388489197912834,1.8574345018956568,0.35064935335865266
