loss,acc,val_loss,val_acc
2.3959383964538574,0.1375,2.4055054056535075,0.13761467889908258
2.184001998467879,0.20454545454545456,2.2667105154159968,0.13761467958262208
2.0833778969229084,0.2671232876712329,2.3306707832548352,0.22222222429182795
2.079989341840352,0.2534246575342466,2.25625280065274,0.13761467924085233
