loss,acc,val_loss,val_acc
2.8391372653799998,0.11267605854172102,2.548447782343084,0.09090909090909091
2.619737490801744,0.14788732719673237,2.5111227964426015,0.14285714382475073
