loss,acc,val_loss,val_acc
13.039359497697387,0.08904109589041095,14.78724346685847,0.08256880802298905
14.793320276965833,0.0821917808219178,14.639370935772536,0.0917431196078248
