loss,acc,val_loss,val_acc
2.314147472381592,0.137681162227755,2.3374033841219815,0.11688311736692082
