loss,acc,val_loss,val_acc
2.4343735849535144,0.07207207411930368,2.5044658184051514,0.09375
