loss,acc,val_loss,val_acc
2.6012677398041215,0.18978102053821522,2.3955592489861823,0.1428571433409468
