loss,acc,val_loss,val_acc
2.742504596710205,0.042857144773006436,2.6690680980682373,0.078125
2.5721449106931686,0.07031250128056854,2.4101111782921687,0.13333333416117563
2.327529239654541,0.185714291036129,2.3699620829688177,0.08888888888888889
2.372749239651125,0.11194030340038129,2.3292232751846313,0.15625
