loss,acc,val_loss,val_acc
2.8688607215881348,0.1147540919482708,2.958221435546875,0.125
2.6895251344926288,0.15841583907604218,2.5552399158477783,0.09375
2.5366697759911565,0.15841583833836093,2.412655830383301,0.09375
2.3871767072394343,0.18811880922553562,2.439763069152832,0.125
