loss,acc,val_loss,val_acc
2.3264753732749885,0.12949640282409655,2.311980811032382,0.11688311736692082
