loss,acc,val_loss,val_acc
2.3116700649261475,0.14814814552664757,2.2557380199432373,0.171875
2.2333438793818154,0.18518518408139548,2.17539341184828,0.2222222230500645
