loss,acc,val_loss,val_acc
13.385953903198242,0.08904109589041095,14.639370682042673,0.09174311994959455
14.903718242906544,0.07534246575342465,14.343625786107614,0.11009174380280556
