loss,acc,val_loss,val_acc
2.72481143951416,0.09999999776482582,4.6874494552612305,0.15625
4.447748422622681,0.04838709533214569,2.5645499229431152,0.125
