loss,acc,val_loss,val_acc
4.107765267534954,0.09756097924418566,5.169816017150879,0.125
4.624467194080353,0.12179487571120262,2.779148817062378,0.09375
2.583374122293984,0.10569106078729397,2.4184560775756836,0.1875
2.4720602500729445,0.09756097760869235,2.3719682693481445,0.0625
