loss,acc,val_loss,val_acc
2.4005950607102493,0.09482758749147942,2.3096208572387695,0.15625
