loss,acc,val_loss,val_acc
13.416478457516186,0.0958904109589041,14.639371189502402,0.09174311926605505
