loss,acc,val_loss,val_acc
12.882103253717291,0.0958904109589041,14.63937104951351,0.0917431196078248
