loss,acc,val_loss,val_acc
12.832291964826913,0.11724138062061934,13.752136072981248,0.1467889927395987
13.339113584058039,0.17241379461925604,13.752136099229165,0.1467889921927671
