loss,acc,val_loss,val_acc
2.4425775182658227,0.12413793283289877,2.2816030344831835,0.15596330309406334
