loss,acc,val_loss,val_acc
2.3271324134373166,0.08391608360347215,2.2917090052858407,0.10091743153443031
2.306525856256485,0.14473684132099152,2.2845418343850232,0.11926605572941107
2.310758744086419,0.09090908965864382,2.267460219356992,0.14678899116745783
2.273000572111223,0.2027972063922382,2.275611549342444,0.11926605572941107
