loss,acc,val_loss,val_acc
14.302767577236645,0.0958904109589041,14.787243274373745,0.0825688076812193
14.3048095703125,0.1125,14.63937104951351,0.0917431196078248
14.462126588168209,0.10273972602739725,14.639370795783647,0.09174311994959455
14.897027449174361,0.07575757575757576,14.195753587495297,0.11926605695978217
