loss,acc,val_loss,val_acc
2.5121960639953613,0.16666667039195696,2.6066238167998077,0.2467532472370507
2.1037134690718218,0.31060606918551703,2.2621367504070333,0.2207792234885228
1.463610013326009,0.5277778009573618,1.453233526898669,0.5064935111380243
0.9214381653329601,0.6884058195611705,2.144748610335511,0.3636363690549677
0.7725826450016188,0.7753623464833135,1.4782994908171814,0.5974026020471151
0.8358285478923632,0.6884058169696642,1.0873580845919522,0.6493506632842027
0.7357862177102462,0.7463768305985824,1.6769371357831089,0.5714285752990029
0.5512414963349052,0.8188406021698661,1.4113310498076599,0.5844155855767139
