loss,acc,val_loss,val_acc
2.309048573176066,0.11728395024935405,2.257185220718384,0.1875
