loss,acc,val_loss,val_acc
3.994990249178303,0.05970149420535387,3.663172960281372,0.09375
