loss,acc,val_loss,val_acc
2.555718041480856,0.10638298284500203,2.4778443683277476,0.06493506541886887
2.5045023370296398,0.09219858407023106,2.4544745265663446,0.06493506493506493
2.4812000508004046,0.1205673781322672,2.4348916573957964,0.06493506541886887
2.471747636795044,0.08510638606992174,2.419497081211635,0.06493506493506493
