loss,acc,val_loss,val_acc
12.54344563941433,0.14383561643835616,14.787243020643881,0.08256880802298905
