loss,acc,val_loss,val_acc
2.293426574581731,0.1532846702276355,2.32322231825296,0.1298701303539338
2.279751478320491,0.16058393839719523,2.3210474949378472,0.16883116931497277
2.2575478031687495,0.18978101814532802,2.2965550546522264,0.16883117076638457
2.204310337702433,0.23999999711910883,2.2880316926287367,0.19480519519223796
2.160572882621519,0.258064518832872,2.2776151880041344,0.15584415632795978
2.146758198738098,0.2666666656732559,2.268091889170857,0.15584415632795978
2.106586287491513,0.36496350462854343,2.259737408006346,0.16883116883116883
2.015630306988737,0.40875912952597127,2.2614993584620486,0.16883117076638457
