loss,acc,val_loss,val_acc
13.648858904838562,0.06875,14.63937104951351,0.0917431196078248
14.774920839251894,0.08333333333333333,14.343625952344421,0.11009174380280556
14.90371829516267,0.07534246575342465,14.935115551729815,0.07339449732675465
14.506285762786865,0.1,14.343625899848588,0.11009174311926606
14.774920608058121,0.08333333333333333,14.639371189502402,0.09174311926605505
14.57252455410892,0.0958904109589041,14.639370655794757,0.0917431196078248
14.808500003814697,0.08125,14.491498177204656,0.10091743187620006
14.652813766941879,0.09090909090909091,14.34362645980415,0.11009174311926606
