loss,acc,val_loss,val_acc
2.41635387763381,0.05468750174622983,2.3227453231811523,0.140625
2.333372425287962,0.14062500227009878,2.289804220199585,0.15625
