loss,acc,val_loss,val_acc
2.323337730868109,0.1310344832981455,2.3354848131127315,0.11009174380280556
2.221811135609945,0.1830065395269129,2.265266901856169,0.15596330309406334
