loss,acc,val_loss,val_acc
2.313622471030432,0.09160305127387738,2.489061117172241,0.046875
