loss,acc,val_loss,val_acc
2.4995085852486745,0.09937888224210058,2.3593418876846117,0.1428571433409468
