loss,acc,val_loss,val_acc
2.3974847346544266,0.1171875029685907,2.3209789991378784,0.09375
2.3584092259407043,0.08823529677465558,2.359380186928643,0.08888888971673117
