loss,acc,val_loss,val_acc
2.460054632416345,0.060150374091209324,2.376212954521179,0.09375
