loss,acc,val_loss,val_acc
12.486906861605709,0.13013698630136986,14.047881030161447,0.12844036731424682
13.799739158316834,0.14383561643835616,13.45639218321634,0.1651376165928097
