loss,acc,val_loss,val_acc
8.221611096771484,0.10091743296986326,14.073808670043945,0.09375
12.719098915747546,0.12844036902309558,13.334131240844727,0.0625
13.440662701924643,0.06289308269818623,12.938821792602539,0.09375
10.832381659691487,0.09174312063313406,11.606979370117188,0.0625
11.187159538269043,0.11949685712655385,16.11809539794922,0.0
11.138547072976323,0.10169491702217166,11.639276504516602,0.09375
10.751298790677971,0.06422018444319384,11.271001815795898,0.15625
10.862993876139322,0.11320754885673523,10.173633575439453,0.125
