loss,acc,val_loss,val_acc
14.120234901840622,0.054054055967040965,15.614404678344727,0.03125
14.230392017880002,0.11711712443345301,15.110713958740234,0.0625
