loss,acc,val_loss,val_acc
3.87570706280795,0.08333333666351708,2.8156708478927612,0.09375
2.6064083142714067,0.0909090939570557,2.5851270569695366,0.1111111111111111
