loss,acc,val_loss,val_acc
2.4723221649889084,0.11475410373484501,2.546389579772949,0.09375
2.4302542600475374,0.1721311529151729,2.466456890106201,0.0625
2.3492581248283386,0.1875000037252903,2.539423942565918,0.09375
2.3303503677493236,0.22131148224971334,2.517764091491699,0.09375
