loss,acc,val_loss,val_acc
13.23475712292815,0.10273972602739725,14.047881310139227,0.12844036731424682
14.405547714233398,0.10625,14.639370515805865,0.09174311994959455
14.241330760799043,0.11643835616438356,14.19575342125849,0.11926605538764132
14.903718190650418,0.07534246575342465,14.047881590117008,0.12844036731424682
