loss,acc,val_loss,val_acc
2.3855913868387235,0.09923663826389167,2.2848610877990723,0.078125
