loss,acc,val_loss,val_acc
2.376354694366455,0.05932203307747841,2.403140068054199,0.09375
