loss,acc,val_loss,val_acc
2.3286635080973306,0.12345679228504498,2.384549294043025,0.05504587155963303
2.33154386944241,0.07407407503989008,2.396848816390431,0.07339449609638354
