loss,acc,val_loss,val_acc
14.115760881606846,0.0958904109589041,14.047881362635062,0.12844036888638768
