loss,acc,val_loss,val_acc
4.80763840675354,0.08943089738306476,3.6373863220214844,0.21875
7.127587676048279,0.11538461968302727,5.333115577697754,0.28125
