loss,acc,val_loss,val_acc
2.3294484615325928,0.10833333805203438,2.33329439163208,0.09375
2.294154629987829,0.11764705926179886,3.6495556831359863,0.09375
3.098358252469231,0.14705882528248956,2.6732354164123535,0.23076923191547394
2.5682841889998493,0.10784314112628207,2.3013534545898438,0.0625
