loss,acc,val_loss,val_acc
2.397041082382202,0.10236220689505104,2.3886730670928955,0.109375
2.360082226475393,0.1259842558697922,2.361323833465576,0.09375
2.2767531871795654,0.17142857424914837,2.326141119003296,0.15625
2.3171231784219817,0.12598425613378916,2.3202024698257446,0.125
