loss,acc,val_loss,val_acc
2.385572655217631,0.1258741248841886,2.274783895650041,0.1376146808129932
2.287815969307106,0.14685314862461357,2.2168293502352654,0.29357798233491567
2.119429111480713,0.29605263099074364,2.0458503206935497,0.3394495431983143
2.044574341667232,0.25373134028110933,2.134528938783418,0.17431192694727435
