loss,acc,val_loss,val_acc
12.833786820712154,0.11643835616438356,13.90000846407829,0.13761468327373538
