loss,acc,val_loss,val_acc
12.247796202359135,0.1095890410958904,14.63937090952462,0.09174311926605505
14.103333568572998,0.125,14.63937090952462,0.09174311926605505
