loss,acc,val_loss,val_acc
8.420705560135515,0.1232876712328767,2.336960112282989,0.28440367163868124
2.2669657485125816,0.2191780821917808,1.9936433013426054,0.31192660987924
