loss,acc,val_loss,val_acc
2.432394528388977,0.13333333805203437,2.3102030754089355,0.09375
2.369260867436727,0.08730159016946952,2.349452495574951,0.0625
2.232396101951599,0.1666666716337204,2.3473050594329834,0.0625
2.2225918650627134,0.2083333410322666,2.363781452178955,0.09375
2.16597603559494,0.233333345875144,2.417391300201416,0.03125
2.167417367299398,0.22222222884496054,2.2647705078125,0.125
2.1459595906107047,0.21929825293390373,2.2582345008850098,0.0625
2.161510467529297,0.2698412835597992,2.2782487869262695,0.09375
