loss,acc,val_loss,val_acc
2.3487253314570378,0.1315789505055076,2.270132064819336,0.15625
