loss,acc,val_loss,val_acc
5.709262662463718,0.0555555559694767,2.3021594865606465,0.12844036765601657
2.3022680812411838,0.11111111359463798,2.300261392505891,0.165137614815607
2.301821788152059,0.14197531135545838,2.301023530960083,0.13333333540293907
2.300659762488471,0.1419753117693795,2.2983562465107767,0.15596330309406334
