loss,acc,val_loss,val_acc
2.3160474463684917,0.14383561643835616,2.2566322142924737,0.2018348623853211
