loss,acc,val_loss,val_acc
2.3428195346485485,0.08181818574666977,2.2901132106781006,0.0625
2.337883551915487,0.10256410390138626,2.372687816619873,0.0625
