loss,acc,val_loss,val_acc
2.3698484897613525,0.055555557211240135,2.2959747314453125,0.15625
2.2697205543518066,0.1419753134250641,2.2713398933410645,0.21875
2.104865630467733,0.3580246965090434,2.257047653198242,0.21875
1.9413091739018757,0.3024691343307495,2.0330028533935547,0.3125
