loss,acc,val_loss,val_acc
13.269377826011343,0.07534246575342465,14.491497897226877,0.10091743187620006
14.607023906707763,0.09375,14.491498710912301,0.10091743153443031
14.897027217980588,0.07575757575757576,14.49149829094563,0.10091743187620006
15.009976196289063,0.06875,14.787243274373745,0.0825688076812193
