loss,acc,val_loss,val_acc
2.453999402911164,0.1007751964552458,2.420390248298645,0.15625
2.3652795553207397,0.14393939822912216,2.2970089859432643,0.06666666749450896
2.226493530495222,0.1705426414345586,2.2087345706091988,0.2222222238779068
2.07036867252616,0.37209303365197294,2.214841842651367,0.1875
