loss,acc,val_loss,val_acc
2.8820563917574673,0.12318840622901917,2.6549975500478373,0.09090909139289484
