loss,acc,val_loss,val_acc
14.308640901356528,0.0958904109589041,14.639371215750318,0.0917431196078248
14.903718138394291,0.07534246575342465,14.639370629546839,0.09174311926605505
