loss,acc,val_loss,val_acc
2.3639159202575684,0.1319444477558136,2.2992193698883057,0.125
2.182400805609567,0.20238095841237477,2.3707847595214844,0.15625
2.1267909606297812,0.3333333432674408,2.1570656299591064,0.28125
1.9236426729904978,0.3333333479730706,2.0818684101104736,0.3125
