loss,acc,val_loss,val_acc
12.539338516862426,0.10273972602739725,14.639370769535729,0.0917431196078248
