loss,acc,val_loss,val_acc
2.408403217792511,0.1333333406597376,2.3026175498962402,0.15625
2.2856834530830383,0.14166666828095914,2.3462491035461426,0.125
2.3402202129364014,0.1269841343164444,2.3037171363830566,0.09375
2.2273451566696165,0.1666666768491268,2.2281785011291504,0.21875
