loss,acc,val_loss,val_acc
2.3681304931640623,0.10400000119209289,2.263662099838257,0.171875
2.261121185302734,0.16799999761581422,2.2235749668545193,0.20000000331136916
