loss,acc,val_loss,val_acc
2.9388102889060974,0.08928571229002305,2.420356273651123,0.1875
2.4600256284077964,0.16666666666666666,2.5418217182159424,0.1875
