loss,acc,val_loss,val_acc
2.3013796479734654,0.08904109589041095,2.2882727570490005,0.10091743119266056
2.2448127726985985,0.1780821917808219,2.2898468665026743,0.11926605572941107
2.250981389659725,0.1780821917808219,2.257093779537656,0.13761467924085233
2.197268923668012,0.2054794520547945,2.2462395046829084,0.14678899116745783
