loss,acc,val_loss,val_acc
13.638098259494729,0.06164383561643835,14.935116059189543,0.07339449575461379
14.70776195526123,0.0875,14.639370935772536,0.0917431196078248
14.897027333577475,0.07575757575757576,14.343625786107614,0.11009174380280556
14.462126588168209,0.10273972602739725,14.34362617982637,0.11009174311926606
