loss,acc,val_loss,val_acc
2.3537407444744574,0.06504065302632205,2.408468246459961,0.0625
