loss,acc,val_loss,val_acc
13.203066368625588,0.0821917808219178,14.639370769535729,0.0917431196078248
9.461675691604615,0.10625,2.2285172611201576,0.14678899116745783
2.1369791782065612,0.23972602739726026,2.5760718999652688,0.11009174503317666
2.5910336710002326,0.23972602739726026,2.215508615205047,0.1376146808129932
1.9399850058229002,0.363013698630137,1.7435082601844718,0.3669724789781308
1.8500279928698684,0.49242424242424243,1.2782771937344053,0.7064220265510979
1.462117737531662,0.5375,1.6726244720843955,0.44036697439097483
1.2152602035705358,0.6027397260273972,1.217371471431277,0.6055045915306161
