loss,acc,val_loss,val_acc
2.3174127205870207,0.06766917279228232,2.2780078649520874,0.171875
