loss,acc,val_loss,val_acc
2.31229451428289,0.15217391239560168,2.328378993195373,0.09090909139289484
