loss,acc,val_loss,val_acc
8.480711579322815,0.10169491171836853,15.110713958740234,0.0625
13.770800025717726,0.1456310717226232,11.584880828857422,0.28125
