loss,acc,val_loss,val_acc
2.3356344043661696,0.08256880870652855,2.2965540885925293,0.125
