loss,acc,val_loss,val_acc
12.687509144822211,0.0958904109589041,13.752136466700003,0.14678899116745783
13.247749433125534,0.1780821917808219,14.047881450128118,0.12844036697247707
13.799739262829089,0.14383561643835616,13.308519118422762,0.1743119285194152
13.79973921057296,0.14383561643835616,13.752136886666674,0.14678899150922758
13.398166751861572,0.16875,13.900008997785935,0.13761468026616158
14.130932899370585,0.1232876712328767,13.752136746677783,0.14678899116745783
12.821212421764027,0.20454545454545456,13.90000897153802,0.13761467924085233
13.358147712603007,0.17123287671232876,13.752136492947919,0.14678899150922758
