loss,acc,val_loss,val_acc
3.3473859230677285,0.14743590354919434,2.4626619815826416,0.125
2.9012665501956283,0.1379310411625895,2.2471513748168945,0.28125
