loss,acc,val_loss,val_acc
2.3856005775394724,0.17164179682731628,2.3146477937698364,0.1875
