loss,acc,val_loss,val_acc
13.649382309835465,0.13934426620358326,13.599642753601074,0.15625
13.872132035552479,0.13934426131795663,14.607023239135742,0.09375
14.103333234786987,0.125,12.398534774780273,0.23076923191547394
13.607900400630763,0.15573770589515812,14.103333473205566,0.125
13.7400152487833,0.14754098873646532,12.592262268066406,0.21875
13.740015874143507,0.14754098262943205,16.11809539794922,0.0
14.136362357217758,0.12295082211494446,14.103333473205566,0.125
13.901857376098633,0.13750000298023224,13.095952987670898,0.1875
