loss,acc,val_loss,val_acc
2.361916462580363,0.10852713386217754,2.324131965637207,0.21875
2.2938613891601562,0.14285714373368175,2.3071703910827637,0.1875
2.304239325567123,0.13761468293196563,2.419297933578491,0.07692307978868484
2.2924463748931885,0.10077519714832306,2.310112953186035,0.1875
