loss,acc,val_loss,val_acc
2.2713974581824408,0.18518518780668577,2.2477601930635784,0.16513761502066884
2.211058987511529,0.27160494443443084,2.2040860346697886,0.21100917465369637
2.155221806632148,0.30864198091957307,2.1545949332210994,0.23853211145882214
2.0929957230885825,0.27160494443443084,2.1073937241090546,0.21100917622583723
1.9603807661268446,0.37654321723514134,2.0159915565350732,0.3577981665046937
1.9147086938222249,0.45679013431072235,1.9064054882854498,0.44036697439097483
1.7424612707561917,0.5432098855574926,1.8334229736153138,0.42201835245167446
1.5787480804655287,0.48148149914211696,1.7518011167508747,0.44954128877832256
