loss,acc,val_loss,val_acc
2.308596932888031,0.11666666809469461,2.3678789138793945,0.0
