loss,acc,val_loss,val_acc
2.3483405915817412,0.1287128733526362,2.296936273574829,0.25
2.276701020722342,0.17821781352014826,2.228598117828369,0.125
2.16230571269989,0.2295081838965416,2.158583402633667,0.375
2.014939592616393,0.3663366209752489,2.1949026584625244,0.1875
1.9775902032852173,0.35245898365974426,2.2268428802490234,0.09375
2.0370806420203484,0.2475247425903188,2.004485845565796,0.375
1.870807941597287,0.43564356140571064,1.970900058746338,0.34375
1.8010067343711853,0.4754098206758499,1.9197776317596436,0.46875
