loss,acc,val_loss,val_acc
2.2867080731825395,0.11363637108694423,2.4091601371765137,0.09375
2.2530631542205812,0.14666667580604553,2.346043586730957,0.09375
