loss,acc,val_loss,val_acc
2.345988610407689,0.0909090906485811,2.4339271466666403,0.07339449575461379
2.3939281760395823,0.07692307718358674,2.387088812819315,0.11009174311926606
