loss,acc,val_loss,val_acc
2.761615981226382,0.10144927757589714,2.301538049400627,0.09090909139289484
2.300903836886088,0.11805555721124013,2.300603792264864,0.09090909090909091
