loss,acc,val_loss,val_acc
13.48250433516829,0.08904109589041095,14.487091974380913,0.10091743153443031
14.220680968402183,0.11643835616438356,14.343626206074285,0.11009174346103581
14.351728726739752,0.1095890410958904,14.047881056409363,0.12844036765601657
13.910137281025925,0.136986301369863,13.900008831549128,0.13761467958262208
14.204071617126464,0.11875,14.195753561247379,0.11926605572941107
14.130932794858332,0.1232876712328767,14.195753587495297,0.11926605695978217
14.793320224709706,0.0821917808219178,14.047881590117008,0.12844036731424682
14.572524397340539,0.0958904109589041,13.900009365256773,0.13761467924085233
