loss,acc,val_loss,val_acc
2.4026144696032907,0.1023622065723881,2.5142428874969482,0.125
2.3955861926078796,0.10000000149011612,2.5212007761001587,0.078125
