loss,acc,val_loss,val_acc
2.3218956060812506,0.08450704456215173,2.3062565388617577,0.11688311736692082
2.2973815387403462,0.09154929661414993,2.3030849555870154,0.1038961038961039
2.258249863772325,0.13380281879028805,2.294623746500387,0.15584415681176372
2.293907970190048,0.125000003259629,2.2965783360716583,0.15584415632795978
