loss,acc,val_loss,val_acc
2.481148600578308,0.12931034713983536,2.24940824508667,0.25
2.2478647782252383,0.16346154390619352,2.3677687644958496,0.15625
