loss,acc,val_loss,val_acc
11.818896149935787,0.0958904109589041,3.228073351973787,0.10091743119266056
2.337719178199768,0.21875,2.0097487388400856,0.30275229426152117
