loss,acc,val_loss,val_acc
13.849465304858064,0.04794520547945205,14.491498737160219,0.10091743255973956
