loss,acc,val_loss,val_acc
2.352544738506449,0.08275862189716306,2.3199163664371594,0.0917431196078248
2.2813499483568913,0.12413793326965694,2.231401279431964,0.25688073428672387
2.25251842367238,0.11034482843403158,2.26452045703153,0.17431192694727435
2.2142524324614428,0.15172414121956662,2.211894989013672,0.1559633034358331
