loss,acc,val_loss,val_acc
13.268751120567321,0.075,14.63937090952462,0.09174311926605505
14.530707157019412,0.09848484848484848,14.787243274373745,0.0825688076812193
