loss,acc,val_loss,val_acc
8.069136436168964,0.11538461581445657,6.255922317504883,0.0625
