loss,acc,val_loss,val_acc
3.527502715587616,0.10526315774768591,2.4989778579921897,0.11009174311926606
2.485755372403273,0.12686567164179105,2.282632943687089,0.11009174380280556
2.262680315471196,0.16783216908261492,2.2338978502485487,0.13333333349890178
2.047364816069603,0.2763157896697521,2.14507880998314,0.22935779830184552
1.8864697476367016,0.41958041291136844,2.0817895285580135,0.32110091825144005
1.5823253250833769,0.5074626899032451,2.107377115885417,0.3000000024835269
1.8272904306650162,0.41447368264198303,2.110795152296714,0.22935779884867713
1.5661708183221883,0.44055944264351904,2.049837937048816,0.2110091744486345
