loss,acc,val_loss,val_acc
3.25206901451637,0.144827587671321,2.560694077692994,0.13761467958262208
2.2404452164967856,0.20915033047397932,2.211490171764969,0.1926605505954235
2.127628024693193,0.2620689717603141,2.16343363126119,0.14444444568620787
1.904911096078636,0.32846716165977674,2.1058354202760468,0.29357798247162353
