loss,acc,val_loss,val_acc
2.483055979013443,0.0592105258256197,2.3223773667571743,0.0917431196078248
2.268996694194737,0.12686567269821666,2.3029677233564745,0.13761468026616158
2.201181133310278,0.18181818124506025,2.2662606689665052,0.20000000182125305
2.2021246254444122,0.19736842066049576,2.2810023377794737,0.08256880802298905
