loss,acc,val_loss,val_acc
2.956060299380072,0.10344827712096016,2.6850116974716887,0.13761467924085233
2.4610488644961652,0.15172414029466694,2.4480517085539093,0.14678899164593548
2.0858426784646924,0.28965517965884047,2.22084956963857,0.20000000099341075
1.8902182422835252,0.4000000085296302,2.246236919263087,0.22018348760561113
1.8507720364464655,0.37254902720451355,2.094661946690411,0.20183486375240012
1.557793983097734,0.5034482896327972,1.9050545162624783,0.4333333369758394
1.454091929171207,0.5036496535269883,1.8513833317187949,0.3302752300413377
1.2595619757970173,0.6143790980180105,2.0984285337115645,0.1743119272890441
