loss,acc,val_loss,val_acc
3.2856456372970926,0.15789473241657243,3.1543774604797363,0.078125
