loss,acc,val_loss,val_acc
13.824595568931265,0.06164383561643835,14.195753561247379,0.11926605572941107
