loss,acc,val_loss,val_acc
2.2966551813586005,0.18620689901812323,2.217380467904817,0.1743119285194152
