loss,acc,val_loss,val_acc
2.3805224078975313,0.0958904109589041,2.410229295765588,0.09174311994959455
2.4040005892923433,0.0821917808219178,2.450392633403113,0.09174311926605505
