loss,acc,val_loss,val_acc
2.3564754327138266,0.08641975373029709,2.344531536102295,0.03125
