loss,acc,val_loss,val_acc
2.775324625127456,0.08823529877425994,2.382781982421875,0.109375
