loss,acc,val_loss,val_acc
2.3243011633555093,0.09629630049069722,2.274892807006836,0.1875
2.3182284181768242,0.11111111532558095,2.2695841789245605,0.15625
2.31270702679952,0.08888889352480571,2.286263942718506,0.09375
2.301734997675969,0.11965812284212846,2.281643867492676,0.0625
