loss,acc,val_loss,val_acc
2.416193425655365,0.13235294818878174,2.5756388902664185,0.109375
2.2715566158294678,0.1858974496523539,2.2387675046920776,0.203125
1.989933544191821,0.3189655348401645,2.1177611351013184,0.265625
1.955551564693451,0.2948718120654424,2.191275715827942,0.25
1.8058756302142966,0.36206898709823343,1.8292141556739807,0.296875
1.7096269528071086,0.37820515036582947,1.860468327999115,0.453125
1.538126281079124,0.5367647321785197,1.8167592883110046,0.328125
1.4334504639401155,0.5073529692257152,1.6555848121643066,0.421875
