loss,acc,val_loss,val_acc
2.350107987721761,0.10852713634570439,2.4079396724700928,0.03125
2.360162103877348,0.1092436989816297,2.3404464721679688,0.0625
