loss,acc,val_loss,val_acc
2.3473856895090006,0.1294964009748517,2.4408674735527534,0.10389610437990783
2.322330027175464,0.11510791334745696,2.3699806696408756,0.10389610437990783
