loss,acc,val_loss,val_acc
2.3373623111031274,0.1398601415795046,2.3058326528706683,0.11009174346103581
2.3117558272568495,0.153846154992397,2.2737689936926606,0.11926605572941107
2.1724772119855547,0.2377622357823632,2.2528912173377145,0.17777777860562008
2.147260472178459,0.21710525825619698,2.2338380419879877,0.16513761502066884
