loss,acc,val_loss,val_acc
2.3433507222395678,0.19658119861896223,2.498349189758301,0.09375
2.2611501216888428,0.12820513259906036,2.420853614807129,0.03125
2.3853766918182373,0.09629629800717036,2.3540430068969727,0.0625
2.3380753076993503,0.10256410676699418,2.40728759765625,0.09375
