loss,acc,val_loss,val_acc
2.876516819000244,0.08547008897249515,2.554370641708374,0.0625
