loss,acc,val_loss,val_acc
12.525314762167735,0.136986301369863,14.639370769535729,0.0917431196078248
