loss,acc,val_loss,val_acc
12.985943702802267,0.10273972602739725,14.76933547553666,0.08256880733944955
