loss,acc,val_loss,val_acc
2.54728094736735,0.06976744284232457,2.284916639328003,0.15625
