loss,acc,val_loss,val_acc
2.303459633642168,0.11940299107957242,2.361364722251892,0.109375
2.173682832006198,0.25373135062296,2.1524832248687744,0.21875
