loss,acc,val_loss,val_acc
13.538022080512896,0.0958904109589041,14.491498124708823,0.10091743119266056
