loss,acc,val_loss,val_acc
14.411332842421858,0.0821917808219178,14.787243554351527,0.0825688076812193
