loss,acc,val_loss,val_acc
2.352622111638387,0.10317460695902507,2.3663907051086426,0.0625
2.19644149981047,0.24561404946603274,2.4285037517547607,0.125
