loss,acc,val_loss,val_acc
3.8289417823155723,0.09259259204069774,3.9455385208129883,0.09375
3.144674817721049,0.1111111119389534,2.6407581117418077,0.13333333416117563
