loss,acc,val_loss,val_acc
2.444168218925818,0.10447761616600093,2.2748392820358276,0.140625
2.2714375019073487,0.12857143133878707,2.2369313716888426,0.2222222255335914
2.140848754057244,0.2313432873629812,2.326245975494385,0.15555555555555556
2.090504834901041,0.2462686593852826,2.2482372522354126,0.171875
