loss,acc,val_loss,val_acc
13.054752663390277,0.0958904109589041,14.93511549923398,0.07339449575461379
14.682922415537377,0.08904109589041095,14.935115919200653,0.07339449541284404
