loss,acc,val_loss,val_acc
12.351098308824513,0.1506849315068493,14.343625812355532,0.11009174503317666
