loss,acc,val_loss,val_acc
11.268664181232452,0.11250000074505806,12.088571548461914,0.25
13.74001531131932,0.147540987026496,15.110713958740234,0.0625
14.007391975039528,0.13095238450027646,14.878241539001465,0.07692307978868484
14.103332996368408,0.1250000037252903,13.59964370727539,0.15625
