loss,acc,val_loss,val_acc
2.3627077591519394,0.05882352975611927,2.350564956665039,0.15625
