loss,acc,val_loss,val_acc
2.2777244227749485,0.1398601389744065,2.255268788118975,0.1834862392156496
2.1094382976318573,0.30769231019320187,2.240387426603825,0.1926605511422551
1.932383350559048,0.489510487426411,2.0743489954449714,0.26605505024621245
1.7990993559360504,0.5723684132099152,2.0394870688062197,0.22935780253979043
1.6554287752108787,0.6417910554515782,1.906570611743752,0.25688073777277537
1.4996170550584793,0.7105263210833073,1.872413147480116,0.28440367040831016
1.4514968061780595,0.6573426565090259,1.6278684893879323,0.48623853593791294
1.2777848293731262,0.7412587408419256,1.5413415902251497,0.46788991153787035
