loss,acc,val_loss,val_acc
2.3417359987894693,0.04938271683123377,2.370089443451768,0.04587156031656703
