loss,acc,val_loss,val_acc
2.4248563511165107,0.07874015919629514,2.300059676170349,0.078125
2.3169462084770203,0.10000000149011612,2.3021575212478638,0.109375
