loss,acc,val_loss,val_acc
2.4096492310644875,0.10563380596503405,2.3269856966935194,0.1298701303539338
