loss,acc,val_loss,val_acc
2.376049280166626,0.09876543159286182,2.357619285583496,0.0625
2.373150904973348,0.08641975248853366,2.382044792175293,0.125
