loss,acc,val_loss,val_acc
5.512342645645141,0.055999998047947884,4.189669966697693,0.15625
3.4110113315582273,0.1199999953508377,2.2714440875583226,0.15555555721124012
