loss,acc,val_loss,val_acc
3.5159781397753997,0.09923663883263828,2.7630722522735596,0.09375
2.4852506637573244,0.18064515590667723,2.1338906288146973,0.328125
2.157553026694378,0.3129770899091968,2.0175240635871887,0.28125
2.3483629872865768,0.11214953076059574,2.300429344177246,0.109375
2.1516008340675414,0.19847327709652995,2.0781878232955933,0.21875
1.7386539936065675,0.39999998807907106,1.773839294910431,0.3125
1.6496671676635741,0.4709677278995514,2.180329918861389,0.1875
2.0197387722051032,0.2897196228259078,1.6562069654464722,0.375
