loss,acc,val_loss,val_acc
13.371701018451011,0.0821917808219178,14.491498264697714,0.10091743153443031
14.793320433734214,0.0821917808219178,14.639370629546839,0.09174311926605505
14.572524501852794,0.0958904109589041,14.787243046891799,0.08256880925336016
14.903718138394291,0.07534246575342465,14.343625786107614,0.11009174380280556
