loss,acc,val_loss,val_acc
3.2299010540122417,0.05970149420535387,2.4174333810806274,0.140625
2.437369728088379,0.1214285746216774,2.309414100646973,0.1111111119389534
2.2860055752654573,0.15671642235855557,2.383906618754069,0.15555555721124012
2.4508186525373317,0.07462686889651995,2.4318764209747314,0.078125
