loss,acc,val_loss,val_acc
2.300128804312812,0.11728395231895977,2.287919164797582,0.11926605572941107
