loss,acc,val_loss,val_acc
4.892926993435377,0.1506849315068493,2.5450909968909867,0.06422018382800829
1.6970152414008364,0.4726027397260274,2.3004347971819956,0.17431192694727435
