loss,acc,val_loss,val_acc
2.5120838214611183,0.09655172539682223,2.262046450868659,0.12844036765601657
2.3391884014524265,0.1448275881594625,2.3083637154430425,0.1376146808129932
2.2458298173444025,0.17931034860425982,2.2944498018387263,0.11926605572941107
2.124302453464932,0.2156862798664305,2.090646332557048,0.3853211028313418
