loss,acc,val_loss,val_acc
2.3511497707633704,0.08391608360347215,2.3018824485463836,0.10091743187620006
2.4008671270383823,0.13286713385707014,2.301974596233543,0.12844036731424682
2.3018199613877943,0.13286713057464652,2.299802139070299,0.15555555588669248
2.2980635166168213,0.157894735224545,2.299366176675219,0.12844036731424682
2.302093552542733,0.11888111684914235,2.2993180161222404,0.1559633034358331
2.2989443382183157,0.13286713198139952,2.297770547866821,0.14444444610012902
2.2970907571432475,0.14685314799939003,2.297989464681083,0.13761467958262208
2.2940603302908946,0.16783216913471688,2.29751395085536,0.13761467958262208
