loss,acc,val_loss,val_acc
11.332969195222201,0.14383561643835616,13.900009365256773,0.13761467924085233
14.241330708542915,0.11643835616438356,13.751897111945196,0.14678899150922758
12.995214557647705,0.19375,13.892695111965914,0.13761467924085233
13.553853006073922,0.1590909090909091,13.747188935586072,0.14678899150922758
13.196690654754638,0.18125,14.189085356686093,0.11926605695978217
13.920173413825758,0.13636363636363635,13.59652523600727,0.1559633034358331
13.498904800415039,0.1625,14.034109535567257,0.12844036888638768
14.351728778995879,0.1095890410958904,13.746418874198143,0.14678899116745783
