loss,acc,val_loss,val_acc
4.049271114941301,0.07758620564408343,3.0147502422332764,0.03125
3.33704940478007,0.15217390904823938,3.018991470336914,0.0625
