loss,acc,val_loss,val_acc
13.130140270233154,0.09600000032782555,14.355178833007812,0.109375
