loss,acc,val_loss,val_acc
2.4411752223968506,0.08805031577746074,2.2837114334106445,0.1875
2.372633721850334,0.1651376172763492,2.325165271759033,0.1875
2.3752720771579567,0.1467889932864303,2.425363779067993,0.1875
2.4959983847556857,0.08256880870652855,2.205735683441162,0.1875
