loss,acc,val_loss,val_acc
12.410171562678194,0.14383561643835616,13.752136860418757,0.14678899116745783
14.020534987319005,0.13013698630136986,13.900008945290102,0.13761467889908258
