loss,acc,val_loss,val_acc
4.734284881362341,0.10526315593405773,3.5408157110214233,0.09375
2.9788503844038883,0.10526315837090176,2.956733822822571,0.09375
2.5388893127441405,0.08275861889123917,2.398983597755432,0.109375
2.4958770216003923,0.09917355322640789,2.3290125131607056,0.125
