loss,acc,val_loss,val_acc
2.3302405490431677,0.11627907253975092,2.276976466178894,0.140625
2.283037543296814,0.13636364042758942,2.2640753587086997,0.08888889054457347
2.214450404757545,0.23015873843715304,2.24790587955051,0.17777777777777778
2.233717978000641,0.1666666716337204,2.267529249191284,0.171875
