loss,acc,val_loss,val_acc
2.2996179291801733,0.10948904902830611,2.2685736433252113,0.18181818452748386
2.231312389791447,0.21897809805661222,2.2362431365174134,0.18181818452748386
2.175039291381836,0.23333332935969034,2.198773786619112,0.23376623918483783
2.1274555363962726,0.29838709274847663,2.151277703124207,0.29870130489398905
