loss,acc,val_loss,val_acc
2.3359685242176056,0.07142857242641705,2.3916821479797363,0.09375
2.339146931966146,0.0933333324889342,2.353616237640381,0.09375
2.3422469667025974,0.08035714272409678,2.352564811706543,0.07692307978868484
2.3150076270103455,0.07142857196075576,2.3932952880859375,0.09375
