loss,acc,val_loss,val_acc
2.4265539812487225,0.1007751964552458,2.3664661645889282,0.140625
2.309107542037964,0.1515151560306549,2.3229377799563937,0.06666666666666667
2.122756833253905,0.25581395972606746,2.2510582711961535,0.15555555721124012
2.050628135370654,0.3178294664898584,2.187310814857483,0.21875
1.9226321730502816,0.364341092664142,2.144794660144382,0.15555555721124012
1.76786869764328,0.37878789007663727,2.093067518870036,0.24444444477558136
1.7048814183189756,0.40476191469601225,1.9908422231674194,0.3125
1.5380769073963165,0.5227272808551788,2.220916499031915,0.13333333498901792
