loss,acc,val_loss,val_acc
2.784325454916273,0.11607142644269126,2.456739902496338,0.09375
