loss,acc,val_loss,val_acc
2.3550096412203203,0.21641791578549058,2.280115008354187,0.15625
2.088836612986095,0.24626867272960606,2.174023747444153,0.203125
1.9323408674837939,0.4253731512311679,1.986997365951538,0.3125
1.6696016788482666,0.49285715222358706,1.8864330053329468,0.46875
1.4267062464756752,0.6343283840079805,1.7848510146141052,0.4375
1.3197199319725605,0.6044776332912161,1.6404510736465454,0.484375
1.2560879383514176,0.6343283715532787,1.783808171749115,0.421875
1.2159222987160754,0.6716417963825055,1.6150013208389282,0.421875
