loss,acc,val_loss,val_acc
2.309574399675642,0.09523809754422732,2.3102972507476807,0.109375
2.2650979587009976,0.1269841305911541,2.2899056673049927,0.140625
2.227912127971649,0.2083333395421505,2.2890838384628296,0.109375
2.194709607533046,0.24603175052574702,2.266139507293701,0.171875
