loss,acc,val_loss,val_acc
2.7850337924813866,0.1353383468169915,2.3433514833450317,0.109375
2.278751471885165,0.18045112737139365,2.242198854022556,0.17777777943346235
