loss,acc,val_loss,val_acc
4.281734348380048,0.08695651986028836,3.0187880992889404,0.15625
