loss,acc,val_loss,val_acc
2.366528376289036,0.15217391855042914,2.4448421496849555,0.03896103896103896
2.344429938689522,0.12318840946840204,2.4258988925388882,0.06493506541886887
2.362667719523112,0.1666666716337204,2.4080687064629096,0.1038961038961039
2.3476407527923584,0.1287878816100684,2.409793825892659,0.1038961038961039
