loss,acc,val_loss,val_acc
2.2442236145337424,0.21153847749034563,2.7899703979492188,0.0625
1.826627406580695,0.3793103651239954,2.792886972427368,0.078125
