loss,acc,val_loss,val_acc
2.580622673034668,0.18181818475325903,2.6382460594177246,0.09375
2.4253025146631093,0.1250000037252903,2.7516591548919678,0.09375
