loss,acc,val_loss,val_acc
2.4238463885163606,0.1232876712328767,2.366221134815741,0.14678899150922758
2.1893257768186802,0.1780821917808219,2.187653443135253,0.2477064223601184
2.013501921745196,0.3561643835616438,2.0698040701927396,0.348623857585662
1.758544421195984,0.4375,1.9175393504833957,0.3853211041984208
