loss,acc,val_loss,val_acc
2.2795119907545005,0.25362319499254227,2.513171372475562,0.10389610437990783
