loss,acc,val_loss,val_acc
2.545335682176,0.0791366915051028,2.3960605163078803,0.1428571433409468
2.3230747495378767,0.1552795022726059,2.313179133774398,0.11688311688311688
2.4776247332238746,0.19658119202806398,2.4888600064562514,0.14285714305066444
2.259643656866891,0.20496894312756403,2.3925670215061734,0.1298701303539338
