loss,acc,val_loss,val_acc
2.6358178986443415,0.14814815214938587,2.5257003176102946,0.24770642270188814
2.211366123623318,0.26543210612403023,2.1079241507643953,0.26605504723863865
