loss,acc,val_loss,val_acc
2.6595986057335224,0.11971831374185186,2.4240628682173693,0.15584415632795978
