loss,acc,val_loss,val_acc
2.284386730194092,0.16000001430511473,2.251365900039673,0.15625
2.0727348453120182,0.307017561636473,2.074542760848999,0.21875
