loss,acc,val_loss,val_acc
13.380166197476322,0.0958904109589041,15.082988284049778,0.06422018382800829
14.607023906707763,0.09375,14.343626066085395,0.11009174380280556
