loss,acc,val_loss,val_acc
12.683683317001552,0.0684931506849315,14.78724332686958,0.08256880925336016
14.607023811340332,0.09375,14.63937104951351,0.0917431196078248
