loss,acc,val_loss,val_acc
2.312631368637085,0.12318841119607289,2.2499818801879883,0.125
