loss,acc,val_loss,val_acc
2.343963519676582,0.1258741274892867,2.2784169485809604,0.1743119285194152
2.2185707025594645,0.23076922462119923,2.2670828158702325,0.1467889927395987
2.2652265225257073,0.20279720352663028,2.241605964275675,0.12844036888638768
2.1355522737636434,0.2167832214202914,2.2306431455349705,0.14678899150922758
