loss,acc,val_loss,val_acc
2.3303400754928587,0.0875,2.314586488478774,0.07339449575461379
2.2684830969030205,0.14393939393939395,2.294367963020955,0.12844036731424682
