loss,acc,val_loss,val_acc
6.801280498504639,0.09027777891606092,8.422677516937256,0.109375
10.707218011220297,0.06481481529772282,9.374132876925998,0.15555555588669248
10.821187904902867,0.07936508048857961,10.745195198059083,0.1111111119389534
9.245076298713684,0.1250000037252903,8.69467282295227,0.09375
