loss,acc,val_loss,val_acc
2.330851157506307,0.21138211091359457,2.2883243560791016,0.125
2.2674545965904045,0.16528925841504877,2.2103991508483887,0.3125
