loss,acc,val_loss,val_acc
14.508383783575606,0.0821917808219178,14.935115691718705,0.07339449609638354
