loss,acc,val_loss,val_acc
4.87259136305915,0.1049382740424739,2.7978145616863848,0.08256880733944955
2.5065957970089383,0.09259259411030346,2.3035262462196,0.10091743119266056
2.322304646174113,0.05555555638339785,2.30214467048645,0.10000000099341075
2.3015202151404486,0.11728395438856548,2.302024605077341,0.11926605538764132
2.300891637802124,0.14197531094153723,2.2971120383761345,0.17431192694727435
2.2997979058159723,0.14197531135545838,2.301210467020671,0.13333333540293907
2.2994210720062256,0.1419753117693795,2.2996067519581644,0.12844036765601657
2.2983535130818686,0.14197531094153723,2.2980187420451315,0.14678899116745783
