loss,acc,val_loss,val_acc
2.370558852908992,0.1176470632688338,2.337019920349121,0.125
2.350864480523502,0.1680672322752095,2.4338631629943848,0.15625
