loss,acc,val_loss,val_acc
2.2421827982211937,0.20689655740199417,2.3416970147999057,0.12844036697247707
