loss,acc,val_loss,val_acc
2.5094196796417236,0.09090909113486607,2.2889068126678467,0.15625
2.37121838634297,0.127118645835731,2.28011417388916,0.125
2.289247173373982,0.13559322400113283,2.298616886138916,0.1538461595773697
2.2125995886527887,0.19491525802571893,2.2701640129089355,0.0625
2.2206550614308505,0.16949152895959757,2.306852340698242,0.09375
2.096203177662219,0.2881355982715801,2.3170907497406006,0.1538461595773697
2.079193194707235,0.3181818127632141,2.2228307723999023,0.1875
2.064552893072872,0.34745763115963696,2.2260918617248535,0.15625
