loss,acc,val_loss,val_acc
2.6609431505203247,0.10294117871671915,2.3916159868240356,0.125
2.114877434571584,0.22500000682969887,2.2724521160125732,0.15625
1.9940854012966156,0.33088236302137375,2.328782320022583,0.1875
2.018648562952876,0.2968750090803951,2.2148032188415527,0.21875
