loss,acc,val_loss,val_acc
2.3337776987519985,0.0958904109589041,2.3346974390362383,0.10091743187620006
