loss,acc,val_loss,val_acc
2.3262574816108645,0.15037593749680914,2.4136687517166138,0.140625
2.120947402222712,0.22556390915822266,2.295492649078369,0.140625
