loss,acc,val_loss,val_acc
2.534982258418821,0.10377358764691173,2.5157816410064697,0.09375
2.35678768157959,0.1517857164144516,2.2794337272644043,0.25
