loss,acc,val_loss,val_acc
2.52685284614563,0.14492753148078918,2.4179015159606934,0.1875
