loss,acc,val_loss,val_acc
2.435265360178647,0.16783216616490504,2.4856639739570268,0.11926605504587157
