loss,acc,val_loss,val_acc
2.3516700673610607,0.09929078278389383,2.295800413404192,0.10389610437990783
