loss,acc,val_loss,val_acc
2.4257217569554106,0.1347517798397135,1.983042525006579,0.3896103934808211
1.867312213207813,0.3475177490964849,1.8440314732588732,0.36363636460397153
1.494157905274249,0.5744681104700616,1.624155920821351,0.5194805241250372
1.3632498649840659,0.5673759123112293,1.5223855322057551,0.5324675371120502
