loss,acc,val_loss,val_acc
2.3679723256117815,0.16083916208960794,2.416993235229352,0.0825688076812193
2.2326201796531677,0.19736841972917318,2.2358140595462346,0.2110091744486345
