loss,acc,val_loss,val_acc
2.449643914944658,0.10280373929259932,5.029097557067871,0.0
