loss,acc,val_loss,val_acc
12.298407332537925,0.11643835616438356,13.752136072981248,0.1467889927395987
14.462126535912082,0.10273972602739725,14.639370935772536,0.0917431196078248
