loss,acc,val_loss,val_acc
13.346236424903347,0.06164383561643835,14.787242994395966,0.0825688076812193
14.682922467793503,0.08904109589041095,14.787243414362637,0.08256880733944955
14.903718190650418,0.07534246575342465,14.639370629546839,0.09174311926605505
14.204071712493896,0.11875,14.343625786107614,0.11009174380280556
