loss,acc,val_loss,val_acc
2.4286245107650757,0.08750000223517418,2.3580029010772705,0.1875
2.4008251369976605,0.11475410373484501,2.4086127281188965,0.21875
2.371817185765221,0.04761904832862672,2.410731554031372,0.0625
2.386455476284027,0.09375000093132257,2.5389397144317627,0.0
