loss,acc,val_loss,val_acc
2.555811410996972,0.1463414688662785,2.29827880859375,0.0625
2.364442395000923,0.19512196321312975,2.221571922302246,0.15625
