loss,acc,val_loss,val_acc
3.5861966609954834,0.09876543159286182,3.89045512676239,0.140625
3.008192539215088,0.1049382711450259,2.6092066287994387,0.1111111119389534
2.535331885019938,0.10493827238678932,2.3923879782358806,0.06666666666666667
2.4336764017740884,0.06172839427987734,2.3042773008346558,0.140625
