loss,acc,val_loss,val_acc
2.4461974210975583,0.041322312510210624,2.287515640258789,0.1875
2.2731143541572507,0.10743801585160011,2.2997307777404785,0.09375
2.289356231689453,0.17886178443829218,2.3127095699310303,0.07692307978868484
2.2252909546056068,0.22314050288732387,2.3625993728637695,0.09375
