loss,acc,val_loss,val_acc
2.777894484585729,0.14655172208259845,2.3899714946746826,0.21875
2.4416165064121116,0.19827585949979978,2.4165549278259277,0.0
