loss,acc,val_loss,val_acc
2.5094528416640887,0.053435112911326285,2.460940361022949,0.140625
2.513270902633667,0.025806450843811037,2.5519300831688776,0.022222222222222223
2.5232208685110544,0.04580152535256539,2.4377465777926974,0.15555555638339785
2.4796419016277516,0.06870228802884808,2.5137561559677124,0.109375
2.5162503500931135,0.04580152535256539,2.364980215496487,0.1111111119389534
2.41672934284647,0.09923663826389167,2.482261387507121,0.08888888888888889
2.4864000200315286,0.09160305184262399,2.4268499612808228,0.09375
2.4930432443400377,0.08396946371511649,2.500628826353285,0.1111111127667957
