loss,acc,val_loss,val_acc
2.4182321230570474,0.13580246766408285,2.378978967666626,0.15625
2.38377845287323,0.148148146768411,2.417817963494195,0.1111111119389534
