loss,acc,val_loss,val_acc
2.2955500036478043,0.1484375020954758,2.34906268119812,0.15625
2.267541915178299,0.17187500465661287,2.3301280736923218,0.171875
2.2527660727500916,0.13235294353216887,2.3148038387298584,0.15625
2.2242754697799683,0.17500000769893329,2.248926043510437,0.1875
