loss,acc,val_loss,val_acc
2.732637170535415,0.1343283634354819,2.571209669113159,0.09375
2.290680671805766,0.20895523766973126,2.704336643218994,0.0625
2.076767611503601,0.23571430146694183,2.7779160737991333,0.078125
1.9823694787919521,0.2578125116415322,3.239621639251709,0.0625
