loss,acc,val_loss,val_acc
3.9597567128771134,0.12213740094017436,3.2565860748291016,0.078125
2.6499679565429686,0.09032257795333862,2.1880886554718018,0.1875
