loss,acc,val_loss,val_acc
2.9403328559768034,0.14084507199660154,2.507389833400776,0.09090909187669878
