loss,acc,val_loss,val_acc
3.9802710103317045,0.09859155128959199,3.2099735736846924,0.10389610437990783
2.6901867154618384,0.11971831269247431,2.547607489994594,0.06493506541886887
