loss,acc,val_loss,val_acc
2.3239114761352537,0.11034482845972324,2.2827270140341662,0.12844036731424682
2.307170106624735,0.1103448293332396,2.2706269780430226,0.12844036888638768
