loss,acc,val_loss,val_acc
3.577810764312744,0.11851852263013522,4.91860294342041,0.15625
7.071038419550115,0.09090909226374193,6.998863220214844,0.09375
