loss,acc,val_loss,val_acc
2.328948672726858,0.12949640330650825,2.4805129162676924,0.10389610660540594
