loss,acc,val_loss,val_acc
2.359730247723854,0.12711864804564896,2.34098744392395,0.125
2.3360261957524187,0.1355932228646036,2.350918769836426,0.09375
2.1945740381876626,0.2424242397149404,2.362072706222534,0.1538461595773697
2.1822389748136874,0.2627118702157069,2.3178412914276123,0.15625
