loss,acc,val_loss,val_acc
3.8075067191056804,0.10563380481071875,2.647444601182814,0.10389610486371177
2.9485730016735237,0.11267605801703225,2.518273152314223,0.09090909139289484
