loss,acc,val_loss,val_acc
2.5941895191486064,0.08461538461538462,2.337975025177002,0.21875
