loss,acc,val_loss,val_acc
2.3428143117485978,0.1626016319524951,2.2264175415039062,0.15625
