loss,acc,val_loss,val_acc
10.402381792460403,0.11643835616438356,2.38722862891101,0.09174311926605505
2.289297130009899,0.18493150684931506,2.1107940455095484,0.21100917499546612
