loss,acc,val_loss,val_acc
12.329283779614592,0.11643835616438356,13.308519118422762,0.1743119285194152
13.799739158316834,0.14383561643835616,13.900009085278992,0.13761467924085233
13.700380992889404,0.15,13.752136720429867,0.14678899082568808
13.910137124257545,0.136986301369863,13.604263848121013,0.1559633046662042
