loss,acc,val_loss,val_acc
2.3577551485887214,0.1567164213577313,2.283895492553711,0.171875
2.2485070157406937,0.20895522654946172,2.1629379802280004,0.2888888892200258
