loss,acc,val_loss,val_acc
2.368745694466687,0.11009174475976087,2.3139491081237793,0.125
2.37754487991333,0.13836478193600973,2.42179274559021,0.09375
2.345851097631892,0.09174312063313406,2.248671293258667,0.07692307978868484
2.3464725017547607,0.11009174475976087,2.2697606086730957,0.09375
