loss,acc,val_loss,val_acc
2.519565391540527,0.13793103247880936,2.285883665084839,0.265625
2.2393526006336053,0.21487603662920393,2.2031232118606567,0.21875
