loss,acc,val_loss,val_acc
2.340286874771118,0.10000000108372081,2.4949004650115967,0.09375
2.356729825337728,0.06410256649057071,2.3500986099243164,0.125
