loss,acc,val_loss,val_acc
2.3274550437927246,0.14379085352023444,2.3517117500305176,0.0625
2.2271897986128524,0.2432432504924568,2.3162050247192383,0.0625
2.2428687263179468,0.2432432504924568,2.333261728286743,0.1538461595773697
2.1775020715352653,0.22522523354839635,2.3174777030944824,0.125
