loss,acc,val_loss,val_acc
2.403219673731556,0.10273972602739725,2.251003236945616,0.165137614815607
2.292190133708797,0.1506849315068493,2.235866704118361,0.11926605518257946
2.1530036697648978,0.1780821917808219,2.159902636210124,0.20000000182125305
2.0784862237433863,0.3082191780821918,2.108518989807969,0.23853211091199053
