loss,acc,val_loss,val_acc
2.3471518993377685,0.09333333820104599,2.352532386779785,0.109375
2.2699269746479236,0.1754386001511624,2.2821656597985163,0.08888889054457347
2.3070021629333497,0.12666667252779007,2.3492889086405437,0.13333333333333333
2.268620426004583,0.17424242909659038,2.3297154903411865,0.125
