loss,acc,val_loss,val_acc
2.346566280897926,0.1029411788262865,2.376327395439148,0.046875
