loss,acc,val_loss,val_acc
2.4811184089500586,0.11888111778697767,2.259911436553395,0.18348624044602072
