loss,acc,val_loss,val_acc
2.339708483219147,0.10833333432674408,2.3010480403900146,0.15625
2.3857543230056764,0.05833333563059569,2.346252202987671,0.125
2.3246004581451416,0.0873015895485878,2.4239413738250732,0.0
2.314121973514557,0.14166667088866233,2.2695000171661377,0.15625
