loss,acc,val_loss,val_acc
2.3383400825893177,0.08823529811685576,2.495182514190674,0.0625
2.3810907999674478,0.11538462154567242,2.4902219772338867,0.078125
