loss,acc,val_loss,val_acc
4.490229056293803,0.15037593856117779,2.580090641975403,0.0625
2.134853318221587,0.3157894693146971,2.7637816667556763,0.078125
1.366999351978302,0.5517241299152374,2.4873034954071045,0.078125
0.9486129549909229,0.6446281095181615,2.5057311058044434,0.109375
1.355414342880249,0.6137930929660798,2.416098117828369,0.109375
0.8545824253469482,0.6766917257380665,2.6943607330322266,0.125
0.4969405770301819,0.8275861978530884,2.6078827381134033,0.09375
0.3093326838055918,0.9338842861908526,2.7918699979782104,0.109375
