loss,acc,val_loss,val_acc
2.3416908468518938,0.1031746044754982,2.3520472049713135,0.0625
2.290896075112479,0.11111111406769071,2.3954734166463214,0.044444444444444446
