loss,acc,val_loss,val_acc
13.365535579315603,0.08904109589041095,14.491498317193548,0.10091743310657117
14.351728674483626,0.1095890410958904,14.19575384122516,0.11926605572941107
