loss,acc,val_loss,val_acc
2.506194067001343,0.14375,2.3763110331439097,0.22018348705877952
2.0485900062503237,0.2878787878787879,2.1506166808102107,0.33027523127170877
