loss,acc,val_loss,val_acc
3.087638807296753,0.08571428805589676,2.5087362883926985,0.06493506590267281
2.2569700309208462,0.17857143389327185,2.044760363442557,0.337662343855028
1.91889728478023,0.33571429273911885,1.8356245276215788,0.32467532661054044
1.8578063590185983,0.44805195927619934,1.8690905044605206,0.3636363690549677
1.5387698998526922,0.4920634991592831,2.162587187506936,0.33766233959755343
1.6403460502624512,0.4025974209819521,1.9688379362032011,0.2727272746624885
1.7647760578564236,0.4071428662964276,1.656306502106902,0.38961039154560534
1.2962524907929556,0.5571428775787354,1.3793147074711787,0.5714285853621247
