loss,acc,val_loss,val_acc
2.796254873275757,0.13821138441562653,2.4068026542663574,0.125
2.3584512600228806,0.173553718392514,2.230543613433838,0.21875
2.3774371876204308,0.11570248090900666,2.336984634399414,0.0
2.2884461426537883,0.15702479375788003,2.2572712898254395,0.25
