loss,acc,val_loss,val_acc
12.278801161543766,0.0526315804318826,14.858868598937988,0.078125
15.00650234222412,0.06896551847457885,13.969015799628364,0.13333333498901792
