loss,acc,val_loss,val_acc
2.512140684349592,0.06976744428623555,2.4413965940475464,0.171875
2.2886928680331207,0.1705426435137904,2.350768208503723,0.15625
