loss,acc,val_loss,val_acc
12.535712699367576,0.136986301369863,14.047881590117008,0.12844036731424682
13.689341244632251,0.1506849315068493,12.717029239059588,0.21100917567900562
