loss,acc,val_loss,val_acc
2.743437357802889,0.1194029864090592,2.5866533517837524,0.15625
2.512513338629879,0.13432836287946842,2.322337860531277,0.08888888971673117
2.3692617985739637,0.10447761494277129,2.3574582205878363,0.11111111144224803
2.326302337646484,0.1357142895460129,2.30096435546875,0.125
2.3141994583072947,0.1492537333449321,2.2323803159925673,0.2000000003311369
2.3034094127256477,0.1268656747554665,2.339318784077962,0.11111111442248027
2.3022892297203863,0.14179104766738948,2.2880789041519165,0.171875
2.291813305954435,0.1194029891891266,2.31651275422838,0.1111111111111111
