loss,acc,val_loss,val_acc
2.8415801525115967,0.1507936641573906,2.831428289413452,0.09375
