loss,acc,val_loss,val_acc
2.3343636989593506,0.1472868174314499,2.2867977619171143,0.25
2.3722214117771436,0.16806723277608887,2.293889045715332,0.15625
2.1238736905971494,0.2857142907230794,2.2113871574401855,0.3125
1.8924253998684282,0.3529411779732263,2.014777421951294,0.25
1.7716496561755652,0.5378151470873537,1.911329984664917,0.34375
1.601662599739908,0.5714285724303302,1.8164342641830444,0.53125
1.4363549356700993,0.6050420483621228,1.9027466773986816,0.40625
1.3831195036570232,0.6279069979985555,1.9040446281433105,0.25
