loss,acc,val_loss,val_acc
2.25941664491381,0.2214285752602986,2.465338781282499,0.1428571433409468
2.1615440368652346,0.24285714754036494,2.5228067961606113,0.1038961038961039
