loss,acc,val_loss,val_acc
2.400286749970141,0.11510791334745696,2.4104279542898204,0.10389610408962548
2.366050617300349,0.14388489291715106,2.3756716499080905,0.10389610437990783
