loss,acc,val_loss,val_acc
2.341284084320068,0.08333333414047957,2.2178964614868164,0.125
2.2350419640541075,0.26666667088866236,2.3439130783081055,0.09375
