loss,acc,val_loss,val_acc
2.4162850379943848,0.10317460757990678,2.3618264198303223,0.21875
2.2932972531569633,0.14912281303029312,2.3383686542510986,0.125
2.2269959449768066,0.15873016168673834,2.2260847091674805,0.25
2.1840813636779783,0.2333333395421505,2.2288999557495117,0.1875
