loss,acc,val_loss,val_acc
2.316804576665163,0.17187500663567334,2.2099450826644897,0.265625
1.9829169809818268,0.34558824449777603,2.03842031955719,0.328125
