loss,acc,val_loss,val_acc
2.3907755872477656,0.10869565525132677,2.327476334262204,0.11688311785072475
2.338436914526898,0.1231884078487106,2.291740857161485,0.09090909139289484
2.341076215108236,0.06944444589316845,2.276531321661813,0.1298701303539338
2.283899177204479,0.1439393965358084,2.2625737406990747,0.1428571433409468
