loss,acc,val_loss,val_acc
6.819085484120383,0.08955224425490223,6.396422386169434,0.140625
