loss,acc,val_loss,val_acc
2.386912225043937,0.10273972602739725,2.3227196527183605,0.08256880733944955
2.297167902123438,0.136986301369863,2.3004141597572816,0.11009174311926606
