loss,acc,val_loss,val_acc
12.78394113828058,0.10273972602739725,14.342691666489348,0.11009174448634507
13.523950080349021,0.0684931506849315,2.481638599973206,0.11926605695978217
2.597470708089332,0.21232876712328766,2.089499736050947,0.3853211022845102
2.0134132267677622,0.3287671232876712,1.8788817781920826,0.29357798301845517
