loss,acc,val_loss,val_acc
2.858165358467925,0.11510791642953166,2.346778237974489,0.11688311688311688
2.518481071904409,0.1294964052897563,2.260913728119491,0.23376623473384164
