loss,acc,val_loss,val_acc
3.8358482829595015,0.10169491790613885,4.3160905838012695,0.03125
