loss,acc,val_loss,val_acc
2.5561987993852147,0.06603773690338405,2.737830400466919,0.21875
2.6100250954897897,0.16037735497614122,2.2281689643859863,0.1875
2.270034909248352,0.1517857164144516,2.323106527328491,0.07692307978868484
2.2329145287567713,0.15094339538295315,2.2671725749969482,0.1875
2.1475026607513428,0.1607142835855484,2.3789005279541016,0.15625
2.2251826682180726,0.19811321183476807,1.9848072528839111,0.3076923191547394
2.1443793773651123,0.1785714291036129,2.3077287673950195,0.125
1.8372121453285217,0.3799999952316284,2.152894973754883,0.21875
