loss,acc,val_loss,val_acc
3.3040041041186474,0.133858270063175,3.8997979164123535,0.09375
