loss,acc,val_loss,val_acc
2.4260466347570007,0.06956521718074446,2.3336143493652344,0.1875
2.3841257890065513,0.07092198543250561,2.4937052726745605,0.125
