loss,acc,val_loss,val_acc
2.766937474946718,0.08108108712209237,4.080513000488281,0.15625
