loss,acc,val_loss,val_acc
7.5649107503890995,0.059999997913837436,6.031513214111328,0.09375
7.628713607788086,0.12096773833036423,6.338927745819092,0.0625
4.962871074676514,0.06999999865889549,3.7358896732330322,0.0
2.7180230522155764,0.09999999850988388,2.3983006477355957,0.0625
