loss,acc,val_loss,val_acc
2.325449287363913,0.07964601832549129,2.3062705993652344,0.03125
2.3271661522114173,0.08849557551794347,2.3120288848876953,0.03125
2.3515961170196533,0.06802721073230107,2.268160820007324,0.09375
2.320238022677666,0.11504424752387325,2.244417190551758,0.09375
