loss,acc,val_loss,val_acc
2.3973413814197886,0.14393940297040073,2.375537633895874,0.140625
2.2182669639587402,0.24666668772697448,2.243746042251587,0.15625
2.043311958963221,0.3257575861432336,2.195313572883606,0.3125
1.8556104647485834,0.45614036603977803,2.1385610103607178,0.25
1.7668828964233398,0.4866667091846466,2.0782835483551025,0.3125
1.5689631429585544,0.5530303540554914,2.0316604375839233,0.21875
1.4999692916870118,0.5133333563804626,1.8883028626441956,0.328125
1.355602426962419,0.6515151858329773,1.8168842792510986,0.296875
