loss,acc,val_loss,val_acc
2.3273327525924232,0.08823529734988422,2.3591660261154175,0.046875
2.326448752599604,0.10294118025066222,2.3338286929660375,0.08888889054457347
