loss,acc,val_loss,val_acc
2.438787317276001,0.0774193525314331,2.2995554208755493,0.109375
2.317180281487581,0.1775700902548906,2.4008852852715385,0.08888889054457347
