loss,acc,val_loss,val_acc
2.4012433479572164,0.09655172542251389,2.428598657660528,0.027522935779816515
2.3891244855420344,0.10344827755771835,2.358695848272481,0.04587156031656703
