loss,acc,val_loss,val_acc
14.123823998725577,0.10273972602739725,14.639370769535729,0.0917431196078248
