loss,acc,val_loss,val_acc
3.1903445720672607,0.1370967821248116,2.4029903411865234,0.109375
2.221479573557454,0.2419354807465307,2.2302669286727905,0.171875
2.0847653842741445,0.3145161291524287,2.1854695081710815,0.171875
1.9382076859474182,0.32894737273454666,2.1748135089874268,0.1875
1.9240578605282692,0.3306451581658856,2.447711706161499,0.1875
1.892048865556717,0.3486842066049576,2.042584180831909,0.21875
1.4834457135969592,0.588709686071642,2.0402271151542664,0.390625
1.4408764896854278,0.5241935671337189,1.8707846999168396,0.34375
