loss,acc,val_loss,val_acc
9.348775393342319,0.0821917808219178,2.38616035181448,0.0917431196078248
2.1963403257605147,0.2054794520547945,3.0470556403518816,0.18348624044602072
