loss,acc,val_loss,val_acc
12.947767100922048,0.0958904109589041,14.63937090952462,0.09174311926605505
