loss,acc,val_loss,val_acc
2.4245641120126313,0.11214953312806994,2.422945737838745,0.09375
2.3865505690886595,0.10280374841433819,2.366513729095459,0.0625
2.4499377012252808,0.11818181350827217,2.342087507247925,0.09375
2.353484450099624,0.1495327169650069,2.4175117015838623,0.0625
