loss,acc,val_loss,val_acc
3.266116738319397,0.18103448301553726,4.491677284240723,0.15625
4.2975099086761475,0.10869564861059189,4.159400939941406,0.09375
