loss,acc,val_loss,val_acc
2.2989296247792796,0.10852713536384494,2.307487368583679,0.09375
2.2847964042841,0.12403101214142732,2.2565111584133573,0.15555555721124012
2.250360131263733,0.1818181872367859,2.26725213792589,0.13333333498901792
2.2688239756084623,0.16666667376245772,2.2724509239196777,0.140625
2.2564339637756348,0.13636364042758942,2.3061150338914658,0.06666666832235124
2.235035538673401,0.1818181872367859,2.2250208218892413,0.2222222238779068
2.238143977664766,0.20634921249889193,2.271660327911377,0.125
2.1924920858338823,0.18604651682598647,2.255712546242608,0.20000000331136916
