loss,acc,val_loss,val_acc
12.552983009651916,0.1232876712328767,14.343626066085395,0.11009174380280556
13.801119232177735,0.14375,13.900008997785935,0.13761468026616158
