loss,acc,val_loss,val_acc
4.404423924150138,0.08275862102364671,2.394180728754866,0.09174311994959455
2.3725082079569497,0.07189542551835378,2.320050852014384,0.08256880733944955
2.314918088216851,0.10218978371389591,2.2914771609836153,0.12222222305006451
2.261761967889194,0.1586206915820467,2.260255719543597,0.22018348692207163
