loss,acc,val_loss,val_acc
5.809198012845269,0.0827586218714714,2.308806067213006,0.1926605511422551
2.3984627458784313,0.11111111235287455,2.3098461737326526,0.13761467958262208
2.3089501440089983,0.14598540439657923,2.388930606842041,0.14444444568620787
2.3268115224509405,0.15172414024328362,2.2532830610187777,0.1743119272890441
