loss,acc,val_loss,val_acc
2.459914289202009,0.0666666669504983,2.5057883262634277,0.09375
2.6222522258758545,0.07894736528396606,2.3721766471862793,0.125
2.4946533611842563,0.14285714115415302,2.2478761672973633,0.23076923191547394
2.3116707801818848,0.1666666679084301,2.2816314697265625,0.09375
