loss,acc,val_loss,val_acc
2.6862837659901584,0.06896551796074571,2.368972406474822,0.08256880802298905
2.3696111317338615,0.09655172496006406,2.324713728843479,0.11009174346103581
2.336542037437702,0.14482758764562936,2.3004268566767374,0.14444444610012902
2.3172011030131374,0.11034482887078975,2.3078707817497603,0.0917431196078248
2.2966610316572518,0.13103448501948653,2.2918073977899116,0.12844036731424682
2.29402052031623,0.16993464405337969,2.2890557130177815,0.14444444692797132
2.3255189178633864,0.09489051181904591,2.2919547317224906,0.14678899150922758
2.272948794894748,0.16339869507484966,2.306636528137627,0.13761467924085233
