loss,acc,val_loss,val_acc
3.6808938063108005,0.08461538461538462,3.0624972581863403,0.09375
