loss,acc,val_loss,val_acc
2.315450023651123,0.112000004529953,2.4209789037704468,0.109375
