loss,acc,val_loss,val_acc
13.576184606552124,0.0625,14.935115665470788,0.07339449575461379
