loss,acc,val_loss,val_acc
2.2998456160227456,0.19753087063630423,2.2586147785186768,0.1875
2.069392363230387,0.3395061790943146,2.156670570373535,0.3125
1.9296910762786865,0.4691358208656311,2.2381210327148438,0.15625
1.8247390588124592,0.5246913631757101,2.278919219970703,0.28125
1.7261404196421306,0.5925925970077515,2.137561321258545,0.3125
1.6995402177174885,0.5740740895271301,1.9936842918395996,0.40625
1.5632963180541992,0.7037037213643392,2.0215699672698975,0.3125
1.5258469581604004,0.6851851940155029,1.9896628856658936,0.375
