loss,acc,val_loss,val_acc
2.396609306335449,0.11290322244167328,2.525646686553955,0.125
