loss,acc,val_loss,val_acc
2.3424556826757006,0.14876033144056305,2.3515262603759766,0.0625
1.833551029528468,0.52066115259139,1.9330241680145264,0.375
1.2301066319147747,0.8048780163129171,1.7486101388931274,0.40625
0.9036342181450079,0.8760330233692137,1.6294690370559692,0.4375
0.6190068766105273,0.9173553329853972,1.4311295747756958,0.4375
0.467967771547885,0.9421487199373482,1.3314878940582275,0.46875
0.2626898189385732,0.9918699264526367,1.186368465423584,0.59375
0.23025166902167737,0.9504132226478955,1.1357789039611816,0.65625
