loss,acc,val_loss,val_acc
2.50706461449744,0.09154929755858972,2.3111545110677745,0.09090909139289484
