loss,acc,val_loss,val_acc
13.801187175593965,0.06164383561643835,14.787243414362637,0.08256880733944955
14.682922572305758,0.08904109589041095,15.082987864083107,0.06422018348623854
14.682922467793503,0.08904109589041095,14.195753814977243,0.11926605538764132
14.351728674483626,0.1095890410958904,14.491498177204656,0.10091743187620006
