loss,acc,val_loss,val_acc
2.3921085684752663,0.10743801418907387,2.2604246139526367,0.125
2.0403550465901694,0.3658536374568939,2.1873092651367188,0.21875
