loss,acc,val_loss,val_acc
2.537346226828439,0.11111111300332206,2.2343013286590576,0.109375
