loss,acc,val_loss,val_acc
2.3905842304229736,0.0961538515985012,2.314143657684326,0.078125
2.318565845489502,0.15517242362016234,2.2674665451049805,0.25
2.194178619805504,0.16911766042604165,2.1296147108078003,0.171875
2.0478676399763893,0.3088235572418746,2.04016649723053,0.203125
1.903368314107259,0.30769232163826626,1.9860620498657227,0.296875
1.6663018079365002,0.4852941327673547,1.6973029971122742,0.546875
1.7271245893310099,0.4485294249127893,1.788057565689087,0.296875
1.427881399790446,0.52564104894797,1.850168764591217,0.296875
