loss,acc,val_loss,val_acc
2.306583536995782,0.1358024718032943,2.2814674902399745,0.1559633034358331
2.265300989151001,0.1481481504937013,2.262809681236197,0.16513761502066884
2.2279580699072943,0.1543209892180231,2.222951978718469,0.21100917465369637
2.1381097899542914,0.26543210446834564,2.1655485389429496,0.26605504778547023
