loss,acc,val_loss,val_acc
2.6535563784487106,0.15441177111557303,2.512786626815796,0.109375
2.4269725294674145,0.16911765324937947,2.2591171158684626,0.20000000165568457
