loss,acc,val_loss,val_acc
12.603188316027323,0.09259259328246117,14.858869075775146,0.078125
14.526184558868408,0.09876543283462524,14.6070237159729,0.09375
