loss,acc,val_loss,val_acc
2.3745388984680176,0.10457516958316167,2.396115303039551,0.09375
