loss,acc,val_loss,val_acc
2.3299921186346757,0.1228070217919977,2.35648250579834,0.0625
