loss,acc,val_loss,val_acc
13.225762563209011,0.0821917808219178,14.343626066085395,0.11009174380280556
