loss,acc,val_loss,val_acc
4.20704375720415,0.10655738046911896,3.4365739822387695,0.09375
