loss,acc,val_loss,val_acc
2.3385629590633696,0.07079646017699115,2.3086507320404053,0.09375
2.3318256537119546,0.09523809204498927,2.2750918865203857,0.125
