loss,acc,val_loss,val_acc
13.247956667860894,0.08904109589041095,14.195753954966134,0.11926605504587157
14.351728726739752,0.1095890410958904,14.047881336387144,0.12844036765601657
