loss,acc,val_loss,val_acc
2.747938604497198,0.10447761549878476,2.4498761892318726,0.140625
2.39210958480835,0.15714286118745804,2.265915775299072,0.17777777943346235
