loss,acc,val_loss,val_acc
2.3750197092692056,0.10317460571726163,2.4448955059051514,0.125
2.426426649093628,0.061403510013693256,2.3661155700683594,0.15625
