loss,acc,val_loss,val_acc
12.951681947054928,0.10273972602739725,14.491498430934522,0.10091743153443031
14.46212674493659,0.10273972602739725,14.639370769535729,0.0917431196078248
15.00997610092163,0.06875,14.93511535924509,0.07339449541284404
14.408600315903172,0.10606060606060606,14.19575384122516,0.11926605572941107
