loss,acc,val_loss,val_acc
2.995429100036621,0.10400000417232513,4.724919557571411,0.078125
