loss,acc,val_loss,val_acc
2.415150420419101,0.11034482974430611,2.4008718674336005,0.14678899150922758
