loss,acc,val_loss,val_acc
2.463644513989439,0.08910890867804537,2.3436152935028076,0.125
2.2926783561706543,0.10655737295746803,2.2947797775268555,0.15625
