loss,acc,val_loss,val_acc
2.4055657792598644,0.09929078333872429,2.4043851177413744,0.07792207792207792
2.377086152421667,0.07092198880111918,2.407350050938594,0.038961039444842895
2.3861089209292796,0.09219858462506152,2.4080387833830597,0.03896103896103896
2.387397221156529,0.1360544248351029,2.397958631639357,0.05194805194805195
