loss,acc,val_loss,val_acc
12.939472956200168,0.1095890410958904,14.775980188212264,0.08256880733944955
15.234911983960295,0.0547945205479452,14.917265935775337,0.07339449541284404
