loss,acc,val_loss,val_acc
2.5706352363933216,0.10000000189651143,2.3788328170776367,0.0625
