loss,acc,val_loss,val_acc
2.5070705276599035,0.10791366860913716,2.439705309929786,0.10389610437990783
2.3755882808140347,0.13043478450604848,2.2994299956730435,0.10389610486371177
2.3448089758555093,0.20512820805749324,2.4191493244914266,0.1298701303539338
2.303206554419703,0.16546762761452216,2.3940609337447527,0.14285714285714285
