loss,acc,val_loss,val_acc
2.3321250356476884,0.11724138108306918,2.2769011488748254,0.027522936121586267
