loss,acc,val_loss,val_acc
2.3843674659729004,0.098214291036129,2.8695433139801025,0.0
2.425499637171907,0.06603773388097871,2.3998422622680664,0.125
