loss,acc,val_loss,val_acc
12.349132015280528,0.11643835616438356,13.900008831549128,0.13761467958262208
13.799739053804581,0.14383561643835616,14.343625952344421,0.11009174380280556
