loss,acc,val_loss,val_acc
2.342878978793361,0.1260504221715847,2.4521470069885254,0.0
2.358306090037028,0.08527131875356038,2.3137831687927246,0.09375
