loss,acc,val_loss,val_acc
3.825325652531215,0.16190476694277356,4.2050557136535645,0.125
