loss,acc,val_loss,val_acc
2.3898190801793877,0.11111111464825543,2.4910671710968018,0.09375
