loss,acc,val_loss,val_acc
2.3491832447052,0.12000000631809235,2.2995935678482056,0.09375
2.2680534720420837,0.13513514306396246,2.292073369026184,0.140625
