loss,acc,val_loss,val_acc
6.298807297667412,0.0821917808219178,2.271213234017748,0.1559633034358331
2.1089288959764456,0.22602739726027396,2.3829128676598224,0.11926605572941107
