loss,acc,val_loss,val_acc
2.3846837282180786,0.10000000149011612,2.3467938899993896,0.125
2.411616086959839,0.0833333358168602,2.5047860145568848,0.03125
2.387472152709961,0.10000000149011612,2.159804582595825,0.3076923191547394
2.346837282180786,0.10000000149011612,2.4445221424102783,0.125
