loss,acc,val_loss,val_acc
2.44712719806405,0.09302325875953187,2.2857751846313477,0.140625
2.340818166732788,0.13636364042758942,2.1957628197140164,0.20000000082784228
