loss,acc,val_loss,val_acc
2.384969573271902,0.0977443622187116,2.243071675300598,0.1875
2.28262922638341,0.2255639120152122,2.206082550684611,0.15555555638339785
2.173532009124756,0.24827586561441423,2.181393681632148,0.2222222238779068
2.1143456150714615,0.31578947379624933,2.1310919523239136,0.25
