loss,acc,val_loss,val_acc
2.435603908130101,0.08928571109260831,2.322558879852295,0.15625
2.3938896656036377,0.0933333324889342,2.359067440032959,0.09375
