loss,acc,val_loss,val_acc
4.02980780175754,0.09821428065853459,2.3654749393463135,0.15625
