loss,acc,val_loss,val_acc
12.367207383456295,0.1232876712328767,13.604264075602961,0.15596330309406334
