loss,acc,val_loss,val_acc
3.376667157534895,0.08965517364699264,3.039958146733975,0.13761467924085233
2.4298385644781177,0.19310345120471098,2.2127605971940065,0.22935779884867713
