loss,acc,val_loss,val_acc
12.153884966079502,0.13013698630136986,13.752136886666674,0.14678899150922758
