loss,acc,val_loss,val_acc
5.386613179559577,0.10273972602739725,2.0963301527390787,0.23853211200565372
2.0413999795913695,0.24375,2.2067928576688156,0.2844036700665404
