loss,acc,val_loss,val_acc
12.698504474065075,0.1232876712328767,13.45639159701286,0.1651376153624386
13.578943487716048,0.15753424657534246,13.456391763249668,0.1651376160459781
