loss,acc,val_loss,val_acc
3.7974362806840376,0.13131314380602402,6.495362281799316,0.03125
