loss,acc,val_loss,val_acc
2.436494879100634,0.12318840817264888,2.4267378999041274,0.09090909139289484
2.0861188173294067,0.2777777885397275,2.2733421821098823,0.1298701303539338
