loss,acc,val_loss,val_acc
8.786781883239746,0.05625,2.202145482422015,0.21100917622583723
2.355239593621456,0.22727272727272727,2.1182913692719345,0.24770642201834864
2.0687538107780563,0.3561643835616438,2.0333412896602527,0.25688073531203315
2.305057252923103,0.3082191780821918,1.5716767967294116,0.5137614692569873
