loss,acc,val_loss,val_acc
2.6222526244819164,0.12500000547152013,2.167394280433655,0.265625
2.1837358213961124,0.25000001094304025,2.1368502378463745,0.25
