loss,acc,val_loss,val_acc
2.4752143415911445,0.0689655187186496,2.4074299335479736,0.0625
2.4695564905802407,0.10869565109411876,2.4888458251953125,0.09375
