loss,acc,val_loss,val_acc
2.56328330721174,0.1587301641702652,2.341139554977417,0.0625
2.489842551095145,0.11111111513205937,2.3503143787384033,0.15625
