loss,acc,val_loss,val_acc
3.229933500289917,0.05426356693108877,4.108834743499756,0.1875
3.7754920775737237,0.12844037073194434,3.18469500541687,0.09375
