loss,acc,val_loss,val_acc
2.3808161372044045,0.13934426229508196,2.626124382019043,0.0625
2.6507333517074585,0.04375000111758709,2.3337931632995605,0.0625
2.1867514678410123,0.17857142999058678,2.116861581802368,0.1875
2.1425145268440247,0.1375000048428774,2.18285870552063,0.15625
