loss,acc,val_loss,val_acc
2.4303735696352446,0.07692307692307693,2.365845799446106,0.09375
2.3258213996887207,0.09230769230769231,2.385140895843506,0.078125
