loss,acc,val_loss,val_acc
2.3839001583873776,0.17293233446832887,2.3590482473373413,0.125
2.2153655529022216,0.2137930989265442,2.2259669939676923,0.15555555588669248
2.1617419897032177,0.25619834784633855,2.3558233314090304,0.13333333333333333
2.0017947912216187,0.37241379618644715,2.2090455293655396,0.21875
