loss,acc,val_loss,val_acc
2.3062045574188232,0.16049383042587173,2.31290173311846,0.08256880733944955
2.2062255011664496,0.22222222884496054,2.267190627001841,0.10091743187620006
2.0766835610071817,0.33950618074999916,2.2072033564249676,0.1666666687362724
1.9625662962595622,0.34567901988824207,2.216610613219235,0.1559633027522936
