loss,acc,val_loss,val_acc
2.367788939436605,0.14876033091717514,2.4066686630249023,0.0625
