loss,acc,val_loss,val_acc
3.356381052631443,0.09322033917247238,3.201796531677246,0.15625
3.411472797393799,0.09848485390345256,2.5161609649658203,0.15625
2.51196167832714,0.14406780241909672,2.4061121940612793,0.03125
2.246019492715092,0.16949153350571455,2.520857810974121,0.15625
