loss,acc,val_loss,val_acc
12.533830590444069,0.136986301369863,14.491498264697714,0.10091743153443031
14.020535142454383,0.13013698630136986,14.491498430934522,0.10091743153443031
14.572524449596667,0.0958904109589041,14.49149829094563,0.10091743187620006
14.405547523498536,0.10625,14.195754094955024,0.11926605538764132
