loss,acc,val_loss,val_acc
2.5726624770756183,0.0948905106769861,2.5458945422977597,0.09090909187669878
2.376153918078346,0.1094890501703659,2.3264898479758918,0.1038961038961039
