loss,acc,val_loss,val_acc
2.3470113460834208,0.11965812284212846,2.2062387466430664,0.28125
2.1899775664011636,0.20000000298023224,2.2366201877593994,0.21875
2.134864953848032,0.24786324970997298,2.19815731048584,0.23076923191547394
2.0625653633704553,0.3076923111310372,2.1935770511627197,0.3125
1.9495683908462524,0.4358974351332738,2.174175262451172,0.21875
1.9255033731460571,0.38518519202868146,1.974851131439209,0.38461539149284363
1.7645594856955789,0.5353535467928107,2.071444511413574,0.21875
1.6827893257141113,0.5407407581806183,2.0354976654052734,0.375
