loss,acc,val_loss,val_acc
2.2644887890134537,0.17857143389327185,2.2898653451498454,0.16883116931497277
