loss,acc,val_loss,val_acc
2.395774127845477,0.13533834762927285,2.335107684135437,0.078125
2.2447904124295803,0.22556390574103907,2.249405026435852,0.203125
2.086353874206543,0.2827586203813553,2.312557339668274,0.171875
1.9428047461617262,0.40601503736990735,2.037513017654419,0.3125
1.70480459794066,0.473684210974471,1.935042679309845,0.4375
1.6410912069162928,0.5187969996516866,1.839527189731598,0.421875
1.5431661367416383,0.5103448271751404,1.7770805358886719,0.421875
1.517867710357322,0.5187969942738239,1.6678383350372314,0.4375
