loss,acc,val_loss,val_acc
2.672580447047949,0.11718750069849193,2.415671944618225,0.203125
