loss,acc,val_loss,val_acc
2.497856648888175,0.09448819226167333,2.501326084136963,0.109375
2.394943654537201,0.0785714304074645,2.5362640619277954,0.078125
2.426937563212838,0.07874015862430174,2.423399806022644,0.109375
2.4332228101144624,0.08661417390300533,2.4456576108932495,0.09375
2.3827076765495963,0.0944881909123556,2.412003755569458,0.140625
2.428818106651306,0.0928571461699903,2.4442113637924194,0.109375
2.3933651841531587,0.09448819142568299,2.423884868621826,0.09375
2.3583154176410877,0.09649123153404186,2.386580228805542,0.109375
