loss,acc,val_loss,val_acc
2.55813150148134,0.1261261294822435,2.441016674041748,0.09375
2.3789568742116294,0.058823530872662864,2.3282735347747803,0.0625
