loss,acc,val_loss,val_acc
2.5790515032681554,0.09090909605676478,2.4573631286621094,0.0625
2.7984541632912374,0.09090909605676478,3.175217866897583,0.125
