loss,acc,val_loss,val_acc
4.920381199229848,0.10909091315486215,5.260210990905762,0.09375
5.599633945118297,0.12727273025295952,4.0360941886901855,0.0625
