loss,acc,val_loss,val_acc
2.347683310508728,0.15131578780710697,2.2698998954317986,0.12844036697247707
2.253412801902611,0.2167832125108559,2.2197428362085185,0.24770642393225922
2.147756928330535,0.21678321662691089,2.128263355395116,0.1559633041193726
1.9152737428892905,0.2985074637985941,1.9966770399601088,0.30275229549189225
