loss,acc,val_loss,val_acc
2.366111224697482,0.11290322784935275,2.3639179468154907,0.125
2.344051420688629,0.10526315495371819,2.375189781188965,0.09375
