loss,acc,val_loss,val_acc
2.425711487411359,0.10091743296986326,2.4358890056610107,0.09375
2.376526191693927,0.08256880856982064,2.4731311798095703,0.125
2.372189919153849,0.10691824058691661,2.4828855991363525,0.15625
2.3651258092407788,0.10091743269644746,2.320038318634033,0.15625
2.327037970225016,0.1635220150152842,2.2436838150024414,0.21875
2.2392297403528056,0.1743119292029547,2.375732421875,0.125
2.304635579432916,0.11926605682307427,2.3759007453918457,0.15625
2.344021554386944,0.11926605695978217,2.450927257537842,0.03125
