loss,acc,val_loss,val_acc
2.7070809511037974,0.06837607146455692,2.4245269298553467,0.09375
2.395138850578895,0.05982906199418581,2.396270275115967,0.25
2.2945875326792398,0.17037037635842958,2.2333154678344727,0.1875
2.1497019070845385,0.2905983053720914,2.1207492351531982,0.1875
