loss,acc,val_loss,val_acc
2.323250506140969,0.10909091125835071,2.30739426612854,0.0625
