loss,acc,val_loss,val_acc
6.842592190951109,0.13281250203726813,11.938813209533691,0.09375
