loss,acc,val_loss,val_acc
2.38029408454895,0.08148148407538731,2.2961602210998535,0.125
2.328170754692771,0.14141414991833948,2.378218173980713,0.125
