loss,acc,val_loss,val_acc
2.3550767291675916,0.1636363758282228,2.568270683288574,0.0
2.315249443054199,0.16025641560554504,2.5145514011383057,0.0625
2.3046974485570733,0.12727273025295952,2.4655842781066895,0.0
2.279624483802102,0.15454545942219822,2.4178555011749268,0.0625
