loss,acc,val_loss,val_acc
12.14889756294146,0.13013698630136986,13.604263848121013,0.1559633046662042
13.358147764859135,0.17123287671232876,13.75213621297014,0.14678899150922758
13.137351676209333,0.18493150684931506,13.752136440452086,0.14678899082568808
13.578943121923158,0.15753424657534246,14.195753587495297,0.11926605695978217
