loss,acc,val_loss,val_acc
2.385599908262196,0.13861385858294986,2.239569664001465,0.21875
