loss,acc,val_loss,val_acc
2.8818503155196007,0.09090909087830339,2.830941677093506,0.0625
2.500665412461462,0.10743801622105038,2.494964122772217,0.125
