loss,acc,val_loss,val_acc
2.3267291493303195,0.14173228674986232,2.290299892425537,0.15625
