loss,acc,val_loss,val_acc
2.7230257372702322,0.13709677419354838,2.3371238708496094,0.140625
