loss,acc,val_loss,val_acc
2.3416715264320374,0.08088235324248672,2.302477717399597,0.109375
