loss,acc,val_loss,val_acc
2.3711415767669677,0.1096774160861969,2.3459163904190063,0.15625
