loss,acc,val_loss,val_acc
2.424722957611084,0.07096773982048035,2.398834228515625,0.125
2.4060391198808904,0.07476635291197589,2.409350061416626,0.08888888888888889
