loss,acc,val_loss,val_acc
2.385537252193544,0.12195122405523207,2.4691522121429443,0.09375
2.4180752068031124,0.08943089665617884,2.4626541137695312,0.0625
