loss,acc,val_loss,val_acc
2.3521617169075824,0.10638298229017157,2.3253065765678107,0.1038961038961039
2.293167920822793,0.09929078222906336,2.299184684629564,0.15584415855345787
