loss,acc,val_loss,val_acc
2.6891968780093722,0.08024691417813301,2.2432608626304416,0.13761467958262208
