loss,acc,val_loss,val_acc
2.428359558532288,0.04895104837792737,2.4048265645263394,0.03669724838996152
2.3871550743396464,0.08391608454130746,2.381103447817881,0.06422018348623854
2.3401814997196198,0.13157894928008318,2.3925792508655124,0.12222222238779068
2.302339012943097,0.1343283562073067,2.4001512702451935,0.11926605538764132
