loss,acc,val_loss,val_acc
4.071459770202637,0.07801418503125508,3.88383412361145,0.0625
3.528035236441571,0.1478260857903439,2.5178732872009277,0.21875
