loss,acc,val_loss,val_acc
2.3951628279330124,0.1119403055132325,2.6073118448257446,0.140625
2.406954843606522,0.1119403054020298,2.4770023822784424,0.109375
2.4568420701952123,0.09701493004364754,2.4795377254486084,0.109375
2.416688632965088,0.09285714849829674,2.4442219734191895,0.09375
