loss,acc,val_loss,val_acc
9.283675652283888,0.11111111480456132,14.607023239135742,0.09375
