loss,acc,val_loss,val_acc
5.672270056227563,0.08450704351277419,5.220160162294066,0.09090909090909091
