loss,acc,val_loss,val_acc
2.3699408527854438,0.11888111783907963,2.264215408115212,0.21100917465369637
2.075016654454745,0.3146853161441696,2.161052006100296,0.17431192694727435
1.9825475666072818,0.377622382624166,2.045723773373498,0.2777777795990308
1.8906141072511673,0.34868421219289303,2.0824696197422274,0.201834862522029
1.627018445463323,0.41791044019941076,1.8799181717251419,0.3761467892642415
1.4149859335039046,0.4895104953459093,1.9935590889718797,0.2888888915379842
1.4717124998569489,0.5131578966975212,1.9754042352011445,0.3944954161250263
1.3890219309946874,0.48251748480996887,2.380573563619491,0.1743119272890441
