loss,acc,val_loss,val_acc
2.95184326171875,0.0892857164144516,2.4435434341430664,0.09375
2.504443407058716,0.10999999940395355,2.449496269226074,0.09375
2.417260766029358,0.06250000186264515,2.2409157752990723,0.07692307978868484
2.2350339889526367,0.1517857164144516,2.2017414569854736,0.25
