loss,acc,val_loss,val_acc
2.3405817165374754,0.12000000753998756,2.2986538410186768,0.15625
2.2836390137672424,0.15540541149675846,2.302820920944214,0.125
2.238719388550403,0.2647058972541024,2.2975785732269287,0.109375
2.1955087780952454,0.29054055362939835,2.2994658946990967,0.109375
