loss,acc,val_loss,val_acc
2.3585101195744107,0.1000000027673585,2.3389944379979912,0.09090909090909091
2.3861659935542514,0.09285714562450137,2.33040747704444,0.09090909090909091
2.327029139654977,0.11428571747882026,2.327547516141619,0.09090909139289484
2.360596571649824,0.07142857355730874,2.3252428290131806,0.07792207792207792
2.3504243237631663,0.06493506687028068,2.3179486231370405,0.07792207840588186
2.3127321141106743,0.08571428826877049,2.2965644892159993,0.09090909187669878
2.321344951220921,0.10714286033596311,2.3063497481408057,0.10389610660540594
2.3190721477781024,0.09285714541162764,2.302705430365228,0.1298701303539338
