loss,acc,val_loss,val_acc
4.51670072155614,0.1451612915242872,2.4066625833511353,0.078125
2.438157081604004,0.19736842811107635,2.3059821128845215,0.078125
2.2286808452298565,0.16935484111309052,2.304833769798279,0.125
2.151727311072811,0.23387097867746506,2.298097848892212,0.109375
