loss,acc,val_loss,val_acc
5.624902321182135,0.09923663883263828,3.4619346857070923,0.140625
