loss,acc,val_loss,val_acc
5.878509355145831,0.10077519697505374,11.462552070617676,0.078125
10.564484307932299,0.10077519818793895,12.464658260345459,0.109375
10.044786930084229,0.11363636702299118,9.504897594451904,0.078125
8.568613762079282,0.10852713571038357,7.482348203659058,0.09375
7.58661206932955,0.1085271350173063,7.573822498321533,0.125
7.992172274478646,0.09302325875953187,8.776792049407959,0.109375
8.359061598777771,0.09090909361839294,7.965484619140625,0.109375
9.054131201335363,0.06349206698082742,7.624383926391602,0.09375
