loss,acc,val_loss,val_acc
2.294520854949951,0.15079365919033685,2.2400076389312744,0.03125
2.182156889062179,0.2894736967588726,2.2232322692871094,0.375
2.234502156575521,0.15873016665379205,2.3034586906433105,0.0625
2.0876897811889648,0.3083333492279053,2.328744649887085,0.1875
1.9922670364379882,0.4083333447575569,2.2315545082092285,0.15625
1.8827199538548787,0.4841269950071971,2.3283896446228027,0.0625
1.8244438827037812,0.39166666865348815,2.081451654434204,0.21875
1.6984887778759004,0.5500000357627869,2.10988712310791,0.15625
