loss,acc,val_loss,val_acc
2.3020342384896626,0.08130081434075426,2.293400287628174,0.09375
2.309543022295324,0.07317073352453185,2.3132100105285645,0.125
