loss,acc,val_loss,val_acc
13.005433069516535,0.07534246575342465,14.491498684664386,0.10091743119266056
