loss,acc,val_loss,val_acc
2.3525580565134683,0.1527777841935555,2.2798051152910506,0.09090909090909091
2.1957861444224482,0.19565218168756235,2.232098814728972,0.18181818181818182
2.1367473168806597,0.2272727360779589,2.1532272518455207,0.20779220827601172
1.9734410099361255,0.3913043601357419,2.1129330195389784,0.2467532529459371
