loss,acc,val_loss,val_acc
2.4366602897644043,0.12096773833036423,2.556556463241577,0.09375
2.185316843986511,0.2699999892711639,2.49700927734375,0.03125
