loss,acc,val_loss,val_acc
8.28470870240094,0.0958904109589041,2.2478712786228283,0.3944954172186895
