loss,acc,val_loss,val_acc
2.3725797209246404,0.15172414121956662,2.302454055996116,0.1559633046662042
2.238616281085544,0.1568627477520042,2.2602948617497716,0.19266055080048536
2.199261019699765,0.18978102450823262,2.3064556668657774,0.1651376160459781
2.0911737283070884,0.3464052395688163,2.2039707406945186,0.1926605518257946
2.077909500929561,0.2846715410042853,2.150916830115362,0.30275229549189225
2.0436070760091147,0.3464052428801854,2.103276141192935,0.25688073585886473
1.9385902463954732,0.4014598672842457,2.0774657966893746,0.29357798602602897
1.8525355454148917,0.434482771260985,2.0287367138293906,0.3119266061881267
