loss,acc,val_loss,val_acc
2.32444485398226,0.12403101214142732,2.279604911804199,0.140625
2.2230581960012747,0.21705426934153535,2.2909177780151366,0.1111111127667957
2.254354476928711,0.18939394503831863,2.2578498946295844,0.20000000331136916
2.1618711892948594,0.2403100832950237,2.2607030868530273,0.125
2.2064865079036977,0.19379845538804696,2.2812871985965306,0.17777777810891468
2.1502475142478943,0.25757576525211334,2.1973302523295084,0.17777777777777778
2.131992728211159,0.2790697750657104,2.2450116872787476,0.140625
2.061655831891437,0.3565891544486201,2.1704723940955266,0.17777777943346235
