loss,acc,val_loss,val_acc
6.329326681894798,0.08904109589041095,2.2954342080912458,0.22018348658030187
