loss,acc,val_loss,val_acc
2.296843041544375,0.1565217344009358,2.29541015625,0.125
