loss,acc,val_loss,val_acc
2.398206092941929,0.14084507409535663,2.307251416243516,0.1298701303539338
