loss,acc,val_loss,val_acc
2.618828879083906,0.18571429082325527,2.491146607832475,0.07792207792207792
