loss,acc,val_loss,val_acc
2.377067708969116,0.131034483786287,2.307421644893261,0.11926605572941107
2.2544326280725415,0.1862069013817557,2.289193748334132,0.1376146808129932
2.1800310957020725,0.22068966085027003,2.190907924547108,0.2477064223601184
2.1484470186562374,0.2689655226366273,2.1940466373338614,0.26605504778547023
