loss,acc,val_loss,val_acc
2.324994927547017,0.10655737680489899,2.330936908721924,0.0625
2.2326885051414616,0.11475410055918772,2.2062716484069824,0.21875
