loss,acc,val_loss,val_acc
13.173260362180946,0.0958904109589041,14.343625786107614,0.11009174380280556
14.304809665679931,0.1125,14.787243186880689,0.08256880802298905
