loss,acc,val_loss,val_acc
2.341618750193348,0.1643835616438356,2.3143113403145326,0.09174311994959455
2.228213231857509,0.18493150684931506,2.323391201299265,0.12844036731424682
2.1445670977030713,0.22602739726027396,2.2574231916003757,0.20000000165568457
2.1104624075432348,0.23972602739726026,2.2809355488610925,0.08256880870652855
1.994600236415863,0.3625,2.186192597817937,0.21100917499546612
1.959680008561644,0.3424657534246575,2.1931252903408476,0.24444444626569747
1.9145923444669541,0.3424657534246575,2.1624489563320757,0.192660551278963
1.897100719538602,0.3939393939393939,2.2410782542797403,0.1743119272890441
