loss,acc,val_loss,val_acc
2.349637985229492,0.148148146768411,2.349918484687805,0.046875
2.2728992303212485,0.17283950373530388,2.33209171295166,0.13333333366447025
2.2921085755030313,0.16049382587273917,2.334308136834039,0.1111111127667957
2.266892433166504,0.15432098880410194,2.3367769718170166,0.09375
