loss,acc,val_loss,val_acc
2.4134428024291994,0.08125,2.2811425924301147,0.15625
2.4832911234635575,0.09230769230769231,2.284059296713935,0.13333333416117563
