loss,acc,val_loss,val_acc
2.2934181515763448,0.1707317160397041,2.2057816982269287,0.21875
2.1898312743117168,0.18699187912592075,1.914892315864563,0.5
1.855676531791687,0.41025643050670624,1.800896167755127,0.5
2.0193762461344402,0.3111111169060071,2.3914408683776855,0.125
1.7502506375312805,0.42307694628834724,1.9841864109039307,0.21875
1.5445818319553282,0.49593498721355345,1.8341665267944336,0.34375
1.4666794538497925,0.5384615585207939,1.4536851644515991,0.5625
1.5216851583341273,0.5609756344702186,1.6645828485488892,0.4375
