loss,acc,val_loss,val_acc
2.352555125951767,0.09868421126157045,2.3184245048312966,0.11926605538764132
