loss,acc,val_loss,val_acc
13.124462441222308,0.08904109589041095,14.935115919200653,0.07339449541284404
