loss,acc,val_loss,val_acc
2.6285732790481213,0.06201550607071366,2.357147693634033,0.171875
1.8753222532050555,0.4418604741262835,2.2952996492385864,0.234375
1.3832261264324188,0.6363636553287506,2.140822410583496,0.265625
1.0078794997791911,0.8062015855035116,2.1932440996170044,0.3125
0.9690385599469029,0.7441860770070275,2.0638113617897034,0.34375
0.7563522374907206,0.8217054605484009,2.0897839069366455,0.359375
0.6288672824238621,0.8837209648864214,2.227579712867737,0.328125
0.43422097712755203,0.9015151858329773,2.0656500458717346,0.359375
