loss,acc,val_loss,val_acc
14.618093503664618,0.07534246575342465,14.935115665470788,0.07339449575461379
