loss,acc,val_loss,val_acc
2.3900501514548687,0.14179105344992965,2.2014081478118896,0.21875
2.236592065042524,0.20895522766148866,2.206616163253784,0.25
2.0529343605041506,0.3000000089406967,2.1638965606689453,0.25
1.802476124976998,0.5000000249094038,1.9758020639419556,0.296875
