loss,acc,val_loss,val_acc
2.344383330778642,0.09090909158641641,2.3101959228515625,0.09375
2.346754709879557,0.06410256524880727,2.409402847290039,0.0625
