loss,acc,val_loss,val_acc
3.477061665141499,0.08391608355137017,2.3583342132218386,0.0917431196078248
2.419590473175049,0.11842105258256197,2.2610340293394318,0.13761467924085233
2.211086950935684,0.1468531440396409,2.1960186507966784,0.20000000082784228
2.105449619577892,0.2537313437839942,2.1704163529457303,0.22935779830184552
