loss,acc,val_loss,val_acc
2.350067001499542,0.07534246575342465,2.285167372554814,0.16513761502066884
