loss,acc,val_loss,val_acc
2.4027220695576768,0.08510638559435277,2.3594742378631195,0.11688311736692082
2.3667100845499243,0.08510638480173781,2.349588307467374,0.07792207888968579
2.372361350566783,0.12765957787632942,2.3481745534128957,0.09090909139289484
2.318053994859968,0.14965986992631639,2.350964793911228,0.09090909139289484
