loss,acc,val_loss,val_acc
2.3268336149362416,0.1025641061938726,2.2904672622680664,0.09375
2.237048864364624,0.2000000054637591,2.294748544692993,0.125
