loss,acc,val_loss,val_acc
2.325960971569193,0.13103448417166183,2.2719515398008014,0.1559633041193726
