loss,acc,val_loss,val_acc
12.684817671775818,0.11875,13.9000092515158,0.13761467924085233
13.675959731593277,0.15151515151515152,14.195753954966134,0.11926605504587157
