loss,acc,val_loss,val_acc
3.743179546820151,0.1261261294822435,3.2901015281677246,0.0625
3.0368177310840503,0.10810811193408193,2.308145523071289,0.125
