loss,acc,val_loss,val_acc
2.3528389907119296,0.1584158421743034,2.6422715187072754,0.09375
2.571408285953031,0.10891088843345642,2.3968465328216553,0.03125
2.289841413497925,0.1393442526459694,2.2351527214050293,0.1875
2.2040965769550587,0.15841583892850591,2.234419584274292,0.1875
