loss,acc,val_loss,val_acc
2.41372793625141,0.08275862274498776,2.363069223701407,0.10091743187620006
2.2461702478343044,0.18620689901812323,2.298383004074797,0.07339449554955194
