loss,acc,val_loss,val_acc
2.7990494558255965,0.06164383561643835,2.272261079298247,0.1651376160459781
2.4270950376170957,0.1506849315068493,2.347617444642093,0.16513761502066884
2.4394941787197166,0.1095890410958904,2.254766175482008,0.13333333540293907
2.308525633811951,0.15,2.304286499635889,0.07339449609638354
