loss,acc,val_loss,val_acc
2.4709961694829605,0.08823529811685576,2.264695644378662,0.21875
2.20672078927358,0.262820524473985,2.17064893245697,0.203125
