loss,acc,val_loss,val_acc
2.3887005601610456,0.12142857483455113,2.329859467295857,0.09090909090909091
2.2509552240371704,0.19285714839185988,2.254036519434545,0.10389610437990783
2.208078554698399,0.20779220972742354,2.194698497846529,0.29870129986242816
2.1460778410472567,0.29365079956395285,2.209521253387649,0.20779220972742354
2.0117634211267745,0.28571428230830603,2.172543120074582,0.28571428764950146
1.958089244365692,0.3785714232495853,2.4987760766760094,0.10389610408962548
1.8334028380257743,0.4220779218844005,2.176250631159002,0.22077922174682865
1.8080837658473423,0.34285714754036495,2.432534041342797,0.09090909139289484
