loss,acc,val_loss,val_acc
2.854414701461792,0.05932203494012356,2.6097075939178467,0.15625
