loss,acc,val_loss,val_acc
2.6901966743171215,0.14062500454019755,2.7383311986923218,0.09375
2.462482027709484,0.14843750407453626,2.2082372903823853,0.1875
1.9712095484137535,0.28125001513399184,2.218276262283325,0.203125
1.6770922541618347,0.529411792755127,1.9723767042160034,0.328125
1.5726274773478508,0.5234375223517418,1.8573799133300781,0.390625
1.2956487238407135,0.609375037252903,1.7042338252067566,0.4375
1.1704637864604592,0.6718750195577741,1.504858374595642,0.53125
1.0750312209129333,0.654411792755127,1.4073760509490967,0.546875
