loss,acc,val_loss,val_acc
2.40712841351827,0.08943089097738266,2.4555821418762207,0.03125
2.3643436211497844,0.09243697679343343,2.3208932876586914,0.0
2.347348928451538,0.06504064798355103,2.4095311164855957,0.03125
2.351926766151239,0.09090909140169127,2.378892421722412,0.0
2.3465673292963958,0.04958677501225275,2.397186279296875,0.03125
2.3306402884239006,0.06611570001633699,2.3230271339416504,0.0625
2.3430253474180365,0.06611570043196856,2.342294692993164,0.03125
2.3280811309814453,0.0731707289814949,2.3830976486206055,0.03125
