loss,acc,val_loss,val_acc
2.3960356572095085,0.05882353105527513,2.4447805881500244,0.09375
2.354780870325425,0.0784313753247261,2.215886116027832,0.15625
2.345473885536194,0.09166666865348816,2.429464817047119,0.1538461595773697
2.4172410123488484,0.0882352963089943,2.330143928527832,0.1875
2.355761408805847,0.05833333544433117,2.3288354873657227,0.09375
2.3247985559351303,0.1372549056130297,2.425851345062256,0.07692307978868484
2.34761118888855,0.10833333432674408,2.2712788581848145,0.09375
2.3630426631254307,0.08823529477505122,2.3858261108398438,0.15625
