loss,acc,val_loss,val_acc
13.182012074614224,0.0958904109589041,14.04788122264617,0.12844036833955608
14.241330760799043,0.11643835616438356,14.34362617982637,0.11009174311926606
14.241330708542915,0.11643835616438356,14.195753674988353,0.11926605504587157
14.707761859893798,0.0875,14.0478817301059,0.12844036697247707
