loss,acc,val_loss,val_acc
2.3178492433884563,0.13725490868091583,2.2897801399230957,0.0625
2.2972233295440674,0.10833333805203438,2.3150954246520996,0.0625
2.296145060483147,0.13725490429822138,2.299424886703491,0.1538461595773697
2.307891368865967,0.11666667088866234,2.3217945098876953,0.125
