loss,acc,val_loss,val_acc
3.5826145752326592,0.12587412483208663,2.8257537303714577,0.10091743153443031
2.595783678801743,0.13286713286713286,2.3036049921578226,0.11926605572941107
