loss,acc,val_loss,val_acc
2.9209268823746712,0.12903225794434547,2.5106886625289917,0.140625
2.432815968990326,0.11184210609644651,2.3824081897735594,0.1111111127667957
2.3343112468719482,0.12096773839044955,2.2842096010843913,0.1111111111111111
2.321771094875951,0.13709677371286577,2.31572163105011,0.09375
