loss,acc,val_loss,val_acc
12.31376370991746,0.1232876712328767,13.90000911152691,0.13761467958262208
