loss,acc,val_loss,val_acc
3.9930549008505687,0.055900621094873974,2.6782273131531555,0.11688311707663845
