loss,acc,val_loss,val_acc
8.321409385745264,0.10084033688577283,13.43356704711914,0.125
14.340134428328827,0.09243697748214257,15.110713958740234,0.0625
