loss,acc,val_loss,val_acc
4.552161017779646,0.14482758764562936,4.269167991953158,0.12844036697247707
3.174448251724243,0.07189542510443264,2.8926889896392822,0.06422018348623854
2.835147434777587,0.11678832345200281,2.423322253757053,0.1222222238779068
2.770966885007661,0.07586206978765027,2.9228013742954357,0.07339449609638354
