loss,acc,val_loss,val_acc
8.362221138499608,0.08411214911492071,14.607023239135742,0.09375
