loss,acc,val_loss,val_acc
4.715056400504901,0.11510791396387189,3.10547923422479,0.09090909187669878
