loss,acc,val_loss,val_acc
2.3360408941904702,0.1333333378036817,2.318061113357544,0.15625
2.225160533731634,0.15151515128937634,2.3553688526153564,0.125
2.094996531804403,0.2370370477437973,2.307681083679199,0.1538461595773697
1.9550031056770911,0.3589743570639537,2.2221529483795166,0.125
1.7691287902685313,0.4786324913685138,2.2438158988952637,0.15625
1.559677399121798,0.6153846291395334,1.887631893157959,0.38461539149284363
1.597634608928974,0.47863249824597287,2.0789146423339844,0.1875
1.5538318951924641,0.4962963064511617,1.9084527492523193,0.3125
