loss,acc,val_loss,val_acc
2.458871078491211,0.10714286342263221,2.3442604541778564,0.125
2.171842787414789,0.17187500884756446,2.1843695640563965,0.21875
2.093642568588257,0.3000000059604645,2.1882301568984985,0.265625
1.9132077116519213,0.4062500144354999,2.010101079940796,0.3125
