loss,acc,val_loss,val_acc
12.5090399964215,0.14383561643835616,14.047881642612841,0.12844036888638768
13.689341349144504,0.1506849315068493,14.047881336387144,0.12844036765601657
