loss,acc,val_loss,val_acc
2.3010592311620712,0.1875000018044375,2.243092894554138,0.25
1.7853838801383972,0.47794120013713837,2.034407615661621,0.25
1.4401903245598078,0.4921875302679837,1.9915847778320312,0.203125
1.162484634667635,0.6406250232830644,1.7171049118041992,0.4375
