loss,acc,val_loss,val_acc
12.838088910873623,0.0821917808219178,13.780698916234007,0.13761467958262208
5.110532448716359,0.1232876712328767,2.192849102370236,0.18348624044602072
2.3538854612063056,0.21232876712328766,2.121555310870529,0.23853211200565372
1.970414364337921,0.3375,1.555802589162774,0.4678899180998496
