loss,acc,val_loss,val_acc
8.927372234517877,0.08181818398562345,6.162719249725342,0.15625
5.008957997235385,0.10000000108372081,4.289147853851318,0.125
3.6373529477552933,0.11818182251670144,2.458669424057007,0.23076923191547394
2.468201001485189,0.1730769251783689,2.3111557960510254,0.15625
