loss,acc,val_loss,val_acc
13.27954545739579,0.08904109589041095,15.082987864083107,0.06422018348623854
14.793320329221961,0.0821917808219178,14.639370795783647,0.09174311994959455
