loss,acc,val_loss,val_acc
3.1000884903801813,0.1172839527328809,2.2787380262252386,0.13761467924085233
2.1903105709287853,0.20370370687709916,2.4780423116246495,0.15596330309406334
2.07594096660614,0.29629630222916603,2.406706192758348,0.17777777835726738
1.8677867253621419,0.3580247014760971,2.1752615412440868,0.2752293586184125
