loss,acc,val_loss,val_acc
2.2992707015751126,0.16083915927610198,2.0182481927609226,0.31192660741849776
1.8449596762657166,0.3815789483487606,1.9518423758515524,0.3211009187982717
