loss,acc,val_loss,val_acc
3.277673787848894,0.09302325997241707,2.6658347845077515,0.125
2.5182750834975134,0.1317829503569492,2.346215605735779,0.078125
