loss,acc,val_loss,val_acc
8.924095021616115,0.14851484823935102,13.095952987670898,0.1875
