loss,acc,val_loss,val_acc
2.4063634089569548,0.11940299196919399,2.4213181734085083,0.109375
