loss,acc,val_loss,val_acc
3.0225672053399486,0.06542056099137414,2.615560531616211,0.0
