loss,acc,val_loss,val_acc
2.429537534713745,0.09259259369638231,2.30238557736808,0.13761467889908258
2.3053353097703724,0.12962963100936678,2.3017594923666858,0.1651376153624386
