loss,acc,val_loss,val_acc
2.8175814786403297,0.13669064557916827,3.1055788405529863,0.09090909187669878
2.6317845711605155,0.1007194244872323,2.4543156995401754,0.2337662357014495
