loss,acc,val_loss,val_acc
4.750254430359216,0.11510791519670177,2.327153524795136,0.06493506541886887
2.3820422193129285,0.11510791396387189,2.508442281128524,0.09090909187669878
