loss,acc,val_loss,val_acc
2.583978073937552,0.10476190511669431,2.792066812515259,0.03125
