loss,acc,val_loss,val_acc
2.3590930155345373,0.08571428826877049,2.352811624477436,0.07792207840588186
2.3231538806642806,0.09285714541162764,2.352211354614852,0.07792207888968579
2.348456927708217,0.10389610699244908,2.3517307553972517,0.07792207888968579
2.328000159490676,0.1111111141859539,2.3508699249911618,0.07792207792207792
2.3682800701686313,0.07857143070016588,2.349989699078845,0.07792207792207792
2.313446351460048,0.12337662492479597,2.3496304456289714,0.07792207888968579
2.341323927470616,0.08571428826877049,2.3490919014076135,0.07792207840588186
2.3409400735582624,0.10000000255448478,2.3485182260538076,0.07792207888968579
