loss,acc,val_loss,val_acc
2.8650613185787988,0.10743801603632525,2.6463894844055176,0.21875
