loss,acc,val_loss,val_acc
2.3126345083747113,0.12676056621360107,2.303991246533084,0.1428571433409468
