loss,acc,val_loss,val_acc
2.4975479996722676,0.1565217368952606,2.3238272666931152,0.15625
2.238138198852539,0.19148936371008554,2.32930850982666,0.1875
2.1324370819589364,0.2869565264686294,2.2672855854034424,0.1875
2.068487101015837,0.2695652237404948,2.133894920349121,0.1875
1.836555498579274,0.42608696351880615,1.9669431447982788,0.3125
1.7772069772084553,0.42553192377090454,2.0927019119262695,0.1875
1.7451892293017843,0.47826087682143503,2.0871615409851074,0.25
1.673843492632327,0.46086957610171775,1.8669989109039307,0.375
