loss,acc,val_loss,val_acc
2.8836354681875855,0.12389380906799198,2.964718818664551,0.09375
