loss,acc,val_loss,val_acc
6.306335566795036,0.0821917808219178,3.099174110167617,0.06422018382800829
