loss,acc,val_loss,val_acc
2.5767700331551686,0.08695652335882187,2.357584773720085,0.14285714382475073
2.45150187280443,0.09401709560909842,2.4769616003160353,0.09090909110261249
