loss,acc,val_loss,val_acc
2.9512099424997964,0.07575757801532745,3.2774620056152344,0.125
3.2516885369510975,0.0932203425189196,2.712474822998047,0.15625
