loss,acc,val_loss,val_acc
4.60405732691288,0.10156250189174898,3.1881489753723145,0.078125
