loss,acc,val_loss,val_acc
2.426825672114661,0.07339449650650724,2.4552948474884033,0.1875
2.4211973349253335,0.10062893231709798,2.4144301414489746,0.15625
