loss,acc,val_loss,val_acc
2.3402595043182375,0.04545454626733607,2.302140474319458,0.15625
