loss,acc,val_loss,val_acc
2.920107853028082,0.10483871051861395,2.259438157081604,0.1875
2.266431212425232,0.19078947976231575,2.2619128227233887,0.25
2.234415042784906,0.12903225794434547,2.150467872619629,0.25
2.1260038191272366,0.1774193619287783,2.1661897897720337,0.265625
