loss,acc,val_loss,val_acc
3.792264223098755,0.12711864709854126,2.302253246307373,0.125
4.493460416793823,0.10227273032069206,2.3313117027282715,0.15625
3.6801259517669678,0.09322033822536469,2.490588665008545,0.09375
2.5609187385410936,0.18446602780842086,2.28003191947937,0.1875
