loss,acc,val_loss,val_acc
2.3306297315370053,0.08256880856982064,2.3208861351013184,0.21875
2.3336778277650887,0.10091743269644746,2.3354744911193848,0.09375
