loss,acc,val_loss,val_acc
2.8827009351234736,0.11023622416839825,2.636702537536621,0.15625
