loss,acc,val_loss,val_acc
13.055443979289434,0.08904109589041095,14.491498737160219,0.10091743255973956
