loss,acc,val_loss,val_acc
12.209250879287719,0.1125,14.787243554351527,0.0825688076812193
14.897027333577475,0.07575757575757576,14.935115919200653,0.07339449541284404
