loss,acc,val_loss,val_acc
2.612349560386256,0.07894737116600338,2.6617302894592285,0.125
