loss,acc,val_loss,val_acc
12.10533447265625,0.12142857504742487,14.234161909524497,0.11688311785072475
14.506286294119699,0.1000000027673585,14.23416230585668,0.11688311785072475
14.621415628705705,0.09285714541162764,14.23416214484673,0.11688311881833262
14.045769255501883,0.128571432190282,14.234162107690588,0.11688311736692082
14.757477351597377,0.08441558693136487,14.234161550348455,0.11688311959241891
14.045769105638776,0.128571432190282,14.234161909524497,0.11688311785072475
13.930640288761683,0.1357142897588866,14.23416246686663,0.11688311688311688
14.621415478842598,0.09285714541162764,14.234162070534445,0.11688311688311688
