loss,acc,val_loss,val_acc
11.820973905798507,0.0958904109589041,14.400719616391243,0.10091743119266056
