loss,acc,val_loss,val_acc
2.352568384479074,0.18382353905369253,2.3415627479553223,0.140625
