loss,acc,val_loss,val_acc
11.683858453410945,0.0958904109589041,14.047881450128118,0.12844036697247707
13.689341192376125,0.1506849315068493,13.752136492947919,0.1467889921927671
13.59964303970337,0.15625,14.195753587495297,0.11926605695978217
13.79973921057296,0.14383561643835616,13.456391483271888,0.1651376153624386
