loss,acc,val_loss,val_acc
3.1934123605784803,0.07920791695613673,3.0116937160491943,0.15625
3.459203852285253,0.1089108877695433,2.6900086402893066,0.28125
3.1929824352264404,0.21311473101377487,3.042555570602417,0.03125
2.4996638793756465,0.25742571764063127,2.088555097579956,0.28125
