loss,acc,val_loss,val_acc
2.414988190787179,0.07857143070016588,2.3955219906645935,0.07792207840588186
2.3998482636043,0.12857143197740828,2.3888891517341913,0.06493506590267281
2.403167826788766,0.0779220802443368,2.3804398914436242,0.06493506493506493
2.3828663674611894,0.1031746060129196,2.3716264266472358,0.06493506541886887
