loss,acc,val_loss,val_acc
13.159612420487077,0.10273972602739725,14.787243440610553,0.0825688076812193
