loss,acc,val_loss,val_acc
2.3198995730456184,0.1274509846287615,2.291886806488037,0.125
2.2972575426101685,0.10000000149011612,2.3072316646575928,0.09375
2.2961362950942097,0.11764706232968498,2.3633439540863037,0.1538461595773697
2.254886507987976,0.1250000037252903,2.2720842361450195,0.15625
2.2074503898620605,0.190476194024086,2.257632255554199,0.1875
2.175377607345581,0.1666666679084301,2.2708370685577393,0.23076923191547394
2.2616552114486694,0.18333333730697632,2.2477400302886963,0.1875
2.1054482460021973,0.2023809552192688,2.2437195777893066,0.15625
