loss,acc,val_loss,val_acc
2.3766897224879764,0.1048951057287363,2.3242103900384468,0.174311927425752
2.2657393292113617,0.10489510369675976,2.293028166534704,0.13761467889908258
