loss,acc,val_loss,val_acc
2.4548901319503784,0.10714286033596311,2.297758994164405,0.09090909110261249
2.277649027960641,0.1623376671757017,2.3039244305003774,0.15584415681176372
2.2665632895060948,0.11428571535008294,2.306201919332727,0.09090909187669878
2.286310555442931,0.14285714664156474,2.27283966386473,0.14285714305066444
