loss,acc,val_loss,val_acc
2.3800294612135207,0.12499999933476959,2.4042701721191406,0.0
