loss,acc,val_loss,val_acc
13.836814212799073,0.06875,14.639371189502402,0.09174311926605505
14.774920608058121,0.08333333333333333,14.491498824653275,0.10091743153443031
14.793320224709706,0.0821917808219178,14.787243274373745,0.0825688076812193
14.793320224709706,0.0821917808219178,14.491498404686604,0.10091743119266056
15.124514122531838,0.06164383561643835,14.935115639222872,0.07339449541284404
14.130932951626713,0.1232876712328767,14.343626066085395,0.11009174380280556
15.412928581237793,0.04375,14.639370795783647,0.09174311994959455
14.682922415537377,0.08904109589041095,14.639370682042673,0.09174311994959455
