loss,acc,val_loss,val_acc
2.3686166094310246,0.10447761505397397,2.470986843109131,0.109375
2.169142484664917,0.2571428716182709,2.5464255809783936,0.078125
