loss,acc,val_loss,val_acc
2.333491681848915,0.07766990468484684,2.367295980453491,0.09375
