loss,acc,val_loss,val_acc
3.9705120360150055,0.1250000017530778,2.303699016571045,0.078125
