loss,acc,val_loss,val_acc
2.3754870891571045,0.13475177437067032,2.2362141609191895,0.25
2.294304890579052,0.1460674154791939,2.5229859352111816,0.0625
2.3503348018812096,0.19130435184292172,2.20516300201416,0.3076923191547394
2.3973076343536377,0.1134751761953036,2.343987226486206,0.15625
