loss,acc,val_loss,val_acc
2.4022025941944807,0.12230215931860663,2.4320148430861437,0.09090909139289484
2.372725021924904,0.10791366984196704,2.3701473582874644,0.09090909139289484
2.322131633758545,0.15527950386915887,2.2943654865413516,0.07792207792207792
2.225420610510188,0.13669064817883128,2.301088082325923,0.10389610486371177
2.1624351576862173,0.1452991447578638,2.395917254608947,0.1038961038961039
2.24823420388358,0.0993788827742849,2.3103439900782203,0.10389610486371177
2.1566811053872965,0.2014388502072945,2.2502267082016187,0.2337662357014495
2.09463118477691,0.30215828024226127,2.2288521172164324,0.20779220875981566
