loss,acc,val_loss,val_acc
3.915526878002078,0.09302325893280118,3.6797492504119873,0.09375
