loss,acc,val_loss,val_acc
3.1110761208967728,0.08181818479841406,3.161583185195923,0.15625
2.787065029144287,0.1153846209247907,2.5204014778137207,0.0625
