loss,acc,val_loss,val_acc
3.120610266515653,0.0684931506849315,2.3020829410727965,0.08256880925336016
