loss,acc,val_loss,val_acc
2.4973605766015896,0.13970588465385578,2.597908854484558,0.078125
2.263146814178018,0.25000000706709485,2.5080073250664605,0.06666666666666667
