loss,acc,val_loss,val_acc
2.3184717675329933,0.18309859847518759,2.1430459703717912,0.18181818452748386
1.874597022231196,0.40845071555862966,2.073435052648767,0.27272727891996307
1.5135057274724397,0.6197183283281998,1.8236449910448742,0.4155844210030197
1.3637951761484146,0.6937500014901161,1.6035041809082031,0.5324675371120502
