loss,acc,val_loss,val_acc
2.3293546416542745,0.08181818398562345,2.315654754638672,0.0625
2.3175809383392334,0.08974359060327212,2.316525459289551,0.0625
