loss,acc,val_loss,val_acc
14.544291130483966,0.08904109589041095,14.639371329491292,0.0917431196078248
14.903718242906544,0.07534246575342465,14.343625672366642,0.11009174380280556
14.70776195526123,0.0875,14.34362631981526,0.11009174346103581
14.462126535912082,0.10273972602739725,14.343625899848588,0.11009174311926606
15.124514018019585,0.06164383561643835,14.787243274373745,0.0825688076812193
14.652813998135654,0.09090909090909091,14.195753727484187,0.11926605572941107
14.20407133102417,0.11875,14.639370655794757,0.0917431196078248
14.774920723655008,0.08333333333333333,14.639370769535729,0.0917431196078248
