loss,acc,val_loss,val_acc
2.3974668744584204,0.11267605854172102,2.3616477545205647,0.07792207792207792
2.2156612277030945,0.17500000121071935,2.3864395401694556,0.11688311736692082
2.183867956361463,0.21774193848813733,2.503541915447681,0.07792207888968579
2.0632668137550354,0.3062500078231096,2.2026287487574985,0.2987012996689066
1.9226213139547428,0.33802817614985187,2.1461106027875627,0.19480519480519481
1.7779339333655129,0.39436619886210267,2.056676753155597,0.3506493560679547
1.6577335008433167,0.5000000058765143,1.9980215530890924,0.38961039057799746
1.6267067915956739,0.5140845145977718,1.9486735641182242,0.40259740453261833
