loss,acc,val_loss,val_acc
12.5977728856753,0.1232876712328767,13.900008945290102,0.13761467889908258
13.91013701974529,0.136986301369863,13.604263961861987,0.15596330309406334
