loss,acc,val_loss,val_acc
2.32505863904953,0.12142857350409031,2.478866696357727,0.09375
