loss,acc,val_loss,val_acc
2.9547680846783293,0.11764706220446515,2.581517219543457,0.15625
2.46616513789201,0.1512605090852545,2.52833890914917,0.125
2.512282212575277,0.13178294648726782,2.2706854343414307,0.1538461595773697
2.3944869822814683,0.1512605090852545,2.3226804733276367,0.125
2.3826690862158766,0.09243697741953265,2.3450729846954346,0.0625
2.3158761660257974,0.116279070576032,2.3488199710845947,0.07692307978868484
2.29317762270695,0.08403361532367579,2.286898374557495,0.09375
2.282000968436233,0.21848739909023798,2.2635884284973145,0.21875
