loss,acc,val_loss,val_acc
2.33817298412323,0.08125,2.3242834467406666,0.0917431196078248
2.328898787498474,0.12121212121212122,2.3046336327124077,0.11009174311926606
