loss,acc,val_loss,val_acc
2.488780379295349,0.10344827547669411,2.4343109130859375,0.125
2.4592138528823853,0.09782608598470688,2.505488872528076,0.09375
