loss,acc,val_loss,val_acc
13.47585654258728,0.0875,14.777577067733905,0.08256880802298905
14.572524501852794,0.0958904109589041,14.49149829094563,0.10091743187620006
