loss,acc,val_loss,val_acc
4.3853687445322675,0.07575757553180058,3.574415683746338,0.09375
2.6299358020394537,0.2542373020265062,3.0771560668945312,0.125
