loss,acc,val_loss,val_acc
2.3594898001788414,0.11643835616438356,2.327235020628763,0.18348623887387985
