loss,acc,val_loss,val_acc
2.40656966979687,0.13076923076923078,2.6345479488372803,0.078125
