loss,acc,val_loss,val_acc
8.972999233089082,0.07534246575342465,2.260038373667166,0.24770642338542764
2.216375083139498,0.23972602739726026,2.2815012341245597,0.22935779953221663
