loss,acc,val_loss,val_acc
10.459267593409917,0.0684931506849315,2.3310204536542978,0.18348624044602072
