loss,acc,val_loss,val_acc
2.400618212563651,0.16233766504696437,2.4390062945229665,0.11688311959241891
2.428962026323591,0.12698413029549613,2.445535591670445,0.12987013257943192
