loss,acc,val_loss,val_acc
2.3673756585192325,0.11194030162113816,2.446407914161682,0.078125
2.337838649749756,0.1285714328289032,2.4442555162641737,0.022222222222222223
2.3477594745692922,0.11194030095392199,2.364758268992106,0.1111111111111111
2.344962414354086,0.10937500430736691,2.3926219940185547,0.109375
