loss,acc,val_loss,val_acc
2.435052514076233,0.11728395149111748,2.3555938005447388,0.03125
2.2431309620539346,0.20370369777083397,2.2697647942437067,0.13333333498901792
2.0411685705184937,0.32098765422900516,2.115741229057312,0.33333333399560716
1.9211291472117107,0.37037036816279095,2.0572416186332703,0.375
1.7064646283785503,0.4629629651705424,2.0310536596510147,0.31111111442248024
1.6007998983065288,0.4814814900358518,1.9995080524020725,0.35555555588669246
1.4429023663202922,0.5555555621782938,1.9044301509857178,0.328125
1.266305426756541,0.6419753034909567,1.9206336710188123,0.28888888971673116
