loss,acc,val_loss,val_acc
2.4426028911884012,0.1282051308796956,2.3180503845214844,0.1875
2.274951696395874,0.19259259849786758,2.2755794525146484,0.1875
2.115041147578846,0.24242424016649072,2.2495734691619873,0.1538461595773697
2.1948582331339517,0.1851851890484492,2.202157497406006,0.25
