loss,acc,val_loss,val_acc
2.7129968117623435,0.1386861273080763,2.454299561389081,0.12987012987012986
