loss,acc,val_loss,val_acc
2.5120865017620484,0.11194030406759746,2.2388607263565063,0.125
2.190422186210974,0.3358209026393606,2.197080612182617,0.21875
1.6956671953201294,0.5357143163681031,1.9999289512634277,0.421875
1.6652909321571463,0.5074627016907307,1.8862406611442566,0.375
