loss,acc,val_loss,val_acc
2.354858740444841,0.08965517318454282,2.3183278906236002,0.1743119285194152
2.2430218367741026,0.2137931060174416,2.2878373172305047,0.22018348760561113
