loss,acc,val_loss,val_acc
2.4882324074589928,0.054263567855191784,2.507358431816101,0.109375
2.4054357672846596,0.11627907357936682,2.4399150371551515,0.13333333366447025
2.405536130417225,0.10077519680178443,2.4155532995859783,0.1111111127667957
2.386425256729126,0.06818182021379471,2.4501121044158936,0.140625
2.3559903377710385,0.11627907288628955,2.402021238538954,0.13333333416117563
2.335832950680755,0.13953488822593246,2.4101703484853108,0.11111111144224803
2.3211612756862197,0.1550387643104376,2.4115577936172485,0.140625
2.315515697002411,0.1666666716337204,2.469615024990506,0.11111111144224803
