loss,acc,val_loss,val_acc
3.052778140279173,0.06106870047008718,2.5699031352996826,0.15625
