loss,acc,val_loss,val_acc
12.644535508874345,0.13013698630136986,14.343625926096506,0.11009174346103581
