loss,acc,val_loss,val_acc
2.430119216442108,0.17647059122100472,2.5944180488586426,0.125
2.25035054286321,0.2333333450059096,2.6637412309646606,0.09375
