loss,acc,val_loss,val_acc
12.681813776493073,0.11875000409781933,13.902393192439884,0.10389610437990783
