loss,acc,val_loss,val_acc
12.228261216046059,0.07534246575342465,14.612164121155345,0.09174311994959455
