loss,acc,val_loss,val_acc
2.320410966873169,0.0740740771094958,2.268789768218994,0.15625
