loss,acc,val_loss,val_acc
2.9175566203302616,0.08633093501059272,2.6817574810672116,0.09090909139289484
2.4466502940912043,0.16546762281720587,2.3196883232562575,0.14285714305066444
2.338971037658856,0.10071942435322906,2.379189259046084,0.11688311785072475
2.263514343783152,0.12949640282409655,2.258879788510211,0.12987013180534562
