loss,acc,val_loss,val_acc
2.742227077484131,0.08695651963353157,2.6108479499816895,0.0625
2.4633442615640573,0.06896551788367074,2.328960657119751,0.15625
