loss,acc,val_loss,val_acc
2.3307456970214844,0.10483870655298233,2.3087384700775146,0.09375
