loss,acc,val_loss,val_acc
2.3761885464191437,0.11842105351388454,2.372258947529924,0.045871559633027525
2.2637772506742335,0.2014925385366625,2.3159051488298887,0.09174312117996566
2.132401664773901,0.27272727397771984,2.211449463433082,0.22018348692207163
2.012497454881668,0.28947368264198303,2.0909450863479475,0.13761467958262208
1.9458337221945916,0.39860140954281065,1.990512876335634,0.32110092071218227
1.7425070117403578,0.39160839265043085,1.8751652568852135,0.29357798301845517
1.6229823294219436,0.4545454616313214,1.8108404831055107,0.42201835299850604
1.5618437095121904,0.4545454582967958,1.6437040742384184,0.5137614706240663
