loss,acc,val_loss,val_acc
2.66390906680714,0.09790209784999594,2.2967405822298943,0.11009174380280556
2.3478718754294867,0.12587412493629055,2.234232465061573,0.1743119272890441
