loss,acc,val_loss,val_acc
2.315433382987976,0.18666666001081467,2.220981808451863,0.20779221050150984
1.824866646720517,0.38709675724948606,2.1726472780301975,0.2467532486884625
1.4716280698776245,0.5333333164453506,2.3986531217376905,0.1688311742497729
1.1342240506715149,0.6934306343106458,1.8135137805691013,0.38961039580308
