loss,acc,val_loss,val_acc
12.716408768745318,0.1232876712328767,13.900009137774827,0.1376146808129932
13.498904991149903,0.1625,13.456391623260778,0.1651376165928097
14.164386980461352,0.12121212121212122,13.752136300463196,0.14678899116745783
13.39816665649414,0.16875,13.900008717808154,0.13761467958262208
