loss,acc,val_loss,val_acc
13.459287656496649,0.0821917808219178,14.491498710912301,0.10091743153443031
14.682922415537377,0.08904109589041095,14.34362617982637,0.11009174311926606
