loss,acc,val_loss,val_acc
2.3971962588174,0.10924370117297694,2.372023582458496,0.15625
2.351928622782731,0.10924370010860827,2.4680771827697754,0.0625
