loss,acc,val_loss,val_acc
5.268393874168396,0.08024691293636958,4.935518741607666,0.0625
