loss,acc,val_loss,val_acc
2.724252150608943,0.10256410676699418,2.1803488731384277,0.28125
