loss,acc,val_loss,val_acc
2.4601203687489033,0.07031250075669959,2.428467869758606,0.078125
2.423906147480011,0.11764706205576658,2.348522186279297,0.09375
