loss,acc,val_loss,val_acc
2.6735395590464273,0.11111111318071683,2.5836457331246194,0.07339449609638354
2.3009489244884915,0.16666667039195696,2.4054463215924184,0.1926605505954235
1.906467146343655,0.407407412926356,2.287983290354411,0.12222222305006451
1.658334732055664,0.5000000132454766,1.997045075127838,0.2477064223601184
