loss,acc,val_loss,val_acc
2.383685052394867,0.12500000186264515,2.2830982208251953,0.0625
