loss,acc,val_loss,val_acc
2.361481030782064,0.09259259204069774,2.2405667304992676,0.1875
2.361341953277588,0.06172839427987734,2.4590671062469482,0.0625
