loss,acc,val_loss,val_acc
8.495656385813675,0.07534246575342465,2.389329822785264,0.21100917622583723
2.3879658460617064,0.25625,2.4753478951410415,0.1651376165928097
2.1284708163954993,0.26515151515151514,1.8601152404732662,0.3577981689654359
2.0306761026382447,0.25625,1.6458810863144901,0.48623853593791294
1.83838947614034,0.4318181818181818,1.4874934592378248,0.5412844080443776
1.7176801897075078,0.5068493150684932,1.412590164657033,0.5045871586974607
1.456443727832951,0.5205479452054794,1.3670535186015138,0.46788990907712813
1.4164153933525085,0.525,0.9233930351537302,0.6880733972295708
