loss,acc,val_loss,val_acc
2.6376506673878635,0.10344827670989365,2.385162502253821,0.1651376165928097
