loss,acc,val_loss,val_acc
5.793026447296143,0.08196720853447914,6.162689208984375,0.09375
6.016693549581094,0.08910890646500162,5.973304271697998,0.125
