loss,acc,val_loss,val_acc
2.366851242462007,0.12871286818886749,2.3303046226501465,0.15625
2.2446470260620117,0.19672130048274994,2.5014147758483887,0.0
2.171151862286105,0.2673267120181924,2.3323750495910645,0.15625
2.1247730255126953,0.3032786697149277,2.2181472778320312,0.1875
