loss,acc,val_loss,val_acc
2.4246899286905923,0.1159420261780421,2.1644341945648193,0.1875
2.2520701021983704,0.18103448134557953,2.2755160331726074,0.15625
2.148149835302475,0.29787234359599174,2.2395410537719727,0.23076923191547394
1.9943937460581462,0.3695652186870575,2.081993579864502,0.28125
