loss,acc,val_loss,val_acc
13.25145019897043,0.0821917808219178,14.639370769535729,0.0917431196078248
14.793320276965833,0.0821917808219178,14.639370629546839,0.09174311926605505
