loss,acc,val_loss,val_acc
2.3774201075236,0.09219858298699062,2.277055501937866,0.15625
2.27452448780617,0.1460674179069112,2.4315147399902344,0.0625
2.350781438661658,0.13913043517133464,2.3008737564086914,0.07692307978868484
2.319386641184489,0.12056737393140793,2.2914600372314453,0.125
2.3262466140415357,0.06956521638709566,2.345569610595703,0.09375
2.3318182627360025,0.10638297597567241,2.301358461380005,0.0
2.249899684713128,0.15730337162366073,2.297626256942749,0.125
2.3340834776560464,0.08510638276735942,2.365419864654541,0.09375
