loss,acc,val_loss,val_acc
2.3235022207585776,0.11382114160351636,2.3244540691375732,0.0625
2.2979859113693237,0.15384615771472454,2.327432632446289,0.03125
2.323880370070295,0.10569106078729397,2.331352710723877,0.03125
2.322541917242655,0.1300813084150233,2.3096420764923096,0.15625
