loss,acc,val_loss,val_acc
2.4687849933450874,0.08333333649418571,2.373178005218506,0.109375
2.3765663146972655,0.09333333596587182,2.361354038450453,0.17777777810891468
