loss,acc,val_loss,val_acc
2.335965633392334,0.10370370745658875,2.2579755783081055,0.21875
2.2932345867156982,0.14141414314508438,2.283381462097168,0.0625
