loss,acc,val_loss,val_acc
12.818935524927427,0.1232876712328767,14.047881170150337,0.12844036697247707
14.572524658621173,0.0958904109589041,14.935115639222872,0.07339449541284404
14.3048095703125,0.1125,14.34362617982637,0.11009174311926606
14.530707214817856,0.09848484848484848,14.491498710912301,0.10091743153443031
13.901857471466064,0.1375,14.787243300621663,0.08256880802298905
14.286493474786932,0.11363636363636363,14.93511549923398,0.07339449575461379
14.506285858154296,0.1,14.491498824653275,0.10091743153443031
14.903718086138163,0.07534246575342465,14.343625952344421,0.11009174380280556
