loss,acc,val_loss,val_acc
2.7471391180287235,0.13043478656074275,2.4666686058044434,0.1875
