loss,acc,val_loss,val_acc
2.395705246103221,0.09655172583358042,2.3228409202820663,0.12844036765601657
