loss,acc,val_loss,val_acc
2.3948029279708862,0.12499999813735485,2.3188389244429564,0.12844036697247707
2.221830684747269,0.19402985085747135,2.4028657379500364,0.11009174311926606
2.0550329238176346,0.3421052601188421,2.2946543562302897,0.1926605518257946
2.0117011897599517,0.29104477712022725,2.0248658766440295,0.3119266061881267
