loss,acc,val_loss,val_acc
2.464417423520769,0.12857143197740828,2.2708322103921468,0.14285714556644488
