loss,acc,val_loss,val_acc
2.931627842096182,0.11111111365831815,3.5817534923553467,0.0625
3.1351996201735277,0.12820512916033083,2.51814603805542,0.15625
2.6356664498647056,0.09629629800717036,2.6728055477142334,0.07692307978868484
2.5221145153045654,0.11111111537768291,2.423483371734619,0.0625
2.4143794499910793,0.0769230777827593,2.399677276611328,0.125
2.381981372833252,0.0740740771094958,2.2727651596069336,0.07692307978868484
2.309187834079449,0.1538461555655186,2.3406691551208496,0.1875
2.3528713446397047,0.1025641061938726,2.323479413986206,0.1875
