loss,acc,val_loss,val_acc
2.3291676645060533,0.12213740150892098,2.3634278774261475,0.125
