loss,acc,val_loss,val_acc
2.6982684984599072,0.08904109589041095,2.2557746904705644,0.11009174311926606
2.1689826788967603,0.1917808219178082,2.438186921110941,0.12844036833955608
2.1530455112457276,0.225,2.0961614442527843,0.1926605511422551
2.000929279760881,0.2803030303030303,1.951071546712053,0.3394495419679432
1.816980828977611,0.410958904109589,1.8538219677198917,0.449541288231491
1.630690610408783,0.5125,1.8882025830242612,0.330275233732451
1.860728104909261,0.32575757575757575,1.672234814101403,0.45871559769735426
1.4639118671417237,0.58125,1.591734069203018,0.43119267039342757
