loss,acc,val_loss,val_acc
3.2419834625063917,0.07874015792030988,3.335604190826416,0.046875
2.737973988056183,0.07142857322469354,2.3499948978424072,0.09375
