loss,acc,val_loss,val_acc
2.8684402571784124,0.09876543324854639,2.297631241859646,0.1559633046662042
2.2810525629255505,0.12962963266505134,2.278284667828761,0.14678899150922758
