loss,acc,val_loss,val_acc
2.482037059077016,0.13286713291923483,2.22330676525011,0.1559633034358331
2.2482856603769155,0.17482517024020214,2.2271863123692506,0.20183486375240012
2.1594194282184946,0.23076923368694066,2.183078402772956,0.22935779884867713
2.141132175922394,0.2763157840818167,2.158794429324089,0.1467889927395987
1.9953032932081423,0.3426573423447309,2.0618333794655057,0.32110091934510326
1.9151135674723379,0.3426573452624408,1.937972216431154,0.3486238570388304
1.8784801626538896,0.3846153829481218,1.9092046536436869,0.3761467909047363
1.7509789541884735,0.44055943764173067,1.8175261906527598,0.4495412942466386
