loss,acc,val_loss,val_acc
3.5038952146257674,0.08035714106102075,3.5244905948638916,0.09375
