loss,acc,val_loss,val_acc
2.4090006885528563,0.11200000011920928,2.421282649040222,0.0625
