loss,acc,val_loss,val_acc
2.3610267493189596,0.11224489811123634,2.286587953567505,0.1875
