loss,acc,val_loss,val_acc
2.7925927448272705,0.15199999833106995,2.6820379495620728,0.109375
2.5121961250305174,0.09600000232458114,2.392616277270847,0.13333333333333333
2.4094167947769165,0.08783783484250307,2.3769675572713216,0.1111111111111111
2.349607940673828,0.10399999755620956,2.307743549346924,0.09375
