loss,acc,val_loss,val_acc
2.484851870206323,0.07920792145599233,2.4506993293762207,0.125
2.3753888607025146,0.16393442451953888,2.4348838329315186,0.03125
2.169075876179308,0.21782177952256535,2.543975353240967,0.1538461595773697
2.0729464162694344,0.27722772232966847,2.441852569580078,0.09375
