loss,acc,val_loss,val_acc
14.384673157783403,0.0958904109589041,14.491498684664386,0.10091743119266056
