loss,acc,val_loss,val_acc
2.4610689878463745,0.116071427640106,2.332343339920044,0.125
2.3903274536132812,0.11333333452542622,2.6429991722106934,0.09375
