loss,acc,val_loss,val_acc
2.3759280498896804,0.08411215280539522,2.317189931869507,0.15625
2.32941734790802,0.09999999776482582,2.358083486557007,0.09375
2.3967773535541284,0.0747663553490817,2.394404411315918,0.09375
2.3834450222621455,0.05607476426619236,2.476173162460327,0.09375
