loss,acc,val_loss,val_acc
2.589972338255714,0.16911765757729025,2.5061066150665283,0.125
2.255091057104223,0.2352941391770454,2.3274621963500977,0.1875
2.047053987489027,0.25000000777928266,2.286913275718689,0.140625
1.8609311779340107,0.44871796170870465,2.164657711982727,0.25
1.6883116467245693,0.5000000200394926,2.1990140676498413,0.21875
1.5191372434298198,0.5320513149102529,2.2599244117736816,0.203125
1.5940591657862944,0.5000000354998252,2.178894519805908,0.265625
1.3436503603177912,0.5514706333770472,2.0641271471977234,0.265625
