loss,acc,val_loss,val_acc
2.7448433852024214,0.11510791458028684,2.58301847012012,0.18181818278578968
2.5079661187508124,0.1294964022076816,2.4725725712714257,0.09090909139289484
2.44168442873646,0.1294964014572634,2.4637297562190463,0.09090909187669878
2.4279661041369542,0.11510791273104201,2.4638462128577294,0.09090909090909091
2.468671248113509,0.07913669027227292,2.4608467306409563,0.09090909187669878
2.4859793526785716,0.07453416234680585,2.4391195712151466,0.09090909090909091
2.3980841842486704,0.10791366984196704,2.4039185294857273,0.09090909139289484
2.3801118761515445,0.0863309362434226,2.387750786620301,0.09090909139289484
