loss,acc,val_loss,val_acc
3.2203823988386193,0.11510791396387189,2.5581344505409143,0.10389610486371177
2.418864555496106,0.09352518221457227,2.512021473475865,0.09090909139289484
