loss,acc,val_loss,val_acc
2.333433191541215,0.0915492971388387,2.417165737647515,0.11688311736692082
2.3441296899822395,0.10563380544034529,2.405420718254981,0.1038961038961039
