loss,acc,val_loss,val_acc
8.148155450820923,0.09322033822536469,14.103333473205566,0.125
