loss,acc,val_loss,val_acc
2.470082676928976,0.050724638868933136,2.406874244863337,0.06493506541886887
2.4655824536862583,0.036231885137765305,2.442484796821297,0.03896103896103896
