loss,acc,val_loss,val_acc
2.4230653306712275,0.05217391182870969,2.3119454383850098,0.125
2.306124687194824,0.12765957166751227,2.222769021987915,0.125
2.304334715138311,0.18260870018730993,2.23447847366333,0.15625
2.3283210920250936,0.11304347631723985,2.2475433349609375,0.125
