loss,acc,val_loss,val_acc
2.3488695469308407,0.1134751835402022,2.450547209033718,0.11688311736692082
2.335134267807007,0.10884353944233485,2.434907965845876,0.11688311736692082
2.3904318173726398,0.07407407677835888,2.420569407475459,0.11688311736692082
2.3321588597399123,0.12765957946155934,2.410155098159592,0.12987013083773774
