loss,acc,val_loss,val_acc
2.3035461625387503,0.1317829503569492,2.3189159631729126,0.125
2.199395716190338,0.24242424964904785,2.2239151000976562,0.203125
2.1192302315734155,0.2480620249759319,2.210087776184082,0.234375
2.0331230440805124,0.3565891627655473,2.202897787094116,0.265625
