loss,acc,val_loss,val_acc
3.931723701143728,0.08737864309144251,5.05014181137085,0.125
5.460136413574219,0.09322033822536469,5.760192394256592,0.09375
