loss,acc,val_loss,val_acc
2.3507221658179103,0.10638298276574054,2.4256276248337385,0.1038961038961039
