loss,acc,val_loss,val_acc
3.4084492382937914,0.10273972602739725,2.525383107159116,0.11009174346103581
2.5810383509283197,0.0821917808219178,2.3414661162490145,0.13761467924085233
2.3808527776639754,0.10273972602739725,2.4110612763298884,0.12222222280171183
2.427905660786041,0.0821917808219178,2.3474239493728777,0.10091743153443031
