loss,acc,val_loss,val_acc
5.95279198884964,0.06944444542750716,4.260049343109131,0.140625
4.606915201459612,0.05555555650166103,3.2365731345282662,0.044444444444444446
