loss,acc,val_loss,val_acc
2.4071751098110252,0.10273972602739725,2.32354617993766,0.0917431196078248
