loss,acc,val_loss,val_acc
2.354176738045432,0.11818182332949205,2.3848164081573486,0.21875
