loss,acc,val_loss,val_acc
2.3513023735273,0.10891088784331142,2.3848142623901367,0.0625
2.1416324377059937,0.22131146490573883,2.2370402812957764,0.15625
