loss,acc,val_loss,val_acc
2.3640334606170654,0.10062893231709798,2.377922773361206,0.125
2.307752394894941,0.10091743269644746,2.362578868865967,0.125
