loss,acc,val_loss,val_acc
2.3446990685029463,0.16666666926308113,2.2252837419509888,0.234375
2.1388873024420305,0.28030303408476437,2.106854385799832,0.24444444477558136
