loss,acc,val_loss,val_acc
2.6583540352908046,0.07272727631709792,2.644125461578369,0.09375
