loss,acc,val_loss,val_acc
11.610162401199341,0.1096774160861969,14.858868598937988,0.078125
14.51858912897474,0.09923663883263828,14.6070237159729,0.09375
