loss,acc,val_loss,val_acc
5.443340013522913,0.08910890661253787,5.894722938537598,0.09375
