loss,acc,val_loss,val_acc
14.343961761422353,0.0821917808219178,14.787243300621663,0.08256880802298905
14.793320276965833,0.0821917808219178,14.195753561247379,0.11926605572941107
14.351728778995879,0.1095890410958904,14.639371189502402,0.09174311926605505
14.204071521759033,0.11875,15.23086053515793,0.05504587224317253
14.793320120197453,0.0821917808219178,14.63937104951351,0.0917431196078248
14.652814113732541,0.09090909090909091,14.491498430934522,0.10091743153443031
14.707762050628663,0.0875,14.491498430934522,0.10091743153443031
14.774920839251894,0.08333333333333333,14.787243300621663,0.08256880802298905
