loss,acc,val_loss,val_acc
4.585296032645486,0.09090909686955538,4.086767196655273,0.0
4.7131366296248,0.10909091396765276,4.417919635772705,0.0625
