loss,acc,val_loss,val_acc
2.3324178643524647,0.09375000288127922,2.3278168439865112,0.078125
2.264869213104248,0.16911765187978745,2.282459259033203,0.140625
2.2384387217462063,0.15625000558793545,2.251681685447693,0.203125
2.1797143295407295,0.27343751350417733,2.2244075536727905,0.1875
2.1201804280281067,0.34375000931322575,2.1876251697540283,0.1875
2.070314910262823,0.32812500721774995,2.1361773014068604,0.265625
2.0156800262629986,0.37500002328306437,2.0750908851623535,0.3125
1.9330009762197733,0.4062500116415322,1.9937617182731628,0.296875
