loss,acc,val_loss,val_acc
2.4392406145731607,0.07142857213815053,2.379643440246582,0.0625
