loss,acc,val_loss,val_acc
2.9961589574813843,0.11818181723356247,2.619121789932251,0.09375
2.642080066360046,0.11214953674891284,2.4519331455230713,0.0625
