loss,acc,val_loss,val_acc
2.325122474727774,0.11278195690391656,2.313399314880371,0.109375
2.2935773896095446,0.15037594091399273,2.273025459713406,0.1111111111111111
