loss,acc,val_loss,val_acc
2.34620151082978,0.21374045414779022,2.526907205581665,0.09375
1.9249267339706422,0.3677419304847717,2.4476696252822876,0.09375
1.6476752876325418,0.4732824309181621,2.5510129928588867,0.09375
1.5008780076124957,0.579439240081288,2.47498881816864,0.09375
