loss,acc,val_loss,val_acc
3.7111119465394453,0.09848485158925707,2.913898468017578,0.109375
