loss,acc,val_loss,val_acc
2.54387049638588,0.10687022582265257,2.345178961753845,0.09375
