loss,acc,val_loss,val_acc
2.4288559556007385,0.10526315961033106,2.4553862810134888,0.0625
2.377051671346029,0.15625000869234404,2.397546648979187,0.078125
