loss,acc,val_loss,val_acc
13.179488769949298,0.10273972602739725,14.343625899848588,0.11009174311926606
14.130933108395093,0.1232876712328767,14.343625952344421,0.11009174448634507
13.689341244632251,0.1506849315068493,14.63937104951351,0.0917431196078248
14.351728883508134,0.1095890410958904,14.195753814977243,0.11926605538764132
