loss,acc,val_loss,val_acc
2.4047451709878858,0.11724138020955283,2.251295643115262,0.14678899116745783
2.223731989696108,0.1793103473453686,2.2806926517311585,0.19266055080048536
2.1856166786617703,0.22222222636143366,2.1918569311089473,0.28440367163868124
2.1287245026950177,0.24137931692189185,2.162139665096178,0.26605504723863865
2.002995655484443,0.3138686254838087,2.158069037516183,0.33027523127170877
1.988204576229227,0.3517241486187639,2.0165259728737928,0.44036697439097483
1.911129699812995,0.3660130856765641,1.9437779614684778,0.41284403806432673
1.8335077927030365,0.358620701678868,1.9442601389841203,0.31192660741849776
