loss,acc,val_loss,val_acc
12.522692458270347,0.14383561643835616,13.9857528931504,0.12844036888638768
14.125121495495105,0.1232876712328767,14.195753814977243,0.11926605538764132
