loss,acc,val_loss,val_acc
2.3425014169197382,0.10236220721771398,2.2610198259353638,0.21875
2.259105641072191,0.14173228636853338,2.2402714994218615,0.15555555721124012
2.2011626958847046,0.20714285969734192,2.2569238291846383,0.17777777943346235
2.174678879460012,0.15748031730726947,2.217369318008423,0.234375
