loss,acc,val_loss,val_acc
2.400383930761837,0.14563106825050798,2.3684167861938477,0.15625
2.0211071736604262,0.31067961656931536,2.336493968963623,0.15625
1.9725828170776367,0.33898304402828217,2.456982374191284,0.125
1.6775122047628013,0.5436893146014908,2.4347786903381348,0.1875
1.6676673293113708,0.5423728823661804,2.4874205589294434,0.09375
1.5174727324143196,0.5631067972738766,2.487213373184204,0.125
1.459403431531295,0.6116504646042018,2.542243003845215,0.0625
1.4232027530670166,0.6525423526763916,2.466865062713623,0.15625
