loss,acc,val_loss,val_acc
2.325583299001058,0.0925925907989343,2.33599853515625,0.0625
2.2720224062601724,0.15432098507881165,2.2246131896972656,0.1875
2.198016087214152,0.18518518408139548,2.239135503768921,0.38461539149284363
2.105309089024862,0.3024691343307495,2.133571147918701,0.3125
2.033039172490438,0.35185185074806213,2.2194457054138184,0.28125
1.94476322333018,0.3703703780968984,2.2282769680023193,0.1538461595773697
1.8018761078516643,0.4444444378217061,2.1930408477783203,0.25
1.7461273670196533,0.49382715423901874,1.9959776401519775,0.28125
