loss,acc,val_loss,val_acc
2.98916688987187,0.05357142783967512,2.931018829345703,0.0625
3.0070601304372153,0.0733333316942056,2.8587872982025146,0.0625
