loss,acc,val_loss,val_acc
14.352081135527728,0.0821917808219178,14.343625952344421,0.11009174380280556
14.57252455410892,0.0958904109589041,14.491498544675494,0.10091743153443031
