loss,acc,val_loss,val_acc
2.410893378050431,0.0869565227109453,2.3790544844292976,0.1038961038961039
