loss,acc,val_loss,val_acc
2.346653761061947,0.115044242842535,2.3537840843200684,0.09375
2.3564153561549905,0.09734512977631746,2.3076508045196533,0.21875
