loss,acc,val_loss,val_acc
4.40465270297628,0.07746479041139845,4.02089296068464,0.12987012987012986
3.221300017665809,0.0915492980832785,2.3577407211452335,0.18181818452748386
2.4209299557645556,0.09859155181428077,2.3539908768294695,0.14285714285714285
2.2025201618671417,0.13750000204890966,2.1962983824990014,0.19480519528899873
