loss,acc,val_loss,val_acc
2.3998219925781776,0.07758620843805115,2.4167723655700684,0.09375
2.3316566149393716,0.14492753644784293,2.310152530670166,0.125
