loss,acc,val_loss,val_acc
13.387813594243298,0.0958904109589041,14.19575370123627,0.11926605538764132
14.0025954246521,0.13125,13.900008744056072,0.13761468327373538
