loss,acc,val_loss,val_acc
2.375267934456146,0.06474820202846321,2.4332261642852386,0.03896103896103896
2.372235886484599,0.08633093562700765,2.3962727893482554,0.025974025974025976
