loss,acc,val_loss,val_acc
2.56489834189415,0.06578947324305773,2.3225934286730006,0.11926605538764132
2.3354919579491686,0.06716417960488974,2.3014242933430804,0.13761467958262208
