loss,acc,val_loss,val_acc
13.092187062115736,0.07042253731002271,14.652813899052607,0.09090909139289484
14.869510999867614,0.07746479041139845,14.652813899052607,0.09090909139289484
14.41548022417955,0.10563380439096773,14.6528137751988,0.09090909187669878
14.304809808731079,0.11250000214204192,14.652813700886515,0.09090909090909091
