loss,acc,val_loss,val_acc
2.430822489109445,0.09219858351540058,2.362807410103934,0.07792207840588186
