loss,acc,val_loss,val_acc
2.360769353750098,0.06870228802884808,2.2785838842391968,0.109375
2.397634149507712,0.10687022582265257,2.3902041382259793,0.08888888971673117
