loss,acc,val_loss,val_acc
2.4375906159558633,0.11811023847911302,2.272077441215515,0.21875
