loss,acc,val_loss,val_acc
2.3418136147687036,0.07299269985978621,2.262373246155776,0.1428571433409468
2.264774183287238,0.12408759058827032,2.253638419238004,0.14285714382475073
