loss,acc,val_loss,val_acc
2.349407510323958,0.09848485158925707,2.396597146987915,0.078125
2.33303964138031,0.1287878817793998,2.3912887891133625,0.13333333664470248
