loss,acc,val_loss,val_acc
13.068077400939105,0.07534246575342465,14.49149815095674,0.10091743153443031
