loss,acc,val_loss,val_acc
2.314991049879179,0.1496063040232095,2.328605532646179,0.109375
2.2655713914886233,0.17322835062197814,2.275842136806912,0.15555555588669248
