loss,acc,val_loss,val_acc
12.740896224975586,0.0821917808219178,14.639370682042673,0.09174311994959455
14.909238147735596,0.075,14.787243414362637,0.08256880733944955
14.164386807066021,0.12121212121212122,14.343626066085395,0.11009174380280556
14.793320433734214,0.0821917808219178,14.93511535924509,0.07339449541284404
14.572524606365047,0.0958904109589041,14.639370542053783,0.09174312117996566
14.793320329221961,0.0821917808219178,14.34362645980415,0.11009174311926606
13.901857280731202,0.1375,14.639370682042673,0.09174312063313406
15.234911983960295,0.0547945205479452,14.491498684664386,0.10091743119266056
