loss,acc,val_loss,val_acc
2.5984242996283338,0.14159292358476505,2.3620963096618652,0.1875
