loss,acc,val_loss,val_acc
2.2873148918151855,0.14814815546075502,2.2848411798477173,0.109375
