loss,acc,val_loss,val_acc
2.57269016901652,0.17283951077196333,2.157370142980453,0.16513761850672032
1.9508568710751004,0.32716050495704013,2.052326429874525,0.3486238559451672
1.91393154197269,0.3518518627517753,1.9199042014025767,0.3394495451122249
1.6998246908187866,0.40123457875516677,1.9389411517239492,0.330275233732451
