loss,acc,val_loss,val_acc
2.4631001037709854,0.13970588755739086,2.1634724140167236,0.21875
2.213570713996887,0.20512821773687998,2.150243639945984,0.28125
2.150415830752429,0.2500000135863529,2.0712575912475586,0.296875
1.9599742503727184,0.38970589966458435,2.0510144233703613,0.28125
