loss,acc,val_loss,val_acc
2.5512459659576416,0.10000000029802322,2.491863250732422,0.0625
