loss,acc,val_loss,val_acc
2.2991113978273727,0.08823529882904362,2.3115575313568115,0.125
2.266835371653239,0.16666668156782785,2.3029674291610718,0.09375
