loss,acc,val_loss,val_acc
2.34407639503479,0.05645161122083664,2.308729887008667,0.0625
