loss,acc,val_loss,val_acc
2.4867176203660564,0.11971831269247431,2.3373878095057106,0.16883117154047086
2.3366373626279158,0.15492958019317035,2.276778317117072,0.1428571433409468
2.120981365862027,0.2253521202315747,2.1837117702930007,0.1298701303539338
1.9846941381692886,0.2562500052154064,2.0657102767523234,0.350649356842041
