loss,acc,val_loss,val_acc
13.310385560336178,0.07534246575342465,14.935115919200653,0.07339449541284404
14.24133081305517,0.11643835616438356,15.082988144060888,0.06422018348623854
