loss,acc,val_loss,val_acc
13.836727926175888,0.0547945205479452,14.63937090952462,0.09174311926605505
14.506285667419434,0.1,14.787243414362637,0.08256880733944955
14.408600431500059,0.10606060606060606,14.935115779211761,0.07339449575461379
15.009976196289063,0.06875,14.195754094955024,0.11926605538764132
