loss,acc,val_loss,val_acc
3.4042479658460283,0.10489510479090097,3.057189735797567,0.11926605538764132
