loss,acc,val_loss,val_acc
2.7326653171593036,0.09859155181428077,2.367137658131587,0.09090909139289484
2.4202777445316315,0.11875000083819032,2.305209797698182,0.1428571433409468
2.3841869792630597,0.08870967934208532,2.3255100807586273,0.10389610437990783
2.29144931846941,0.16901408597617082,2.4903305381923526,0.1038961038961039
