loss,acc,val_loss,val_acc
2.412013133366903,0.11333333204189937,2.415162414699406,0.10389610486371177
2.377919430280254,0.10218977873777821,2.3936573251501305,0.1038961038961039
2.328380327070913,0.12096774007283873,2.382179356240607,0.09090909090909091
2.3903665942867307,0.07299269909841301,2.3696266675924327,0.07792207840588186
2.3019233446051603,0.0802919690082543,2.357791516687963,0.09090909139289484
2.3354010581970215,0.09333333124717076,2.3504533953480906,0.06493506590267281
2.3081232387654103,0.0948905092086235,2.346321799538352,0.09090909139289484
2.273972817581065,0.16058394111638521,2.339613694649238,0.09090909090909091
