loss,acc,val_loss,val_acc
2.5354323387145996,0.07575757801532745,2.3089146614074707,0.0625
