loss,acc,val_loss,val_acc
2.63696525990963,0.07031250125146471,2.5019638538360596,0.140625
2.362449824810028,0.1838235342875123,2.322708487510681,0.171875
2.1044426038861275,0.31250000721774995,2.137887954711914,0.21875
1.8412441853433847,0.39062501257285476,2.015812397003174,0.296875
