loss,acc,val_loss,val_acc
12.10178633911969,0.11643835616438356,13.604263760627957,0.1559633065801148
