loss,acc,val_loss,val_acc
4.201486414129084,0.08333333751017397,2.783234119415283,0.09375
