loss,acc,val_loss,val_acc
2.4941718300569407,0.048543690224585025,2.538020133972168,0.03125
2.4436110258102417,0.06779661029577255,2.554020404815674,0.03125
