loss,acc,val_loss,val_acc
4.205508822888399,0.12389380761743647,6.5647993087768555,0.125
5.662125794233474,0.10619468954020897,5.086357116699219,0.09375
