loss,acc,val_loss,val_acc
2.3144763223056137,0.14482758764562936,2.301365528631648,0.12844036765601657
