loss,acc,val_loss,val_acc
13.734876293025605,0.0547945205479452,14.787243134384855,0.08256880733944955
