loss,acc,val_loss,val_acc
2.3658090012414115,0.15714286118745804,2.237276857549494,0.11688311736692082
2.0829128878457204,0.3116883188486099,2.181913050738248,0.20779220875981566
