loss,acc,val_loss,val_acc
3.102803286384134,0.10084034064236809,2.7443950176239014,0.15625
2.6415591179823674,0.1176470605766072,2.727167844772339,0.0
2.3908793131510415,0.09302325795094173,2.3257193565368652,0.1538461595773697
2.417474097564441,0.10084033773100677,2.263288736343384,0.21875
