loss,acc,val_loss,val_acc
3.119319121042887,0.10493827238678932,2.511637806892395,0.078125
