loss,acc,val_loss,val_acc
3.1397203130924956,0.09219858430801554,2.4200550116501844,0.20779220895333725
2.434298814611232,0.13475177579737724,2.392306207062362,0.12987013006365145
2.32917871373765,0.19858156437886523,2.2037386739408813,0.12987013006365145
2.0109242834943406,0.3191489447304543,2.1970120281368106,0.2727272738884022
1.9188033853258406,0.2993197377238955,2.1845922624910035,0.20779220972742354
1.7765623889070876,0.38297872815994505,1.9903834469906696,0.23376623395975535
1.5544277733944831,0.5673759078725855,2.0925861906695675,0.2207792227144365
1.4316512447722414,0.5319149094693204,1.9001526228793255,0.37662337778450605
