loss,acc,val_loss,val_acc
13.010491462603007,0.1095890410958904,14.343626346063177,0.11009174380280556
