loss,acc,val_loss,val_acc
12.846974385927801,0.136986301369863,13.900008945290102,0.13761467889908258
13.689341296888378,0.1506849315068493,13.752136326711112,0.14678899150922758
14.130932951626713,0.1232876712328767,13.752136606688893,0.14678899150922758
14.103333282470704,0.125,13.75213663293681,0.1467889927395987
