loss,acc,val_loss,val_acc
2.7677976290384927,0.10869565606117249,2.3875222206115723,0.125
