loss,acc,val_loss,val_acc
2.4477983672043373,0.025862069447235816,2.425880193710327,0.125
2.3518590351630904,0.1465517233671813,2.486882209777832,0.125
