loss,acc,val_loss,val_acc
2.3641801897462433,0.09090909262845566,2.3537332902260877,0.11926605572941107
2.249938815832138,0.16447368636727333,2.277990078707354,0.1559633046662042
2.265075751204989,0.17910447861276454,2.2987591236009512,0.11009174311926606
2.1060891449451447,0.31578948348760605,2.1760321013424373,0.23853211043351288
2.034968757129216,0.30769230414937426,2.1065478849848476,0.28440367163868124
1.8468217499606259,0.3496503524638556,1.9620737898240395,0.3027522949450607
1.7201376744917223,0.4055944099709704,1.860183025718829,0.3394495451122249
1.557147186952871,0.4335664414859318,1.8183176736219213,0.3027522949450607
