loss,acc,val_loss,val_acc
13.328629219368713,0.07534246575342465,14.491498570923412,0.10091743187620006
14.909238052368163,0.075,14.491498430934522,0.10091743153443031
