loss,acc,val_loss,val_acc
2.5646442572275796,0.14197531218330064,2.4361883084708396,0.11926605572941107
2.0580217705832586,0.29012346184915966,2.1957541124536357,0.1834862392156496
1.7099024852116902,0.3950617350637913,1.9665823354633576,0.37614679281864694
1.5940649112065632,0.5123456865549088,1.6708940300372763,0.43119266492511155
1.2926794555452135,0.5679012437661489,1.5192798080794307,0.5321100931101983
1.127425750096639,0.6543210082583957,1.3387346486432836,0.5779816590317892
0.9945810768339369,0.6666666799121432,1.1630802099857855,0.697247709703008
0.876683235168457,0.7283950746059418,0.9373876736798418,0.6697247793915075
