loss,acc,val_loss,val_acc
5.286467467268852,0.15753424657534246,2.104313496055953,0.20183486429923173
