loss,acc,val_loss,val_acc
10.902626937368641,0.1130434781960819,15.110713958740234,0.0625
14.436206494206967,0.10434782453205274,14.103333473205566,0.125
