loss,acc,val_loss,val_acc
13.465517031003351,0.0821917808219178,13.900008945290102,0.13761467889908258
14.130932899370585,0.1232876712328767,14.047881196398254,0.12844036731424682
