loss,acc,val_loss,val_acc
2.4577780203385786,0.12121212922713974,2.341346502304077,0.078125
2.212093639373779,0.21333335041999818,2.1619465351104736,0.125
2.0535602352835913,0.3560606308958747,2.246070384979248,0.09375
1.9065249154442234,0.42982458597735357,2.0736196041107178,0.296875
