loss,acc,val_loss,val_acc
2.336304028828939,0.1172839527328809,2.2495737075805664,0.125
2.1277901331583657,0.2839506268501282,2.2062082290649414,0.15625
