loss,acc,val_loss,val_acc
2.4432262734669012,0.11382114278470598,2.360215902328491,0.15625
2.31952074097424,0.13008130723383368,2.4048073291778564,0.09375
2.340858104752331,0.10569106065100287,2.3470728397369385,0.15625
2.2968620657920837,0.11538461968302727,2.419311761856079,0.0625
