loss,acc,val_loss,val_acc
3.0622759611552,0.12977098906768186,2.6240588426589966,0.09375
2.391476450985625,0.15267175231271118,2.7389421463012695,0.125
2.4736071586608888,0.1096774160861969,2.2780141830444336,0.09375
2.3703721643404196,0.09923663883263828,2.387112855911255,0.125
