loss,acc,val_loss,val_acc
2.3464842637379966,0.08641975373029709,2.3814852237701416,0.03125
2.336848020553589,0.0740740733842055,2.3427629470825195,0.0625
