loss,acc,val_loss,val_acc
13.051648806219232,0.10273972602739725,14.195753307517515,0.11926605695978217
14.241330604030662,0.11643835616438356,14.343626066085395,0.11009174380280556
