loss,acc,val_loss,val_acc
3.0282774368921914,0.0961538515985012,2.554971218109131,0.078125
2.391587573906471,0.1379310403918398,2.3282132148742676,0.15625
