loss,acc,val_loss,val_acc
2.3090768920050726,0.10493827321463162,2.3026663863330805,0.09174311926605505
