loss,acc,val_loss,val_acc
2.720476469107434,0.10619468485887072,2.319188117980957,0.15625
2.00082402313705,0.3362831857088393,2.1198604106903076,0.21875
1.295258641242981,0.6530611912409464,2.04291033744812,0.21875
0.929319206592256,0.7079645827808211,1.65835702419281,0.34375
0.776288508313947,0.8318583807059093,1.4373323917388916,0.4375
0.45398586988449097,0.9387754797935486,1.3858680725097656,0.5625
0.5263012900816656,0.8849557079045118,1.7273476123809814,0.5625
0.7835304694893086,0.7699114780510421,1.4649800062179565,0.53125
