loss,acc,val_loss,val_acc
2.332435594756028,0.10344827755771835,2.274421947811722,0.11009174380280556
