loss,acc,val_loss,val_acc
2.4022975971824243,0.07894736900925636,2.324122667312622,0.09375
