loss,acc,val_loss,val_acc
2.3067339152740916,0.0863309362434226,2.329495380451153,0.09090909187669878
2.2917563915252686,0.1055900619498321,2.321433308836702,0.09090909139289484
