loss,acc,val_loss,val_acc
9.38042760224178,0.07586206927381713,2.3619392705619884,0.13761468026616158
