loss,acc,val_loss,val_acc
2.8351289563708835,0.0925925945242246,2.2527667601174173,0.21100917499546612
2.1297376818127103,0.2222222255335914,2.273915360826965,0.17431192694727435
1.9317223230997722,0.25925926864147186,1.938076699545624,0.3669724784312992
1.787422736485799,0.40123458041085136,1.8851662305516934,0.266055046691807
1.640309042400784,0.43827161027325523,1.696548554875435,0.47706422155056527
1.6041049030092027,0.46296298545267844,1.6415594411552499,0.43119266492511155
1.3224774201711018,0.5925926036304898,1.3746645188112872,0.5779816612191156
1.2605616980128818,0.6419753233591715,1.299322775744517,0.5596330318975886
