loss,acc,val_loss,val_acc
13.231017125795965,0.0958904109589041,14.491498264697714,0.10091743153443031
14.682922520049631,0.08904109589041095,14.639370655794757,0.0917431196078248
14.808500003814697,0.08125,15.082988144060888,0.06422018348623854
14.042280139345111,0.12878787878787878,14.491498430934522,0.10091743153443031
14.793320224709706,0.0821917808219178,14.935115639222872,0.07339449541284404
14.909238147735596,0.075,14.787243160632773,0.0825688076812193
14.682922311025123,0.08904109589041095,14.639370962020454,0.09174312063313406
14.286493474786932,0.11363636363636363,14.63937104951351,0.0917431196078248
