loss,acc,val_loss,val_acc
2.359594661895543,0.2191780821917808,2.1128699517031326,0.24770642270188814
1.6651267051696776,0.45625,1.84758549873982,0.42201835299850604
1.3095026756777908,0.6287878787878788,1.8189582135699212,0.3944954142111157
1.1306514382362365,0.69375,1.5690868896081906,0.5321100939304457
