loss,acc,val_loss,val_acc
2.6082505901364517,0.08029197085730351,2.333403766929329,0.025974025974025976
2.3037435555980155,0.08759123891809562,2.3597217782751305,0.18181818278578968
