loss,acc,val_loss,val_acc
12.859926328267136,0.0958904109589041,14.49149829094563,0.10091743187620006
15.014116261103382,0.0684931506849315,14.491498544675494,0.10091743153443031
14.572524606365047,0.0958904109589041,14.343626066085395,0.11009174380280556
14.607023811340332,0.09375,15.08298791657894,0.06422018416977804
