loss,acc,val_loss,val_acc
2.4317980179419885,0.0940170967235015,2.1850104331970215,0.21875
2.3520190715789795,0.14074074290692806,2.2160069942474365,0.15625
