loss,acc,val_loss,val_acc
2.8301351070404053,0.11805555721124013,2.301959505328884,0.14285714382475073
