loss,acc,val_loss,val_acc
2.3849919488874534,0.08474576599517111,2.292782783508301,0.15625
2.3094121561212053,0.14406780090372442,2.3089704513549805,0.1875
2.170140822728475,0.19696969787279764,2.232550621032715,0.1538461595773697
2.028443110191216,0.3135593286005117,2.2523436546325684,0.09375
