loss,acc,val_loss,val_acc
2.3814480990579683,0.0821917808219178,2.3043308848634774,0.14678899082568808
2.2498796835337598,0.11643835616438356,2.2460013595196084,0.201834862522029
2.132300696960867,0.2534246575342466,2.1944729963938396,0.2000000003311369
2.135448749751261,0.2465753424657534,2.162314530906327,0.1926605511422551
2.0522345908700603,0.3150684931506849,2.222952083710137,0.15596330288900148
1.8864234924316405,0.38125,2.0571659286816915,0.344444450073772
1.855556972099073,0.3939393939393939,2.1654010256496043,0.26605504655509915
1.8005220824725008,0.3698630136986301,2.0864518279329354,0.3302752307248772
