loss,acc,val_loss,val_acc
4.432870070139567,0.08024691417813301,2.302203059196472,0.09375
