loss,acc,val_loss,val_acc
13.502924618655689,0.07534246575342465,14.491498710912301,0.10091743153443031
14.57252455410892,0.0958904109589041,14.491498343441464,0.10091743255973956
