loss,acc,val_loss,val_acc
2.65611266889492,0.16806722739163568,2.4161489009857178,0.03125
2.4562408129374185,0.12403100728988647,2.3801798820495605,0.03125
