loss,acc,val_loss,val_acc
2.358718711679632,0.08181818398562345,2.286571979522705,0.15625
2.3484320640563965,0.06410256649057071,2.288322925567627,0.09375
2.371698446571827,0.06250000069849193,2.4321069717407227,0.0
2.3501837253570557,0.09615384787321091,2.2365736961364746,0.125
