loss,acc,val_loss,val_acc
2.32422961054982,0.10489510473879901,2.4099100445388655,0.05504587155963303
