loss,acc,val_loss,val_acc
12.964087447074995,0.0821917808219178,13.90000866531232,0.13761467889908258
