loss,acc,val_loss,val_acc
4.8467642034141765,0.14563106825050798,3.189300060272217,0.09375
3.284183979034424,0.1355932168662548,2.8115146160125732,0.09375
