loss,acc,val_loss,val_acc
2.404299463544573,0.11111111247113772,2.3094749450683594,0.09375
2.223456025123596,0.21527778916060925,2.197372555732727,0.25
1.9865269831248693,0.27777779528072905,2.15682852268219,0.25
1.7571579217910767,0.5092592934767405,2.207446813583374,0.1875
