loss,acc,val_loss,val_acc
2.297377382005964,0.14935065380164556,2.2634676927095883,0.14285714285714285
2.2586665569789828,0.16666667139719402,2.261480133254807,0.1428571433409468
2.2467860153743198,0.20129870729787008,2.2507631345228716,0.14285714382475073
2.259992455679273,0.15079365481459905,2.2374252901448832,0.1428571447923586
