loss,acc,val_loss,val_acc
2.629678062397799,0.1438848904514913,2.3387233189174106,0.15584415632795978
