loss,acc,val_loss,val_acc
2.3679586542063746,0.11724138062061934,2.337825501730683,0.0825688076812193
