loss,acc,val_loss,val_acc
2.315576068998322,0.11023622352307237,2.2993298768997192,0.203125
2.2433722995397614,0.21259843382075078,2.2672359943389893,0.203125
