loss,acc,val_loss,val_acc
3.1834890982683968,0.15441177325213656,3.3530290126800537,0.109375
3.113415304352255,0.0514705908649108,2.5075223445892334,0.109375
2.44229351422366,0.1838235354927533,2.3322951793670654,0.109375
2.3855794270833335,0.17948718493183455,2.788756489753723,0.125
