loss,acc,val_loss,val_acc
2.3332316080729165,0.1049382740424739,2.278191481161555,0.1467889927395987
2.2447954283820257,0.19135802942845556,2.229911213621087,0.20183486375240012
