loss,acc,val_loss,val_acc
3.342182191338126,0.0866141740936698,2.750210404396057,0.078125
