loss,acc,val_loss,val_acc
2.3448341290156045,0.13580247263113657,2.4175705909729004,0.09375
2.3588871161142984,0.1172839527328809,2.399821639060974,0.09375
2.3524282773335776,0.1296296330789725,2.4367012977600098,0.078125
2.3493531942367554,0.09876543283462524,2.4053292274475098,0.078125
