loss,acc,val_loss,val_acc
12.266057148371658,0.10273972602739725,14.63937090952462,0.09174311926605505
14.793320276965833,0.0821917808219178,14.639370682042673,0.09174311994959455
14.607023811340332,0.09375,14.787243020643881,0.08256880802298905
14.793320276965833,0.0821917808219178,14.639371189502402,0.09174311926605505
14.903718086138163,0.07534246575342465,14.935115639222872,0.07339449541284404
15.014116156591127,0.0684931506849315,14.63937090952462,0.09174311926605505
14.408600431500059,0.10606060606060606,14.63937090952462,0.09174311926605505
14.793320329221961,0.0821917808219178,14.639370962020454,0.09174312063313406
