loss,acc,val_loss,val_acc
2.6161646842956543,0.08527131875356038,2.309098243713379,0.09375
2.2551644790072403,0.2100840363682819,2.3177332878112793,0.09375
2.219358732940954,0.18348624331688662,2.249533176422119,0.1875
2.08486000696818,0.27131783465544385,2.2193779945373535,0.21875
