loss,acc,val_loss,val_acc
2.412814738799115,0.061224489833931535,2.369938850402832,0.125
2.3454487323760986,0.1171875,2.328433036804199,0.09375
2.3023983702367667,0.15306122525005925,2.379396677017212,0.1538461595773697
2.2738550901412964,0.15625,2.279099941253662,0.15625
