loss,acc,val_loss,val_acc
2.413170103369088,0.06896551724137931,2.470299243927002,0.03125
2.3919783433278403,0.07971014579137166,2.4723854064941406,0.0
2.38860049329955,0.07758620464853172,2.536391019821167,0.0
2.4073162859883803,0.08620689603789099,2.46590256690979,0.0
2.3679564328029237,0.06896551640640045,2.507016181945801,0.03125
2.419254516733104,0.04310344917507007,2.4008402824401855,0.0
2.366048414131691,0.08620689687286985,2.3670341968536377,0.03125
2.3895466327667236,0.09420289844274521,2.5488228797912598,0.0
