loss,acc,val_loss,val_acc
2.174257588386536,0.25,2.350217834525152,0.0917431196078248
