loss,acc,val_loss,val_acc
2.4274296488080704,0.04761904839958463,2.4404683113098145,0.09375
