loss,acc,val_loss,val_acc
2.3623936925615583,0.11428571705307279,2.3496528167229194,0.1298701303539338
2.3145725386483327,0.12987013374056136,2.3455671459049374,0.1428571433409468
2.346813838822501,0.11428571747882026,2.3427290482954546,0.14285714556644488
2.3404628624991766,0.071428573084256,2.339418364809705,0.12987013257943192
