loss,acc,val_loss,val_acc
13.567199680903187,0.0821917808219178,14.491498430934522,0.10091743153443031
