loss,acc,val_loss,val_acc
2.4767869540623257,0.07857143070016588,2.3997242977092794,0.16883116931497277
2.419228570801871,0.07857143070016588,2.388351654077505,0.16883116979877671
