loss,acc,val_loss,val_acc
2.682900387307872,0.14492754055106122,2.393635322521259,0.09090909090909091
