loss,acc,val_loss,val_acc
2.409178098042806,0.1111111119389534,2.4737050533294678,0.078125
2.3384836514790854,0.11728395149111748,2.394622802734375,0.046875
