loss,acc,val_loss,val_acc
2.69338424546378,0.128571432190282,2.3272258492259237,0.19480519577280267
2.2358525480542863,0.19480520061084203,2.0918497853464895,0.22077922174682865
