loss,acc,val_loss,val_acc
2.3451370852334157,0.1700680357004915,2.2598339365674303,0.18181818181818182
2.0638517088360255,0.31111113015148373,2.0633008727779636,0.4025974080160067
