loss,acc,val_loss,val_acc
2.262339280999225,0.26086957849886105,2.114274263381958,0.20779220875981566
1.4104404747486115,0.6597222487131754,1.6622251783098494,0.467532471402899
0.923994394865903,0.7803030393340371,1.6796366487230574,0.40259740453261833
0.8399421080299045,0.789855086285135,1.246732305396687,0.623376624924796
