loss,acc,val_loss,val_acc
2.337218165397644,0.12142857350409031,2.3821372985839844,0.0625
