loss,acc,val_loss,val_acc
3.3791296565014384,0.13913043769805328,3.852375030517578,0.0625
