loss,acc,val_loss,val_acc
3.0411962883494725,0.07476635604539764,4.978126525878906,0.09375
4.148764423120801,0.10280374117265238,5.533161163330078,0.09375
6.604660511016846,0.06363636441528797,4.459277153015137,0.23076923191547394
4.4328834809989575,0.08411214918455232,4.047692775726318,0.09375
