loss,acc,val_loss,val_acc
2.7353441005057477,0.12056738074789657,2.4822825487557942,0.19480519480519481
2.2550136738635125,0.20567376594594183,2.1937513103732815,0.28571428764950146
1.9759788868275094,0.31914895233955787,1.9595472595908425,0.32467532931984244
1.7118027818963883,0.39007094914608814,1.8413443813076267,0.4675324729510716
1.6244215584815818,0.4397163429158799,1.8966947964259557,0.25974026022406366
1.445502826145717,0.5306122771331242,1.7255865289019299,0.40259740453261833
1.3752329780700359,0.5319149234193437,1.6786160252311013,0.36363636634566565
1.2961386924094342,0.5815603041902502,1.5468240357064582,0.493506497376925
