loss,acc,val_loss,val_acc
2.4148433952331545,0.12800000122189523,2.367961049079895,0.09375
2.3309206142425536,0.09599999791383743,2.336819553375244,0.15555555721124012
2.1351016759872437,0.27702701836824417,2.415068933698866,0.06666666666666667
2.1455092525482176,0.19199999272823334,2.3391765356063843,0.109375
