loss,acc,val_loss,val_acc
2.444687144946208,0.08849557630915557,2.3789284229278564,0.1875
