loss,acc,val_loss,val_acc
2.4196487360222396,0.11627907531205998,2.426679015159607,0.0625
2.1747878983963367,0.2790697806103285,2.3453874588012695,0.109375
2.008955794711446,0.37984497533288114,2.230842113494873,0.1875
1.922989934682846,0.4015151634812355,2.219062566757202,0.1875
