loss,acc,val_loss,val_acc
4.449665481882884,0.1203007490507194,6.345205068588257,0.09375
5.496813777694128,0.127819547695773,3.9210734367370605,0.109375
