loss,acc,val_loss,val_acc
2.3195169788517362,0.1506849315068493,2.3847734031327272,0.06422018416977804
2.3110686099692566,0.13013698630136986,2.288281893511431,0.20183486306886061
