loss,acc,val_loss,val_acc
5.143080375890817,0.11504425075465599,4.024657249450684,0.1875
4.286438547404466,0.08849557792454694,3.528078556060791,0.15625
2.840487321217855,0.15646258493264517,2.429203510284424,0.07692307978868484
2.757622064742367,0.08849557647399142,2.4367475509643555,0.0625
