loss,acc,val_loss,val_acc
6.343245016385431,0.15753424657534246,2.27630237701836,0.1651376165928097
2.1819883633966315,0.2465753424657534,2.2897736676242375,0.14678899116745783
