loss,acc,val_loss,val_acc
2.341263346555756,0.14634146723078517,2.4045581817626953,0.0625
2.293724420594006,0.1707317144042108,2.3256354331970215,0.09375
