loss,acc,val_loss,val_acc
2.419489404984883,0.1339285726925092,2.3557872772216797,0.03125
2.297840633562633,0.10714285900550229,2.3363614082336426,0.09375
2.2452073097229004,0.16666666666666666,2.2637393474578857,0.1538461595773697
2.342345207929611,0.10714285700981106,2.306391954421997,0.0625
