loss,acc,val_loss,val_acc
2.4519348314830234,0.14285714434725896,2.302368721404633,0.1038961038961039
2.2951110669544765,0.10000000298023223,2.3223180275458795,0.09090909090909091
