loss,acc,val_loss,val_acc
2.5624164203117634,0.12413793149693259,2.440017798625001,0.1559633034358331
