loss,acc,val_loss,val_acc
13.503328271108131,0.07534246575342465,14.787243274373745,0.0825688076812193
15.014116156591127,0.0684931506849315,14.787243160632773,0.0825688076812193
