loss,acc,val_loss,val_acc
14.023861999381078,0.0958904109589041,14.787243274373745,0.0825688076812193
13.910136967489164,0.136986301369863,14.787243160632773,0.0825688076812193
14.130932951626713,0.1232876712328767,14.34362617982637,0.11009174311926606
13.468545521775336,0.1643835616438356,14.195753561247379,0.11926605572941107
14.462126588168209,0.10273972602739725,14.19575370123627,0.11926605538764132
14.793320224709706,0.0821917808219178,14.639370769535729,0.0917431196078248
14.572524345084412,0.0958904109589041,14.19575370123627,0.11926605538764132
14.572524501852794,0.0958904109589041,14.491498430934522,0.10091743153443031
