loss,acc,val_loss,val_acc
13.026719916356752,0.0821917808219178,14.491498430934522,0.10091743153443031
14.682922572305758,0.08904109589041095,14.639370682042673,0.09174312063313406
14.130932848747463,0.1232876712328767,14.93511535924509,0.07339449541284404
14.682922572305758,0.08904109589041095,15.230860508910013,0.05504587190140278
