loss,acc,val_loss,val_acc
3.9279432334299162,0.18897638112071932,3.3562586307525635,0.09375
