loss,acc,val_loss,val_acc
2.343220086498115,0.11450381338141347,2.3184525966644287,0.109375
