loss,acc,val_loss,val_acc
2.6950173419097374,0.086206899409921,2.8787803649902344,0.125
2.7728426456451416,0.1159420336286227,2.228788137435913,0.09375
2.338225508558339,0.09482758723456285,2.177931070327759,0.0
2.2638236736429147,0.15517241225160402,2.3350467681884766,0.0625
