loss,acc,val_loss,val_acc
2.5713631766183034,0.08571428805589676,2.317655708882716,0.09090909090909091
2.3227554048810686,0.12142857504742487,2.249271176078103,0.14285714382475073
