loss,acc,val_loss,val_acc
2.409470593675654,0.09219858438727703,2.4009199514017476,0.1038961038961039
2.2967206315791353,0.14184397799854584,2.3555943687240797,0.12987013083773774
2.2822697162628174,0.1496598677975791,2.3520924983086524,0.12987013083773774
2.2633462958865698,0.21481482386589051,2.306127294317468,0.09090909187669878
