loss,acc,val_loss,val_acc
13.328266770872352,0.07534246575342465,14.19575384122516,0.11926605572941107
14.793320329221961,0.0821917808219178,14.787243274373745,0.0825688076812193
