loss,acc,val_loss,val_acc
2.2901855536869595,0.20634921107973372,2.466659665107727,0.109375
1.662860938480922,0.5476190788405282,2.4640684127807617,0.09375
