loss,acc,val_loss,val_acc
2.6309861793792506,0.10071942572006219,2.4276246591047808,0.15584415632795978
