loss,acc,val_loss,val_acc
2.4910523096720376,0.10493826990326245,2.335389494895935,0.125
