loss,acc,val_loss,val_acc
3.478757298156007,0.1095890410958904,2.4758417650100286,0.11009174346103581
