loss,acc,val_loss,val_acc
2.3412189121904046,0.1172413802866278,2.307171042906035,0.15596330309406334
2.2723102553137418,0.14482759034325338,2.283682298222813,0.13761467958262208
2.246894288885182,0.14482758805669588,2.2527439419282684,0.1467889921927671
2.1897310150994196,0.202614383565055,2.201734523160742,0.1926605518257946
