loss,acc,val_loss,val_acc
3.7781288623809814,0.06034482829272747,3.580618381500244,0.125
