loss,acc,val_loss,val_acc
2.92184587319692,0.10493827238678932,2.805816650390625,0.09375
2.5273430744806924,0.09259259328246117,2.358547740512424,0.06666666749450896
