loss,acc,val_loss,val_acc
3.9000813918454305,0.089285708963871,2.9597816467285156,0.125
2.9665258725484214,0.0733333316942056,2.2574596405029297,0.125
