loss,acc,val_loss,val_acc
2.8590671579602738,0.09859155181428077,2.5140362343230804,0.10389610437990783
2.4586558845681203,0.09859155128959199,2.395197428666152,0.09090909187669878
