loss,acc,val_loss,val_acc
13.974020582355864,0.1095890410958904,14.047881450128118,0.12844036697247707
