loss,acc,val_loss,val_acc
2.329296741776794,0.0687022885975947,2.3552303314208984,0.015625
