loss,acc,val_loss,val_acc
3.5049713654951615,0.07272727543657476,2.5061864852905273,0.15625
2.634421305222945,0.14545455168594013,2.420468330383301,0.09375
