loss,acc,val_loss,val_acc
3.7953305001161537,0.10204081708679394,2.796109199523926,0.15625
2.893869628711623,0.0714285714665846,3.0131120681762695,0.09375
