loss,acc,val_loss,val_acc
13.153851966335349,0.10273972602739725,14.195753307517515,0.11926605695978217
14.241330760799043,0.11643835616438356,14.195753561247379,0.11926605572941107
