loss,acc,val_loss,val_acc
4.861789064407349,0.09600000298023224,3.554376482963562,0.125
