loss,acc,val_loss,val_acc
2.3667085439928117,0.12096773953207078,2.2300634384155273,0.21875
2.2442554235458374,0.17763157561421394,2.2736790445115833,0.1111111111111111
2.2010607988603654,0.21774193488301768,2.329626941680908,0.1111111127667957
2.103107661008835,0.3645833367481828,2.203445792198181,0.328125
2.0409567952156067,0.33552631735801697,2.272085846794976,0.08888888971673117
1.9485905612668684,0.3709677409741186,2.093379545211792,0.33333333366447027
1.891977835086084,0.4274193610875837,2.150134563446045,0.21875
1.8026147186756134,0.4934210479259491,2.084165668487549,0.3777777784400516
