loss,acc,val_loss,val_acc
2.7799523898533414,0.14935065380164556,2.5397273534304134,0.14285714556644488
2.2570631579747276,0.21428571523181975,2.2129233781393474,0.16883117076638457
1.9148879051208496,0.3285714334675244,1.7588627245519068,0.402597408790093
1.679508192198617,0.40259741459574017,1.4812338104495755,0.467532471402899
