loss,acc,val_loss,val_acc
2.430355727672577,0.14166667088866233,2.1888809204101562,0.3125
