loss,acc,val_loss,val_acc
4.757871627807617,0.12621359382439584,9.955181121826172,0.0625
10.226344765968694,0.1359223303864303,9.943937301635742,0.09375
