loss,acc,val_loss,val_acc
2.632087981864198,0.0958904109589041,2.346896084076768,0.12844036888638768
2.3743352171492904,0.0958904109589041,2.317411162437649,0.11926605538764132
2.3351865925201,0.1095890410958904,2.4165572988877604,0.09174312117996566
2.373121549005378,0.11643835616438356,2.3686333227595058,0.08256880733944955
