loss,acc,val_loss,val_acc
2.3162104412913322,0.14843750308500603,2.1298635005950928,0.375
2.015974845737219,0.359375006519258,1.962524175643921,0.296875
1.4924469292163849,0.5661764889955521,1.9354190826416016,0.171875
1.158279787749052,0.6250000162981451,1.5765035152435303,0.515625
1.1373841585591435,0.6640625139698386,2.0792888402938843,0.34375
0.881286758929491,0.6953125558793545,1.5177263021469116,0.375
0.7227471298538148,0.7265625400468707,1.6776357293128967,0.4375
0.7336452156305313,0.7573529630899429,1.724535584449768,0.53125
