loss,acc,val_loss,val_acc
2.3678413425173077,0.09285714562450137,2.3080641573125664,0.1428571447923586
2.071134555339813,0.371428582072258,2.2198545777952514,0.16883117154047086
1.852424396787371,0.45714286076171057,2.0823479101255344,0.32467532564293256
1.570529694216592,0.5000000074505806,2.0058310047372596,0.32467533009392874
