loss,acc,val_loss,val_acc
2.3228943007332936,0.1111111119389534,2.258028984069824,0.15625
2.2635576725006104,0.1388888917863369,2.256306529045105,0.15625
