loss,acc,val_loss,val_acc
2.593473164474263,0.11029412033145919,2.3027429580688477,0.078125
