loss,acc,val_loss,val_acc
12.631674048018782,0.11643835616438356,14.176370979449072,0.11926605572941107
14.130932794858332,0.1232876712328767,13.742700716771116,0.1467889921927671
13.689341296888378,0.1506849315068493,14.173265535897071,0.11926605538764132
13.910137228769798,0.136986301369863,13.900008997785935,0.13761468026616158
13.689341505912886,0.1506849315068493,13.7390546711213,0.1467889927395987
13.689341192376125,0.1506849315068493,13.872195978777125,0.13761467924085233
14.3048095703125,0.1125,13.576944543681014,0.1559633041193726
14.130932794858332,0.1232876712328767,13.739206646560529,0.14678899116745783
