loss,acc,val_loss,val_acc
2.3726654052734375,0.08641975248853366,2.3976216316223145,0.09375
