loss,acc,val_loss,val_acc
2.684374781488215,0.06796116331248607,2.654662609100342,0.125
2.644582509994507,0.1355932205915451,2.2922255992889404,0.25
