loss,acc,val_loss,val_acc
3.283078422285106,0.0958904109589041,2.572983138058164,0.0917431196078248
2.3305357694625854,0.1625,2.162991238296579,0.21100917567900562
