loss,acc,val_loss,val_acc
2.335936725139618,0.10135135613381863,2.304774761199951,0.09375
2.283468605041504,0.16000000751018525,2.3024762868881226,0.09375
2.2389034663929657,0.18627451579360402,2.301753044128418,0.125
2.2511828541755676,0.18918919563293457,2.3016161918640137,0.140625
2.1856330509185793,0.24800001680850983,2.303894877433777,0.109375
2.1430004138946535,0.23200001311302185,2.3139482736587524,0.09375
2.0842211894989013,0.24000000834465027,2.3162546157836914,0.078125
2.0302911698818207,0.29729731380939484,2.313922882080078,0.109375
