loss,acc,val_loss,val_acc
2.336571514606476,0.13235294446349144,2.2889530658721924,0.09375
2.1658888310194016,0.2109375043073669,2.4400117927127414,0.06666666666666667
2.1713948659598827,0.28906250558793545,2.279092216491699,0.17777777810891468
2.017619701102376,0.37500000442378223,2.29926598072052,0.140625
