loss,acc,val_loss,val_acc
3.62878673832591,0.08943089724677365,3.0430002212524414,0.125
2.7827732737471416,0.1544715511362727,2.3011231422424316,0.1875
2.281169593334198,0.1730769295245409,2.2309834957122803,0.1538461595773697
2.2736446539560955,0.13333333929379781,2.2457737922668457,0.09375
