loss,acc,val_loss,val_acc
3.4033548831939697,0.08620689539559956,2.5748395919799805,0.125
2.4497788747151694,0.10144927476843198,2.3295187950134277,0.09375
2.3327800610969804,0.12068965761312123,2.2427873611450195,0.38461539149284363
2.336545134412831,0.1379310298582603,2.2735297679901123,0.15625
