loss,acc,val_loss,val_acc
2.3983474731445313,0.1375,2.4873171093267037,0.08256880802298905
2.247311075528463,0.12121212121212122,2.3451556918817924,0.0917431196078248
2.0800014783258307,0.2465753424657534,2.2451162656148274,0.21111111210452185
1.9199573874473572,0.3125,2.223374791101578,0.22018348692207163
