loss,acc,val_loss,val_acc
13.062290818723914,0.0958904109589041,14.639370795783647,0.09174311994959455
14.793320224709706,0.0821917808219178,14.63937090952462,0.09174311926605505
