loss,acc,val_loss,val_acc
13.315757228903575,0.0821917808219178,14.63937048955795,0.0917431196078248
14.204071521759033,0.11875,14.491498177204656,0.10091743187620006
