loss,acc,val_loss,val_acc
2.61614105436537,0.09150326914257473,2.432194482295885,0.13761467889908258
2.4070505643413016,0.12408759357937932,2.2942517875531396,0.1559633046662042
