loss,acc,val_loss,val_acc
13.371334807513511,0.0684931506849315,14.047881590117008,0.12844036731424682
14.241330917567423,0.11643835616438356,14.19575398121405,0.11926605538764132
14.3517286222275,0.1095890410958904,14.195753814977243,0.11926605538764132
14.351728883508134,0.1095890410958904,14.935115411740924,0.07339449609638354
