loss,acc,val_loss,val_acc
2.423659643956593,0.08035714106102075,2.404834270477295,0.125
