loss,acc,val_loss,val_acc
2.3703503608703613,0.11111111300332206,2.341695189476013,0.09375
