loss,acc,val_loss,val_acc
2.307640259082501,0.14615384615384616,2.3149672746658325,0.09375
