loss,acc,val_loss,val_acc
2.42031613114762,0.1506849315068493,2.3062964185662227,0.11926605572941107
