loss,acc,val_loss,val_acc
13.391971218174902,0.08965517405805917,14.639370935772536,0.0917431196078248
14.895343563474459,0.07586207014733347,14.787243414362637,0.08256880733944955
