loss,acc,val_loss,val_acc
7.679584264755249,0.12711864709854126,15.614404678344727,0.03125
14.709718009800588,0.08737863961932729,14.607023239135742,0.09375
14.86620391919775,0.07766990414232884,12.398534774780273,0.23076923191547394
14.709717852398029,0.08737864229574945,15.614404678344727,0.03125
