loss,acc,val_loss,val_acc
2.561482875718983,0.13761468094970108,2.7233011722564697,0.0625
