loss,acc,val_loss,val_acc
5.701061424661855,0.09016393638048016,3.6233396530151367,0.0625
3.1966324614696817,0.09016393638048016,2.502923011779785,0.0625
