loss,acc,val_loss,val_acc
2.404641188612772,0.1743119292029547,2.575679063796997,0.0625
