loss,acc,val_loss,val_acc
13.126346953927655,0.1095890410958904,14.787242854407074,0.08256880733944955
14.462126535912082,0.10273972602739725,14.787242854407074,0.08256880733944955
14.903718138394291,0.07534246575342465,14.491498544675494,0.10091743153443031
14.462126535912082,0.10273972602739725,14.491498317193548,0.10091743310657117
14.103333377838135,0.125,14.787243160632773,0.0825688076812193
14.572524501852794,0.0958904109589041,14.639370629546839,0.09174311926605505
14.90371798162591,0.07534246575342465,14.935115665470788,0.07339449575461379
14.793320120197453,0.0821917808219178,14.639370769535729,0.0917431196078248
