loss,acc,val_loss,val_acc
2.3191705796358395,0.08633093562700765,2.3684123553238905,0.05194805194805195
2.3206490406887137,0.10071942633647712,2.368210588182722,0.06493506590267281
2.322700636727469,0.11801242296184812,2.3669022182365516,0.07792207840588186
2.309890961035704,0.05128205223725392,2.3644739776462704,0.07792207792207792
