loss,acc,val_loss,val_acc
2.615224758783976,0.10493827362855275,2.4142469244265774,0.183486238668818
2.3703863090938992,0.12345679269896613,2.288196183125907,0.09174311926605505
2.2232326136695013,0.2098765480849478,2.2593612670898438,0.18888888946837848
2.164940251244439,0.2098765480849478,2.2396813204529087,0.16513761502066884
