loss,acc,val_loss,val_acc
2.442129639216832,0.128571432190282,2.325633110938134,0.06493506493506493
