loss,acc,val_loss,val_acc
13.24945571422577,0.0875,14.935115525481898,0.07339449609638354
15.019134290290602,0.06818181818181818,14.935115525481898,0.07339449609638354
14.68292236328125,0.08904109589041095,14.491498404686604,0.10091743119266056
15.45570770681721,0.0410958904109589,14.639371075761428,0.09174311994959455
