loss,acc,val_loss,val_acc
2.4441325281658313,0.16058393839719523,2.239477844981404,0.15584415855345787
