loss,acc,val_loss,val_acc
4.307111419848542,0.10447761572119016,3.405085563659668,0.109375
