loss,acc,val_loss,val_acc
2.325354705838596,0.13235294681918972,2.416203737258911,0.125
