loss,acc,val_loss,val_acc
4.18609847341265,0.10714286033596311,3.1159186518037476,0.2467532529459371
