loss,acc,val_loss,val_acc
2.509102828066114,0.09154929766352747,2.4574974543088444,0.12987013257943192
