loss,acc,val_loss,val_acc
2.3963919162750242,0.10714286118745804,2.456226944923401,0.03125
2.4040964752880494,0.09701492804199902,2.4017430464426677,0.08888889054457347
2.3703536093235016,0.07031250174622983,2.437624888949924,0.02222222305006451
2.3902549992746382,0.08208955546368414,2.3828039169311523,0.0625
