loss,acc,val_loss,val_acc
3.3517050241169177,0.14912281538310804,2.6712160110473633,0.09375
2.375269889831543,0.26315789708965703,2.0363590717315674,0.375
1.7777820030848186,0.5347222685813904,1.9702363014221191,0.25
1.5104492024371499,0.5263157957478574,2.0149998664855957,0.15625
1.1917552195097272,0.7192982686193365,1.9656141996383667,0.375
1.2091271626321893,0.6842105451383089,1.9651566743850708,0.40625
0.9269022544225057,0.819444457689921,1.9344382286071777,0.21875
0.8775298469945004,0.8157894925067299,1.9490673542022705,0.25
