loss,acc,val_loss,val_acc
2.263274347782135,0.20000000319310596,2.153429935504864,0.22077922174682865
1.541438799245017,0.5571428797074727,2.1339196013165758,0.15584415681176372
1.1607373101370675,0.7142857185431889,1.7296409436634608,0.37662337778450605
0.8845750876835414,0.7571428792817252,1.6444134619328883,0.4025974053067046
