loss,acc,val_loss,val_acc
2.3691492875417075,0.10256410948932171,2.289760947227478,0.171875
1.9810327928641747,0.30172416156735915,2.4259090423583984,0.09375
1.8560062845547993,0.3717948993047078,2.2022509574890137,0.1875
1.4297867206966175,0.6470588673563564,1.9631497859954834,0.234375
