loss,acc,val_loss,val_acc
2.4634558370668596,0.11643835616438356,2.2710496723105056,0.1926605511422551
