loss,acc,val_loss,val_acc
2.377497476689956,0.19117647694314227,2.3341116905212402,0.046875
2.303037208669326,0.25000001194284244,2.2469292879104614,0.203125
1.9367724218789268,0.3750000188455862,2.2581323385238647,0.09375
1.7840248346328735,0.43589745461940765,2.1232798099517822,0.21875
