loss,acc,val_loss,val_acc
2.640192194187895,0.1489361752062402,2.404881641462252,0.11688311736692082
2.098059877436212,0.28368796392324125,2.10755358113871,0.2597402616754755
1.9227889265332903,0.3741496801376343,2.147102777059976,0.2337662364755358
1.7693098200128434,0.46808513047847344,1.8957751880992542,0.3896103950289937
1.6457077397240534,0.4888889259762234,1.7772309222778717,0.4545454599640586
1.3396753072738647,0.6258503709520612,1.647219283240182,0.4545454599640586
1.3364518728662045,0.6099291190187982,1.3949545327719155,0.5844155968009651
1.108757606212129,0.659574512471544,1.4681119330517658,0.5324675464010858
