loss,acc,val_loss,val_acc
2.3488683961842156,0.0958904109589041,2.2988602371390807,0.19266055080048536
2.2619297275804495,0.15753424657534246,2.260672319919691,0.10091743187620006
2.314758728628289,0.14383561643835616,2.27345566355854,0.1651376153624386
2.2296706160453903,0.2054794520547945,2.592980358578743,0.14678899082568808
