loss,acc,val_loss,val_acc
2.5505693753560386,0.13492063929637274,2.5084123611450195,0.09375
1.512125065452174,0.5350877485777202,2.878896713256836,0.09375
