loss,acc,val_loss,val_acc
5.562743133968777,0.09876543407638867,3.87365869644585,0.10091743187620006
