loss,acc,val_loss,val_acc
2.303260086251677,0.15107914012113063,2.2815553832363773,0.18181818452748386
2.296656689197897,0.15827338102695754,2.279530766722444,0.1428571433409468
2.2869683744238434,0.12230215918460338,2.2861102494326504,0.14285714382475073
2.300446034335404,0.1294964045393381,2.286311502580519,0.14285714285714285
