loss,acc,val_loss,val_acc
2.424874642316033,0.09558824093683678,2.307872772216797,0.171875
2.099246093455483,0.22058824909960523,2.2648608684539795,0.125
