loss,acc,val_loss,val_acc
2.371358194771935,0.14705882539205692,2.3153116703033447,0.078125
2.285183389981588,0.10256410514314969,2.339422278934055,0.08888889054457347
