loss,acc,val_loss,val_acc
2.359549125035604,0.08666666597127914,2.38773250579834,0.09375
