loss,acc,val_loss,val_acc
2.309516270955404,0.1111111127667957,2.2920941365968197,0.11926605572941107
2.2420042883740723,0.16058394603811912,2.265452920843702,0.11009174311926606
2.1554315813656513,0.22068965820402936,2.210520794632238,0.19266055237262622
2.1377219117920974,0.2620689761278958,2.209693615589667,0.1559633046662042
