loss,acc,val_loss,val_acc
2.3335689243517423,0.1491228071482558,2.3614187240600586,0.15625
2.363367984169408,0.12280702081165816,2.385279655456543,0.125
