loss,acc,val_loss,val_acc
2.3654973109563193,0.07692307854692142,2.2916802167892456,0.171875
