loss,acc,val_loss,val_acc
3.0028197012449565,0.04385965023385851,2.52299165725708,0.125
2.1514310962275456,0.2368421131058743,2.1197571754455566,0.21875
1.661822994550069,0.4583333432674408,1.9330240488052368,0.46875
1.3954652610578036,0.60526316416891,1.9656882286071777,0.34375
