loss,acc,val_loss,val_acc
2.3381764592795538,0.11034482802296507,2.310961771448818,0.1651376190535519
