loss,acc,val_loss,val_acc
2.3671555519104004,0.11728395024935405,2.3155677318573,0.140625
2.244035243988037,0.21604937811692557,2.232438474231296,0.26666666699780356
2.169719417889913,0.24691358084479967,2.2372375276353624,0.20000000165568457
2.081869065761566,0.2777777761220932,2.216283082962036,0.125
