loss,acc,val_loss,val_acc
13.11147509535698,0.0684931506849315,14.935116059189543,0.07339449575461379
14.793320433734214,0.0821917808219178,14.491498570923412,0.10091743187620006
