loss,acc,val_loss,val_acc
2.5766528603080268,0.10489510473879901,2.3283066071501564,0.15596330309406334
