loss,acc,val_loss,val_acc
13.113627185560253,0.0958904109589041,14.787243300621663,0.08256880802298905
14.572524501852794,0.0958904109589041,15.082987864083107,0.06422018348623854
