loss,acc,val_loss,val_acc
2.2995456937533705,0.19402985608399803,2.283522605895996,0.140625
