loss,acc,val_loss,val_acc
4.930532314407993,0.1056338049156565,4.370896636665641,0.09090909139289484
