loss,acc,val_loss,val_acc
2.437092054973949,0.1136363683776422,2.29843533039093,0.046875
2.1948881366036157,0.2272727337073196,2.2746226310729982,0.1111111127667957
2.1363954067230226,0.28666667342185975,2.2434581067827013,0.15555555588669248
2.0395835136112415,0.298245622139228,2.2310677766799927,0.125
1.9992115020751953,0.3533333376049995,2.2656763977474634,0.13333333416117563
1.9013110995292664,0.3636363704096187,2.138235632578532,0.26666666832235125
1.8183696974407544,0.4090909145095132,2.1117050647735596,0.28125
1.7956701083616777,0.5151515196670186,2.2751793596479626,0.15555555638339785
