loss,acc,val_loss,val_acc
3.2962439358234406,0.12499999600861754,2.4337644577026367,0.125
2.4881114023072377,0.16964285022446088,2.648989677429199,0.09375
2.4477287928263345,0.1599999964237213,2.3686885833740234,0.09375
2.26648411154747,0.1339285634458065,2.3449840545654297,0.125
2.261341861316136,0.15178571401962213,2.2418301105499268,0.09375
2.169167088610785,0.2767857068351337,2.4274377822875977,0.1875
2.0412567456563315,0.35333332419395447,2.06164813041687,0.40625
2.0364016741514206,0.3392857023115669,1.8687002658843994,0.375
