loss,acc,val_loss,val_acc
12.889323949813843,0.1375,13.604263821873095,0.1559633034358331
13.68934108786387,0.1506849315068493,13.7521367729257,0.1467889921927671
14.164386749267578,0.12121212121212122,14.343625786107614,0.11009174380280556
13.599642848968506,0.15625,13.900008717808154,0.13761468026616158
