loss,acc,val_loss,val_acc
7.493646170995007,0.0684931506849315,2.6734280280016978,0.12844036731424682
2.5758406462734693,0.2328767123287671,1.9681350200548084,0.3669724789781308
1.7167876362800598,0.39375,1.7696391081591265,0.3394495456590565
1.8447692069140347,0.38636363636363635,2.4657218412521784,0.3669724803452098
1.3806950509548188,0.575,1.3787811513340802,0.5045871603379556
1.5095569140290561,0.5342465753424658,1.8301907154398227,0.3577981689654359
1.287346696200436,0.547945205479452,1.2838010689534178,0.5963302790571791
2.5065445069110757,0.49242424242424243,1.1145959841002018,0.642201838143375
