loss,acc,val_loss,val_acc
2.340892766651354,0.13157894854482852,2.3360724449157715,0.03125
2.3690266609191895,0.10416666915019353,2.3263888359069824,0.0625
2.31069472857884,0.13095238112977572,2.2891039848327637,0.09375
2.3270830313364663,0.11111111442248027,2.3312201499938965,0.03125
