loss,acc,val_loss,val_acc
2.5919239256117077,0.13580247263113657,2.7668872732634937,0.0825688076812193
2.3115376366509333,0.17901235073804855,2.3006593131144113,0.23853211043351288
2.078625440597534,0.2716049427787463,2.244666565789117,0.18888889095849462
1.700476434495714,0.40123457544379765,2.0352375190192404,0.348623853484425
1.5815074973636203,0.45061729351679486,1.8431045505978645,0.44036697575805384
1.3588071001900568,0.5185185339715745,2.192083313730028,0.3666666699780358
1.3570709360970392,0.5246913664870791,2.7505188556986115,0.14678899116745783
1.090912487771776,0.6111111144224802,2.0359239457944116,0.385321101190847
