loss,acc,val_loss,val_acc
3.05990749168396,0.10400000378489495,2.8820526599884033,0.078125
