loss,acc,val_loss,val_acc
3.7033910495894298,0.0624999974056014,2.4909207820892334,0.125
2.513059616088867,0.1866666575272878,2.2953882217407227,0.21875
