loss,acc,val_loss,val_acc
6.061118152406481,0.1049382740424739,4.995946413880095,0.0917431196078248
3.9096625910864935,0.20370370770494142,2.3227976199683793,0.1926605518257946
2.3065441184573703,0.12962963266505134,2.278960524664985,0.11111111235287455
2.1110836929745145,0.1913580269449287,2.215770721435547,0.24770642283859604
