loss,acc,val_loss,val_acc
2.5686677849811055,0.16666667292947354,2.4840468895899783,0.11688311736692082
2.299627164999644,0.19444444961845875,2.2385862492895745,0.12987013083773774
