loss,acc,val_loss,val_acc
2.4984197433178243,0.18803419573948935,2.5497801303863525,0.09375
