loss,acc,val_loss,val_acc
2.5707436229871665,0.18115942309732022,2.386780444677774,0.11688311785072475
