loss,acc,val_loss,val_acc
3.0841766704212534,0.09090909361839294,2.31650447845459,0.09375
