loss,acc,val_loss,val_acc
2.327465430173007,0.14545456496152012,2.401618480682373,0.09375
2.3236118952433267,0.0961538553237915,2.400722026824951,0.09375
2.334830552339554,0.06250000232830644,2.3916897773742676,0.1875
2.3168975512186685,0.09615385408202808,2.328336715698242,0.125
2.3257593848488547,0.10909091478044336,2.3663063049316406,0.125
2.303611914316813,0.14102564752101898,2.3934578895568848,0.0625
2.301474191248417,0.07812500419095159,2.346606731414795,0.0625
2.319477399190267,0.10256410886843999,2.346616268157959,0.125
