loss,acc,val_loss,val_acc
13.281133079528809,0.10625,14.639371329491292,0.0917431196078248
