loss,acc,val_loss,val_acc
2.3730022509892783,0.09876543283462524,2.316644787788391,0.09375
2.3075166940689087,0.148148146768411,2.238580724928114,0.20000000331136916
2.2373523314793906,0.2345679017404715,2.2269381046295167,0.15555555638339785
2.1515206495920816,0.25925925994912785,2.2698299884796143,0.09375
2.0852478742599487,0.27160493781169254,2.1552137586805555,0.17777777860562008
1.9945617119471233,0.35185185074806213,2.2447297149234346,0.022222222222222223
1.8469688693682353,0.37654321144024533,2.2037434577941895,0.125
1.858430286248525,0.34567901243766147,2.089546577135722,0.2000000003311369
