loss,acc,val_loss,val_acc
3.4066874080604608,0.10489510275892444,2.790121701879239,0.09174311926605505
2.5635107130437462,0.11888111778697767,2.3723765185119907,0.13761467924085233
2.212483987212181,0.24342105351388454,2.491848436991374,0.22222222321563298
2.0882718629770345,0.3636363723894933,2.3152124138053405,0.17431192694727435
2.058302498575467,0.24626865104508044,2.1431405763013647,0.12844036697247707
1.8976632206590025,0.3426573409900799,2.136942415767246,0.18888889071014192
1.7198437452316284,0.3881579004228115,2.0256900196775383,0.21100917567900562
1.560029622334153,0.47761194341218294,2.1784384709979414,0.23853211043351288
