loss,acc,val_loss,val_acc
2.401137092687788,0.05839415965941701,2.2975576326444553,0.16883116979877671
2.247791264178979,0.16058393877788182,2.2611131048821784,0.12987013083773774
2.146352910647427,0.2554744470075969,2.225658243352717,0.18181818230198576
2.1217008034388223,0.2066666620473067,2.1960409523604754,0.18181818230198576
