loss,acc,val_loss,val_acc
2.364352635934319,0.08450704351277419,2.3253001485552107,0.10389610437990783
