loss,acc,val_loss,val_acc
2.420310002106887,0.05982906113450344,2.3098397254943848,0.0625
2.214786547880906,0.22222222846287948,2.277137279510498,0.125
2.233417352040609,0.25925926864147186,2.194812059402466,0.1875
2.156049141517052,0.20512821468023154,2.1406655311584473,0.28125
