loss,acc,val_loss,val_acc
12.773472302580533,0.08904109589041095,13.75213621297014,0.14678899150922758
