loss,acc,val_loss,val_acc
2.4648890495300293,0.09459459688514471,2.479160189628601,0.109375
2.505535611919328,0.0588235319135528,2.4308156967163086,0.09375
