loss,acc,val_loss,val_acc
2.397378236055374,0.06875000149011612,2.463308266230992,0.025974025974025976
2.3275531684198687,0.08870967814037876,2.4029622077941895,0.10389610437990783
