loss,acc,val_loss,val_acc
4.324801832142443,0.15841582963372222,4.682403564453125,0.15625
