loss,acc,val_loss,val_acc
2.4123278122681837,0.13461538791083372,2.409457206726074,0.25
2.4041889905929565,0.2499999925494194,2.3082175254821777,0.1875
2.18004263822849,0.2307692300528288,2.3280909061431885,0.23076923191547394
1.9708404541015625,0.3534482717514038,2.216456651687622,0.3125
