loss,acc,val_loss,val_acc
2.43231089571689,0.12765957898599037,2.4248099760575728,0.1298701303539338
2.4366637798065836,0.07801418608807503,2.409770881974852,0.14285714556644488
