loss,acc,val_loss,val_acc
2.323021766117641,0.1571428616132055,2.2245988474263774,0.22077922174682865
