loss,acc,val_loss,val_acc
7.197946534227969,0.13432836510352233,5.530788898468018,0.078125
3.552421826035229,0.0970149311556745,2.8694359064102173,0.09375
