loss,acc,val_loss,val_acc
2.3342703183492026,0.11111111318071683,2.289784081485293,0.11009174380280556
2.2388719520429623,0.1532846744967638,2.2477924714394666,0.12844036731424682
2.231015373098439,0.20689655688816103,2.245514980951945,0.17777777943346235
2.1160716745588513,0.24183006915781233,2.181791193988345,0.1834862385321101
