loss,acc,val_loss,val_acc
3.0776176911133986,0.0865384631145459,3.3865127563476562,0.0625
2.943741798400879,0.1465517282485962,2.6726808547973633,0.125
2.4260025849709144,0.12499999813735485,2.248195171356201,0.21875
2.28619869855734,0.1730769253694094,2.2052364349365234,0.15625
2.1890565156936646,0.21551723778247833,2.334272861480713,0.0625
2.1732154121765723,0.1538461475418164,2.5965874195098877,0.09375
2.2320929765701294,0.18269230855199006,2.1553032398223877,0.15625
2.0296058654785156,0.3448275923728943,2.288726568222046,0.25
