loss,acc,val_loss,val_acc
2.527352655437631,0.10563380544034529,2.410462153422368,0.11688311736692082
