loss,acc,val_loss,val_acc
3.2092988385563403,0.07964601654526407,2.8168110847473145,0.09375
