loss,acc,val_loss,val_acc
2.32881430403827,0.08904109589041095,2.3211377870052234,0.10091743153443031
