loss,acc,val_loss,val_acc
2.4180715084075928,0.0833333358168602,2.3579704761505127,0.21875
2.5172199509360573,0.09090909686955538,2.35996675491333,0.03125
