loss,acc,val_loss,val_acc
2.4565930366516113,0.08783784043043852,2.544825315475464,0.078125
2.4625237408806298,0.078431376201265,2.460970640182495,0.09375
