loss,acc,val_loss,val_acc
11.325624871253968,0.128571432190282,14.328067432750355,0.1038961038961039
14.228863307407924,0.11688312036650521,13.216593742370605,0.10389610408962548
