loss,acc,val_loss,val_acc
2.646085235990327,0.08965517321023447,2.367638058618668,0.08256880747615744
2.372716400358412,0.11764706050356229,2.3274597596684727,0.12844036833955608
2.3078656301011136,0.1532846735722392,2.2898140615887113,0.15555555671453475
2.305568995969049,0.14482758895590386,2.2859853079559604,0.14678899150922758
