loss,acc,val_loss,val_acc
13.491219246224182,0.08904109589041095,14.491498430934522,0.10091743153443031
