loss,acc,val_loss,val_acc
2.2874313990275064,0.17283951118588448,2.2513555539857357,0.23853211200565372
2.265870518154568,0.1543209921154711,2.2675519602014385,0.21100917567900562
2.24532061152988,0.17283950911627877,2.198275108949854,0.20183486429923173
2.2777095635732016,0.12345679187112385,2.1858099097505623,0.21100917622583723
