loss,acc,val_loss,val_acc
2.6446121724183893,0.11570247890781765,2.3301072120666504,0.0625
2.3779373799473786,0.13223140169520023,2.3878300189971924,0.0625
2.246631145477295,0.21138211339712143,2.3132548332214355,0.03125
1.9987410494118683,0.27272726570771744,2.171433925628662,0.25
1.891470925867065,0.34710743616927753,2.0870361328125,0.21875
1.7799747784932454,0.43089428544044495,2.047370433807373,0.25
1.52662471995866,0.4958677454428239,2.264927864074707,0.125
1.4635364792563699,0.46280992375917673,1.6703400611877441,0.28125
