loss,acc,val_loss,val_acc
2.303434697844142,0.09352518036532745,2.3128284695860626,0.06493506590267281
