loss,acc,val_loss,val_acc
2.3518290939331057,0.07199999678134918,2.3820343017578125,0.109375
2.386666803359985,0.10400000217556954,2.3545605924394395,0.06666666666666667
2.3547550439834595,0.08108108025044203,2.380080509185791,0.08888888971673117
2.3492049827575685,0.09599999570846558,2.3704603910446167,0.109375
2.3363818378448484,0.13600000417232513,2.3581286430358888,0.08888888971673117
2.340524034500122,0.09599999570846558,2.3685725741916235,0.1111111119389534
2.3714809646606447,0.12000000047683716,2.3651316165924072,0.09375
2.341774795532227,0.0800000022649765,2.364602263768514,0.06666666749450896
