loss,acc,val_loss,val_acc
2.320211287807016,0.11029412389239844,2.3186302185058594,0.09375
2.2207003434499106,0.19230770071347555,2.235317349433899,0.21875
2.130426151999112,0.24137932498907222,2.2463605403900146,0.09375
2.070945382118225,0.2756410340468089,2.1024895906448364,0.265625
