loss,acc,val_loss,val_acc
6.784559547084651,0.136986301369863,2.309857862805008,0.13761467924085233
2.176921596265819,0.2602739726027397,1.786330671485411,0.40366972750480024
2.0450595568304193,0.363013698630137,1.6307321163492465,0.3577981658211542
1.6679071187973022,0.4,1.7814693439991103,0.3119266068716662
