loss,acc,val_loss,val_acc
13.734526856304848,0.03424657534246575,14.491498430934522,0.10091743153443031
