loss,acc,val_loss,val_acc
3.3689450373691794,0.14159292391443676,3.117267608642578,0.09375
