loss,acc,val_loss,val_acc
2.3211792707443237,0.11728395024935405,2.2837494611740112,0.15625
2.2556403477986655,0.15432098507881165,2.2933667659759522,0.13333333416117563
2.11232062180837,0.296296293536822,2.1456773651970757,0.33333333366447027
2.087157348791758,0.3271604925394058,2.1451470851898193,0.234375
2.0423858761787415,0.34567900747060776,2.2498856756422256,0.17777777943346235
1.9757206638654072,0.3888888855775197,2.1078580432467993,0.26666666997803584
1.9216504295667012,0.4382716069618861,2.0780099630355835,0.296875
1.8498784303665161,0.4691358009974162,2.1562746895684137,0.26666666997803584
