loss,acc,val_loss,val_acc
2.322089447833524,0.09900990054749026,2.3307182788848877,0.15625
