loss,acc,val_loss,val_acc
2.3286373615264893,0.1159420261780421,2.331244468688965,0.15625
2.261435995710657,0.15957447093852023,2.362617015838623,0.1875
2.205085063802785,0.23275861889123917,2.0858068466186523,0.1538461595773697
2.0516309340794883,0.32608695824941,2.207454204559326,0.15625
