loss,acc,val_loss,val_acc
3.745065410654028,0.10489510369675976,2.592847557242857,0.11009174346103581
2.484565407037735,0.1447368422523141,2.3045089113602946,0.12844036697247707
2.3358179419787963,0.11194029834065865,2.3170201460520428,0.11111111235287455
2.2897225320339203,0.15789473801851273,2.332506855693432,0.11009174311926606
