loss,acc,val_loss,val_acc
12.767976760864258,0.10317460766860417,14.858868598937988,0.078125
14.103333473205566,0.12500000279396772,15.043555323282877,0.06666666832235124
15.07340415318807,0.06481481591860454,13.969015799628364,0.13333333498901792
14.77492070198059,0.08333333488553762,15.110713958740234,0.0625
