loss,acc,val_loss,val_acc
2.5191113998150003,0.13103448417166183,2.3326755794910117,0.1834862398991891
2.3623501678992964,0.11034482802296507,2.2451722425058347,0.14678899150922758
2.291311502456665,0.12418300948209232,2.348860729724989,0.11009174311926606
2.2676571076803835,0.1386861333446781,2.1400804541526584,0.22018348815244274
