loss,acc,val_loss,val_acc
12.954315233230592,0.08125,14.491498317193548,0.10091743310657117
14.897027449174361,0.07575757575757576,14.639370935772536,0.0917431196078248
14.572524397340539,0.0958904109589041,14.195753814977243,0.11926605538764132
14.572524501852794,0.0958904109589041,14.787242854407074,0.08256880733944955
14.909238243103028,0.075,14.49149829094563,0.10091743187620006
14.903718399674926,0.07534246575342465,14.639370769535729,0.0917431196078248
14.652813766941879,0.09090909090909091,14.787243300621663,0.08256880802298905
14.909238147735596,0.075,14.491498544675494,0.10091743153443031
