loss,acc,val_loss,val_acc
2.354945116109781,0.11188811074186872,2.2984272055669663,0.13761467958262208
2.2412047136080013,0.16783217127089733,2.180487998034976,0.22935779953221663
