loss,acc,val_loss,val_acc
2.3983493910895453,0.07407407462596893,2.384210017842984,0.11009174380280556
