loss,acc,val_loss,val_acc
2.411185528102674,0.12280702081165816,2.3441429138183594,0.0625
2.363571656377692,0.14035087902294963,2.4413888454437256,0.0625
2.489835023880005,0.1041666641831398,2.2228474617004395,0.23076923191547394
2.4359773083737024,0.13157894540774195,2.368429660797119,0.09375
