loss,acc,val_loss,val_acc
2.411725950241089,0.08800000411272049,2.348092555999756,0.09375
2.302789554595947,0.09600000414252281,2.3679285049438477,0.109375
