loss,acc,val_loss,val_acc
2.398558017819427,0.09302325893280118,2.3428620100021362,0.140625
2.3772057433461034,0.12403101110181143,2.3076395564609102,0.13333333333333333
2.356070637702942,0.11363636702299118,2.4222261322869194,0.06666666749450896
2.3681073687797367,0.1240310107552728,2.356422781944275,0.125
2.3991695226624956,0.09302325823972392,2.3335495207044814,0.1111111119389534
2.3916703268539075,0.046511629293131275,2.3686582936180964,0.1111111119389534
2.368292272090912,0.06818182021379471,2.343939423561096,0.109375
2.4108285960696993,0.07936508155294827,2.349928681055705,0.13333333498901792
