loss,acc,val_loss,val_acc
2.8064282214055294,0.09836065598198625,2.6788535118103027,0.15625
2.5404331371432445,0.13934426131795663,2.3698487281799316,0.125
2.297166664092267,0.13934426620358326,2.460973024368286,0.1538461595773697
2.3235378861427307,0.18124999944120646,2.3067550659179688,0.125
