loss,acc,val_loss,val_acc
2.387564050740209,0.12068965620008008,2.3223791122436523,0.125
2.297102371851603,0.1159420261780421,2.3137927055358887,0.03125
