loss,acc,val_loss,val_acc
2.6310882416177304,0.08510638456395332,2.4928963060502882,0.11688311688311688
2.5179084158958274,0.08510638535656828,2.4829312857095296,0.11688311959241891
2.601888042815188,0.07801418608807503,2.4752116048490844,0.11688311785072475
2.6116070443011346,0.0567375899470867,2.4700863887737325,0.1038961038961039
2.503535168511527,0.07482993443097387,2.4718173726812585,0.09090909139289484
2.5592367547623653,0.09929078365577028,2.474286178489784,0.09090909090909091
2.5368503103864954,0.056737590264132685,2.4758646488189697,0.09090909139289484
2.4807970980380443,0.10638298284500203,2.477072102682931,0.11688311736692082
