loss,acc,val_loss,val_acc
7.873385390368375,0.1454545489766381,6.358141899108887,0.125
6.847158445011486,0.07272727367552843,5.258211612701416,0.125
3.8133486906687417,0.07051282127698262,2.577256917953491,0.0
2.701234479383989,0.11818182170391082,2.414595603942871,0.0625
2.471820423819802,0.08181818398562345,2.367685556411743,0.09375
2.32319936318831,0.1363636396147988,2.655268669128418,0.07692307978868484
2.442457596460978,0.10256410452226798,2.380500316619873,0.09375
2.3612453330646863,0.07272727448831905,2.725435256958008,0.09375
