loss,acc,val_loss,val_acc
2.306395189029964,0.13385826974051204,2.2781083583831787,0.125
2.2485432028770447,0.14285714831203222,2.3070415602789986,0.08888888971673117
2.2071709463915488,0.21259843253009902,2.231154118643867,0.15555555638339785
2.1289016071118807,0.3157894820497747,2.2510814666748047,0.1875
2.1512207984924316,0.26428572833538055,2.223923937479655,0.1111111119389534
2.024071455001831,0.4214285761117935,2.2561506695217557,0.17777777943346235
1.9784279298364071,0.4561403615955721,2.2065505981445312,0.25
1.928050845861435,0.4571428671479225,2.1635362572140164,0.17777777860562008
