loss,acc,val_loss,val_acc
8.327899697708757,0.11643835616438356,5.958584264877739,0.08256880733944955
3.7042435619929064,0.13013698630136986,2.386713347303758,0.09174311926605505
2.3652793283331883,0.13013698630136986,2.348675343725416,0.12222222305006451
2.301434135437012,0.14375,2.2922418664354796,0.13761467924085233
2.3155864166886837,0.11643835616438356,2.286640049120702,0.22935779816513763
2.266602812391339,0.09848484848484848,2.3006801313824123,0.14444444527228673
2.308648161692162,0.1232876712328767,2.2676299099528463,0.19266055080048536
2.2442816734313964,0.19375,2.3117475509643555,0.08256880733944955
