loss,acc,val_loss,val_acc
13.500571002698925,0.0821917808219178,14.633384844578734,0.0917431196078248
14.572524501852794,0.0958904109589041,15.076428124664027,0.06422018382800829
