loss,acc,val_loss,val_acc
2.3502362612131478,0.07207207351520255,2.482077121734619,0.09375
