loss,acc,val_loss,val_acc
2.3142364142371004,0.11475410007062506,2.3353240489959717,0.21875
