loss,acc,val_loss,val_acc
4.051660060882568,0.08196721225976944,3.916274070739746,0.0625
3.637970069847485,0.04950495056881763,2.8480796813964844,0.15625
