loss,acc,val_loss,val_acc
2.268816295423006,0.16666667241799205,2.2989656925201416,0.15625
2.0926557381947837,0.2777777860562007,2.2208971977233887,0.25
