loss,acc,val_loss,val_acc
2.747617209658903,0.13235294824356542,2.442221164703369,0.09375
2.498884807614719,0.13235294818878174,2.2543445825576782,0.21875
2.2456762773149155,0.2647058963775635,2.2455555200576782,0.171875
2.17676575978597,0.22435898582140604,2.3108043670654297,0.1875
