loss,acc,val_loss,val_acc
2.3310032414226995,0.11382114396589559,2.3383278846740723,0.09375
2.290177467392712,0.21138212302835976,2.352813482284546,0.21875
2.0930325388908386,0.28205129504203796,2.172201156616211,0.1875
2.007938338489067,0.36585367598184726,2.2043914794921875,0.15625
1.9687275246876041,0.3252032624512184,2.242051124572754,0.21875
1.8157079772251408,0.46341464577651603,2.1276652812957764,0.1875
1.772554132996536,0.4796748263079946,1.9521510601043701,0.40625
1.6036773025989532,0.5448718219995499,1.9444043636322021,0.375
