loss,acc,val_loss,val_acc
2.368223075866699,0.11200000071525573,2.3812155723571777,0.109375
2.397176597595215,0.09600000032782555,2.314641465081109,0.17777777810891468
2.3896564407348633,0.09600000083446503,2.3792136139339872,0.1111111127667957
2.407246364593506,0.05599999986588955,2.3357248306274414,0.125
