loss,acc,val_loss,val_acc
11.898836057480068,0.0821917808219178,3.3201941262691395,0.07339449541284404
2.4612844316926723,0.17123287671232876,2.217743405508339,0.1834862392156496
2.01645849943161,0.36875,2.2106959360455156,0.1651376153624386
1.8785713802684436,0.3939393939393939,1.59896578263799,0.4770642229176443
