loss,acc,val_loss,val_acc
2.35047217142784,0.1440677985043849,2.390141010284424,0.125
2.264502072738389,0.2118644095578436,2.199035167694092,0.15625
