loss,acc,val_loss,val_acc
2.369548964268953,0.11650485675601126,2.3773913383483887,0.09375
2.3741563847921427,0.08737864309144251,2.393576145172119,0.03125
2.37176251411438,0.0762711875140667,2.328209400177002,0.125
2.364645838737488,0.06779661029577255,2.3981685638427734,0.0
2.3586259536372807,0.11650486073447662,2.4176108837127686,0.03125
2.377086868563902,0.058252429426873774,2.320180654525757,0.09375
2.357326882556804,0.1165048572623614,2.3856546878814697,0.03125
2.3891169029532127,0.10679611939828372,2.438917636871338,0.03125
