loss,acc,val_loss,val_acc
2.581558685233123,0.1459853989581992,2.242818956251268,0.14285714382475073
2.175876709666565,0.21167883086596093,2.340673288741669,0.16883116931497277
2.045910301869803,0.30656934295692584,2.101710923306354,0.32467532486884626
1.7946056310277785,0.4160583959008655,2.1348055879791064,0.31168831207535486
