loss,acc,val_loss,val_acc
2.5815682194449683,0.11363636786964806,2.653924822807312,0.140625
2.4931331634521485,0.1800000049173832,2.36964578098721,0.06666666666666667
