loss,acc,val_loss,val_acc
2.4051058292388916,0.04316546842991877,2.334512119169359,0.09090909110261249
2.330265460254477,0.10071942572006219,2.300566797132616,0.09090909090909091
