loss,acc,val_loss,val_acc
7.315688121218641,0.06722689376157873,10.06353759765625,0.09375
