loss,acc,val_loss,val_acc
12.164166933869662,0.10273972602739725,13.604264101850877,0.1559633034358331
