loss,acc,val_loss,val_acc
2.4144394232494997,0.12871287261495495,3.1929478645324707,0.125
3.1847974239009442,0.16831682283099336,2.6449990272521973,0.21875
2.8264098167419434,0.14754097163677216,3.1205005645751953,0.09375
2.282716434780914,0.3168316678245469,2.281778335571289,0.21875
2.0098758522826845,0.36633661669669765,2.073324203491211,0.28125
1.7606117725372314,0.4344262182712555,2.2414026260375977,0.15625
1.5438782578647727,0.5346534317082697,2.2877206802368164,0.1875
1.3699263487711992,0.5445544460032246,2.1904404163360596,0.21875
