loss,acc,val_loss,val_acc
7.292053104269094,0.0965517249343724,2.5263202584117925,0.11926605518257946
2.405687861972385,0.11764706008964115,2.2654913084222636,0.1743119266055046
