loss,acc,val_loss,val_acc
2.5593405382973806,0.1214285746216774,2.466565060925174,0.06493506541886887
2.5301490885870797,0.07142857334443502,2.4477393286568776,0.07792207888968579
2.4918145043509345,0.10000000298023223,2.4310469875087986,0.07792207840588186
2.4815463372639246,0.08571428826877049,2.4205671471434753,0.07792207888968579
