loss,acc,val_loss,val_acc
2.3034058993970845,0.20422535882869236,2.132969193644338,0.2597402607078676
1.81413896381855,0.4312500082887709,1.9230163499906465,0.40259740453261833
1.5314048451762046,0.5241935618462101,1.7917032783681697,0.4285714332159464
1.3502268344163895,0.6562500149011612,1.6546658881298908,0.4805194867121709
1.2981436733276612,0.645161320124903,1.593777761830912,0.5194805256732098
0.9904780983924866,0.8250000104308128,1.4558491722329872,0.5454545593880987
1.0398713811751334,0.741935505021003,1.6916842863157198,0.454545458415886
0.8926282376050949,0.8500000089406967,1.4685109590555165,0.6233766272470549
