loss,acc,val_loss,val_acc
2.8499816258748374,0.09523809577027957,2.5821471214294434,0.09375
2.4075042960009996,0.18987341724996326,2.609733819961548,0.09375
