loss,acc,val_loss,val_acc
2.3599424653773684,0.13669064941166117,2.461432138046661,0.16883116979877671
2.143782699708458,0.16546762713211047,2.5016564084337904,0.12987013083773774
1.9934506124729732,0.3021582794918431,2.3573359452284777,0.19480519674041055
1.9414280823298864,0.31677019383226124,2.3740417028402354,0.18181818452748386
