loss,acc,val_loss,val_acc
13.724259007466982,0.136986301369863,13.900009085278992,0.13761467924085233
13.799739106060708,0.14383561643835616,14.047881030161447,0.12844036731424682
13.799739367341342,0.14383561643835616,13.308519205915818,0.1743119266055046
14.351728674483626,0.1095890410958904,13.752136072981248,0.1467889927395987
