loss,acc,val_loss,val_acc
2.340736997979028,0.10714285807417971,2.3350937366485596,0.125
2.38125941157341,0.08928571441876036,2.2723441123962402,0.1875
