loss,acc,val_loss,val_acc
2.402996842677777,0.08653846143100125,2.4648361206054688,0.03125
