loss,acc,val_loss,val_acc
2.3473104776874667,0.08064515852639752,2.3112059831619263,0.09375
