loss,acc,val_loss,val_acc
12.690511679649353,0.1,14.63937048955795,0.0917431196078248
