loss,acc,val_loss,val_acc
13.050316921302251,0.12499999614166361,14.607024192810059,0.09375
14.82289034979684,0.08035714165972811,14.607023239135742,0.09375
