loss,acc,val_loss,val_acc
10.442237297693888,0.07189542924364407,13.59964370727539,0.15625
