loss,acc,val_loss,val_acc
2.3350452114554012,0.11764706320622388,2.3670889139175415,0.140625
2.3283984590979183,0.1250000025200493,2.313648213280572,0.15555555588669248
