loss,acc,val_loss,val_acc
7.5354897812621235,0.1232876712328767,2.2753765298685895,0.11009174346103581
2.3709667088234263,0.1917808219178082,2.0250429647778154,0.1743119266055046
2.0865941700870043,0.273972602739726,1.6347355055152823,0.3669724784312992
1.996727430820465,0.4,1.7018963371941802,0.3761467903579047
1.8544128428805957,0.4166666666666667,1.3036879355754327,0.6697247733763598
1.2825751781463623,0.6,1.5572474637162794,0.5412844069507143
1.4064941234784583,0.589041095890411,1.9045824413999506,0.46788991153787035
1.8739334761279902,0.4794520547945205,1.0832310182238938,0.5321100944772773
