loss,acc,val_loss,val_acc
2.8082577677538794,0.12408758884798872,2.554909223085874,0.09090909090909091
2.418422041148165,0.1386861287764389,2.357433814507026,0.09090909090909091
