loss,acc,val_loss,val_acc
2.3528752892704334,0.076271188903158,2.2914819717407227,0.1875
2.294297536214193,0.10606060922145844,2.357541084289551,0.09375
