loss,acc,val_loss,val_acc
2.322553267845741,0.09090909059647914,2.3015816933518156,0.11926605538764132
2.436978743626521,0.13286713390917212,2.302445919141857,0.11926605572941107
2.3017339989855574,0.14685314862461357,2.2995858324898615,0.15555555613504515
2.299520697627034,0.1328671308872583,2.299990844289097,0.13761467958262208
