loss,acc,val_loss,val_acc
2.3757227683889455,0.10344827712096016,2.40169139302105,0.12844036765601657
2.3838419749819,0.09655172454899755,2.4046693132558,0.16513761502066884
