loss,acc,val_loss,val_acc
2.3396401814052035,0.13571428933313914,2.3445007832019362,0.10389610486371177
