loss,acc,val_loss,val_acc
8.98737651861987,0.10679611751755465,14.607023239135742,0.09375
15.298530578613281,0.050847455859184265,14.103333473205566,0.125
14.083772214871008,0.12621359035228064,16.11809539794922,0.0
14.396744866972988,0.10679611672186157,15.110713958740234,0.0625
