loss,acc,val_loss,val_acc
2.6678760051727295,0.14184397210677466,2.4926435947418213,0.09375
2.3648310404145314,0.20224719988496115,2.4168777465820312,0.21875
2.327432458297066,0.13043478351572285,2.3075976371765137,0.1875
2.157015244166056,0.3404255310694377,2.1110196113586426,0.34375
