loss,acc,val_loss,val_acc
2.339512522857968,0.10891088784331142,2.4054055213928223,0.0625
2.2064194679260254,0.23770491033792496,2.3898277282714844,0.09375
