loss,acc,val_loss,val_acc
2.4938804481340493,0.12318840590508087,2.35120127727459,0.10389610408962548
2.2451970162598984,0.11594203114509583,2.244228183449089,0.23376623473384164
1.9506629506746929,0.3958333383003871,2.20029075114758,0.20779220798572937
1.8247459639202466,0.4393939402970401,2.1105794194456817,0.19480519499871637
1.6660329302151997,0.5069444378217062,2.033051199727244,0.32467532564293256
1.4848092949908713,0.5434782686440841,1.9797613373050442,0.28571428687541517
1.373489727144656,0.6086956599484319,1.9138645289780258,0.35064935181048007
1.4166207883668982,0.5869565321051556,1.9450991757504352,0.2727272729207943
