loss,acc,val_loss,val_acc
13.3956862449646,0.06875,14.491498177204656,0.10091743187620006
14.79332017245358,0.0821917808219178,15.230860368921123,0.05504587155963303
15.019134174693715,0.06818181818181818,14.639370795783647,0.09174311994959455
14.405547714233398,0.10625,14.195753587495297,0.11926605695978217
14.462126692680464,0.10273972602739725,15.082988144060888,0.06422018348623854
15.263347741329309,0.05303030303030303,14.343625926096506,0.11009174346103581
14.70776195526123,0.0875,14.49149859717133,0.10091743310657117
14.46212674493659,0.10273972602739725,14.787243160632773,0.0825688076812193
