loss,acc,val_loss,val_acc
2.5987893310753076,0.09009010012488107,3.074981927871704,0.15625
2.9140561851295264,0.09909910235453297,2.443047523498535,0.15625
