loss,acc,val_loss,val_acc
3.9915725651072034,0.10447761483156859,2.485926032066345,0.078125
2.551677198552374,0.13432836221225225,2.28092294798957,0.22222222255335913
