loss,acc,val_loss,val_acc
12.570343732833862,0.125,14.047881196398254,0.12844036731424682
14.164386749267578,0.12121212121212122,13.752136492947919,0.1467889921927671
