loss,acc,val_loss,val_acc
9.521026134490967,0.10625,2.3335040206209237,0.20183486429923173
2.53510607733871,0.22727272727272727,2.0374302426609425,0.29357798356528675
