loss,acc,val_loss,val_acc
2.6169898450867204,0.08264462686767263,2.6300482749938965,0.125
2.6428388754526773,0.09756097445885341,2.4867796897888184,0.0625
2.4008231517697167,0.09090909170956651,2.1077747344970703,0.3076923191547394
2.2696107359957103,0.23966942284225431,2.3436546325683594,0.15625
