loss,acc,val_loss,val_acc
2.3410529252645134,0.09009009227156639,2.314129590988159,0.0625
2.244919935862223,0.1633986954887708,2.2805163860321045,0.15625
