loss,acc,val_loss,val_acc
12.371326028484187,0.1095890410958904,14.19575370123627,0.11926605538764132
14.351728883508134,0.1095890410958904,13.456391763249668,0.1651376160459781
13.137351780721586,0.18493150684931506,13.752136606688893,0.14678899150922758
14.130932951626713,0.1232876712328767,14.047881362635062,0.12844036888638768
