loss,acc,val_loss,val_acc
2.391142188000078,0.06722689241546542,2.36650013923645,0.09375
