loss,acc,val_loss,val_acc
3.13394991031363,0.09917355168703174,2.6826486587524414,0.125
2.6912487347920737,0.1300812934835752,2.334825038909912,0.1875
