loss,acc,val_loss,val_acc
2.392443848507745,0.09821428445034794,2.2941603660583496,0.1875
2.2512431939442954,0.17999999970197678,2.309082269668579,0.15625
2.097772864358766,0.24999999654080188,2.379436492919922,0.1538461595773697
2.0401281671864644,0.33035715562956675,2.2309610843658447,0.25
