loss,acc,val_loss,val_acc
4.3879148900008005,0.09243697422642667,8.85291576385498,0.15625
8.538628737131754,0.05426356568932533,6.384023189544678,0.09375
