loss,acc,val_loss,val_acc
11.824594210271966,0.0958904109589041,2.5503283312561313,0.12844036731424682
3.0017072011346686,0.17123287671232876,2.133138017916898,0.1651376153624386
