loss,acc,val_loss,val_acc
2.3559467656271798,0.17142857419592994,2.2929652728043592,0.15584415681176372
2.2660644939967565,0.15000000383172715,2.3100561507336503,0.20779220798572937
