loss,acc,val_loss,val_acc
2.7596802571240593,0.14705882615902843,2.6903810501098633,0.09375
2.4515809592078712,0.13235294386087096,2.3241174750857883,0.13333333333333333
2.104407406905118,0.24264706501408534,2.3716265943315293,0.15555555721124012
1.9211172461509705,0.3782051329811414,2.1237471103668213,0.140625
1.7995944180909325,0.3161764845032902,2.1626335355970596,0.311111111442248
1.616066492655698,0.4632353077039999,1.9634400102827283,0.40000000794728596
1.5070914643652298,0.5000000170925084,2.0915385484695435,0.3125
1.283335938173182,0.5588235386154231,1.9189290814929538,0.3333333353201548
