loss,acc,val_loss,val_acc
2.335814267396927,0.09210526198148727,2.3407126501065876,0.045871559633027525
2.3042061115378765,0.12686567375464225,2.345345753048538,0.0825688076812193
