loss,acc,val_loss,val_acc
2.3193891148467163,0.13986013902650846,2.2411353784963626,0.183486238668818
