loss,acc,val_loss,val_acc
3.6710398178100587,0.12799999570846557,4.221419095993042,0.078125
4.060628925323487,0.06400000171363354,3.1023509025573732,0.06666666666666667
2.906826615333557,0.09459459455683827,2.423098553551568,0.08888888971673117
2.5374633331298826,0.1040000030696392,2.4119445085525513,0.109375
2.403184436798096,0.15199999833106995,2.2710838900672066,0.1111111119389534
2.493160144805908,0.06400000022351741,2.5612911701202394,0.08888888971673117
2.635307579040527,0.11199999862909317,2.506463050842285,0.0625
2.446308734893799,0.11200000193715096,2.6399879455566406,0.13333333416117563
