loss,acc,val_loss,val_acc
2.3312760293483734,0.11875000176951289,2.382148061479841,0.09090909139289484
2.1508237623399302,0.26612903370011237,2.381571391960243,0.09090909187669878
1.9839152544736862,0.38750000298023224,2.3770878160154663,0.09090909187669878
1.8126849820536952,0.3790322720043121,2.4292455338812493,0.09090909139289484
