loss,acc,val_loss,val_acc
3.592854481477004,0.08547008954561673,2.9851224422454834,0.15625
