loss,acc,val_loss,val_acc
3.6590384765410087,0.13380281732115948,2.4904818256180006,0.10389610486371177
