loss,acc,val_loss,val_acc
2.4092522727118597,0.08641975373029709,2.3839720236052067,0.11009174346103581
