loss,acc,val_loss,val_acc
5.075592297428059,0.1037735861708533,7.019996166229248,0.125
6.078126668930054,0.1160714328289032,5.248695373535156,0.03125
4.168074526876773,0.15094339468006818,3.4346349239349365,0.38461539149284363
3.815673495238682,0.07547169909724649,3.412032127380371,0.09375
2.978068232536316,0.1250000037252903,2.568331003189087,0.15625
2.6848775980607518,0.10377358335931346,2.7478420734405518,0.0
2.3972299323891693,0.07547169825378454,2.534132957458496,0.1875
2.3905109167099,0.1339285708963871,2.592156410217285,0.15625
