loss,acc,val_loss,val_acc
10.963422012515366,0.08450704382758745,2.4599984652036198,0.10389610486371177
2.765593710079999,0.19718310257918398,2.3237365066231073,0.11688311881833262
1.9957709908485413,0.3499999977648258,2.3782809461866106,0.09090909361839294
1.9932820796966553,0.38709677563559625,2.3659668557055586,0.16883117154047086
