loss,acc,val_loss,val_acc
10.374803137958498,0.12030075126348581,13.851488590240479,0.140625
14.450706100463867,0.10344827473163605,14.6070237159729,0.09375
14.652813864148353,0.09090909044727806,14.355178833007812,0.109375
14.33954677581787,0.1103448286652565,14.355178833007812,0.109375
