loss,acc,val_loss,val_acc
2.3470410151447325,0.05755395729014342,2.376205295711369,0.03896103896103896
