loss,acc,val_loss,val_acc
2.2946706751118535,0.14492753763561664,2.353810130775749,0.09090909090909091
