loss,acc,val_loss,val_acc
13.940651802167501,0.1232876712328767,14.935115639222872,0.07339449541284404
