loss,acc,val_loss,val_acc
13.171046217826948,0.0547945205479452,14.195753727484187,0.11926605572941107
