loss,acc,val_loss,val_acc
2.6368850337134466,0.18518519070413378,2.526426693715087,0.15596330309406334
2.3672292232513428,0.16666667039195696,2.193609180800412,0.22935779830184552
