loss,acc,val_loss,val_acc
2.3263325019621512,0.08450704508684051,2.3090187574361827,0.09090909090909091
2.312178999185562,0.15625000139698386,2.3012764330034132,0.12987013083773774
2.2919495475124307,0.17605634012692412,2.2931747405559983,0.12987013083773774
2.293442746283303,0.13380281941991456,2.2904742476227997,0.1298701303539338
2.2750975044680315,0.15492958071785914,2.2869145839245286,0.11688311736692082
2.2788812006023567,0.13380281941991456,2.2844278286029764,0.16883116979877671
2.2620220251486334,0.14084507336079236,2.280983506859123,0.10389610437990783
2.2480064265189634,0.21774194029069716,2.280878924704217,0.14285714382475073
