loss,acc,val_loss,val_acc
2.4109229315882144,0.18115942471701166,2.2162385234585056,0.1428571447923586
1.8551922466443933,0.4637681362421616,2.0258741626491794,0.31168831362352745
1.3599945565928584,0.6086956754974697,1.9486208333597554,0.31168831439761374
0.987910446913346,0.7753623464833135,1.6996370228854092,0.37662337933267864
0.7098849286203799,0.8115942244944365,1.8507520564190754,0.37662337778450605
0.655398964881897,0.8472222487131754,1.6120932597618598,0.42857143399003267
0.39866506016772724,0.9130434834438822,1.4447997359486369,0.4415584469770456
0.30124084327531897,0.95652174949646,1.3384512508070314,0.4805194944530338
