loss,acc,val_loss,val_acc
12.494800358602445,0.14383561643835616,13.45639131703508,0.1651376153624386
