loss,acc,val_loss,val_acc
2.4881386423444414,0.09090908965864382,2.2978560749543915,0.07339449575461379
