loss,acc,val_loss,val_acc
2.333545581154201,0.14492754168484523,2.260134573106642,0.15584415584415584
2.357461174329122,0.13194444589316845,2.2686453825467594,0.16883117154047086
