loss,acc,val_loss,val_acc
2.667727290130243,0.05691057189208705,2.522839069366455,0.25
