loss,acc,val_loss,val_acc
4.750356117884318,0.04938271641731262,2.3655310223955626,0.13761467889908258
2.3527745140923395,0.16049382959802946,2.286034234073184,0.11009174346103581
2.277598778406779,0.13580247221721542,2.4013456530041166,0.10000000206960571
2.32830368147956,0.16666667039195696,2.185087085863866,0.13761467958262208
2.111061069700453,0.27160494443443084,2.147193237182197,0.1559633034358331
2.019641531838311,0.29629630347092945,2.2997807078891332,0.14444444527228673
1.8818661239412096,0.37654321392377216,2.009191473689648,0.20183486306886061
2.063697444068061,0.26543210239873993,2.0749565155134286,0.22018348692207163
