loss,acc,val_loss,val_acc
2.3344270662827924,0.14545455168594013,2.35334849357605,0.09375
2.3674184322357177,0.05454545562917536,2.3562262058258057,0.09375
2.334893989562988,0.08181818398562345,2.290705919265747,0.07692307978868484
2.3394848505655923,0.0833333358168602,2.4188718795776367,0.0625
2.361739821867509,0.12727273025295952,2.3120617866516113,0.0625
2.334964908253063,0.06363636512647976,2.224605083465576,0.23076923191547394
2.3520584106445312,0.057692307978868484,2.350273609161377,0.0625
2.330514587055553,0.09090909253467214,2.337566614151001,0.09375
