loss,acc,val_loss,val_acc
12.653154529937327,0.10273972602739725,14.047881336387144,0.12844036765601657
14.351728674483626,0.1095890410958904,14.787243274373745,0.0825688076812193
