loss,acc,val_loss,val_acc
2.32914529146848,0.09090908960654186,2.2984611091263796,0.0917431196078248
