loss,acc,val_loss,val_acc
2.3799439006381564,0.13580247138937315,2.4402093712342987,0.10091743187620006
2.358790159225464,0.12962963183720908,2.3661751747131348,0.11926605538764132
