loss,acc,val_loss,val_acc
2.2352691173553465,0.2000000074505806,2.3966346979141235,0.125
2.134262412341673,0.23880597904546938,2.503692626953125,0.15625
1.9811924546957016,0.36718750442378223,2.0209072828292847,0.40625
1.7361517906188966,0.45000001788139343,1.9414858222007751,0.25
1.5635959301143885,0.5390625195577741,2.014983117580414,0.328125
1.3604416847229004,0.5428571701049805,1.6392245292663574,0.453125
1.2970330590632424,0.5597015201155819,1.6250110268592834,0.390625
1.0848926424980163,0.6285714507102966,1.308383047580719,0.625
