loss,acc,val_loss,val_acc
2.4770915544950043,0.07692307692307693,2.324167847633362,0.125
2.4412511348724366,0.15625,2.282469868659973,0.171875
