loss,acc,val_loss,val_acc
2.3295211733841317,0.10569105901550956,2.3638293743133545,0.0625
2.3538878560066223,0.0833333358168602,2.3912172317504883,0.0625
