loss,acc,val_loss,val_acc
2.37960914561623,0.07894737077386756,2.2593393325805664,0.09375
