loss,acc,val_loss,val_acc
4.205402798571829,0.05932203604508254,3.5804781913757324,0.0625
