loss,acc,val_loss,val_acc
5.534409853876854,0.15306122540211192,5.191026210784912,0.15625
