loss,acc,val_loss,val_acc
2.7996629238128663,0.10000000149011612,2.546546459197998,0.15625
2.345362345377604,0.21428572138150534,2.222135305404663,0.21875
2.167669486999512,0.21666667833924294,2.092517852783203,0.21875
2.200293779373169,0.2500000070780516,2.1403279304504395,0.15625
2.0500676234563193,0.2539682636658351,2.081913948059082,0.1875
1.9290813646818463,0.33333334248316915,2.1871371269226074,0.125
1.7772279580434163,0.444444477558136,2.0600943565368652,0.21875
1.892037045955658,0.30833334028720855,2.022343635559082,0.34375
