loss,acc,val_loss,val_acc
9.081810148750863,0.12195122169285286,2.6514601707458496,0.09375
