loss,acc,val_loss,val_acc
2.3234540401118817,0.1386138593206311,2.2836503982543945,0.09375
