loss,acc,val_loss,val_acc
13.520154190063476,0.0875,15.230860508910013,0.05504587190140278
14.652813998135654,0.09090909090909091,14.787243160632773,0.0825688076812193
14.903718190650418,0.07534246575342465,14.343625812355532,0.11009174503317666
15.014116052078874,0.0684931506849315,14.787243020643881,0.08256880802298905
14.68292236328125,0.08904109589041095,15.378733013748029,0.04587155997479728
15.312190532684326,0.05,14.639370682042673,0.09174311994959455
14.164386749267578,0.12121212121212122,15.082988004071996,0.06422018382800829
15.124514018019585,0.06164383561643835,14.935115525481898,0.07339449609638354
