loss,acc,val_loss,val_acc
2.948843479156494,0.12962963266505134,2.2739097787699567,0.1926605505954235
