loss,acc,val_loss,val_acc
2.8167378702363766,0.04895104931576268,2.589969928111505,0.10091743187620006
2.465936094522476,0.12500000093132257,2.331333488499353,0.13761467924085233
2.3494356995198262,0.11194029839625999,2.317171897363225,0.12844036731424682
2.252106338739395,0.19736842066049576,2.3566177306918923,0.1467889927395987
2.1893313980814235,0.2761194059875474,2.209244859327964,0.1559633046662042
2.2489221394062042,0.1776315737515688,2.239020421964313,0.1743119272890441
2.173438127361127,0.20895522938513045,2.2054789919371998,0.1651376165928097
2.048672527074814,0.25,2.184142147729156,0.21100917499546612
