loss,acc,val_loss,val_acc
2.315095105413663,0.11864406855429634,2.273794174194336,0.21875
