loss,acc,val_loss,val_acc
2.352767397473742,0.11888111888111888,2.282428137752988,0.13761467924085233
2.2055812180042267,0.21710526291280985,2.2316181069120353,0.1651376154991465
2.1314337689485123,0.3134328379337467,2.1698207089660366,0.20183486272709086
2.030604287981987,0.3421052675694227,2.1543329658858275,0.18348623887387985
1.9727474842498551,0.3880596970444295,2.098725614197757,0.26605504621332937
1.896786704659462,0.42105262726545334,2.005585198008686,0.33027523127170877
1.7240911947263704,0.5454545581674243,1.959760513874369,0.42201835245167446
1.6918989169847716,0.5944055906542531,1.8975769401690281,0.46788991153787035
