loss,acc,val_loss,val_acc
12.504141494019391,0.1232876712328767,13.456391789497586,0.1651376154991465
13.689341453656759,0.1506849315068493,13.604264241839768,0.15596330309406334
13.799739158316834,0.14383561643835616,13.604264128098794,0.1559633046662042
13.689341296888378,0.1506849315068493,13.604264101850877,0.1559633034358331
