loss,acc,val_loss,val_acc
2.4007209333880195,0.08965517362130099,2.3907408101843037,0.11926605504587157
2.401615560465846,0.07586206968488364,2.373309376042917,0.10091743153443031
