loss,acc,val_loss,val_acc
2.3896100289613296,0.0679611667846013,2.375659942626953,0.15625
2.4477938448341146,0.03883495207116442,2.297640562057495,0.09375
2.249859929084778,0.2542372792959213,2.2140953540802,0.1875
2.189259751329144,0.1941747622003833,2.2424116134643555,0.15625
2.2377761127879316,0.18446602780842086,2.1410622596740723,0.3125
2.0583553314208984,0.37288136780261993,2.1717207431793213,0.1875
1.9895662069320679,0.305084764957428,2.1427390575408936,0.1875
1.9894734025001526,0.3181818276643753,2.08402943611145,0.25
