loss,acc,val_loss,val_acc
2.4525883375120556,0.09090908793809492,2.1433000564575195,0.21875
1.7783197430539723,0.49586776834874113,1.9119303226470947,0.28125
