loss,acc,val_loss,val_acc
2.305773938574442,0.12195122478211798,2.2727160453796387,0.0625
