loss,acc,val_loss,val_acc
9.632872725186283,0.1232876712328767,2.39747616129184,0.12844036731424682
2.2621102071788215,0.2191780821917808,2.305861827430375,0.22935779884867713
2.1853731513023376,0.275,1.8235068977425952,0.42201835135801125
1.9917827411131426,0.3787878787878788,1.9000801383902173,0.3853211022845102
1.6198512005479369,0.5136986301369864,2.5571117707348745,0.28440367109184966
1.3933195675889107,0.5684931506849316,2.75484120955161,0.24770642270188814
1.259745216369629,0.575,1.08147166847089,0.5963302790571791
1.4344349446362012,0.5273972602739726,1.2183968823984128,0.541284407497546
