loss,acc,val_loss,val_acc
2.4198834728187237,0.10563380544034529,2.234179964313259,0.19480519577280267
2.212154939141072,0.20422535358180463,2.1996224514849776,0.1038961038961039
2.0150783509016037,0.3312500026077032,2.0625583970701538,0.32467532564293256
1.890113760048235,0.33802817405109675,2.0832119916940663,0.19480519674041055
