loss,acc,val_loss,val_acc
14.090295301724787,0.1095890410958904,14.195753674988353,0.11926605504587157
14.351728726739752,0.1095890410958904,13.90000911152691,0.13761467958262208
13.90185718536377,0.1375,14.491498317193548,0.10091743310657117
14.682922311025123,0.08904109589041095,14.195753561247379,0.11926605572941107
