loss,acc,val_loss,val_acc
13.207160845194778,0.0958904109589041,14.491498404686604,0.10091743119266056
14.351728674483626,0.1095890410958904,14.047881362635062,0.12844036888638768
14.682922258768997,0.08904109589041095,14.19575384122516,0.11926605572941107
14.304809665679931,0.1125,14.04788122264617,0.12844036833955608
14.130932951626713,0.1232876712328767,14.195753587495297,0.11926605695978217
14.351728674483626,0.1095890410958904,14.195753867473078,0.11926605695978217
14.572524397340539,0.0958904109589041,13.900008831549128,0.13761467958262208
14.164386864864465,0.12121212121212122,13.900009085278992,0.13761467924085233
