loss,acc,val_loss,val_acc
2.74057073324499,0.07746479041139845,2.3427863399703783,0.07792207840588186
2.3893234696186765,0.10563380544034529,2.4131740192314246,0.09090909090909091
