loss,acc,val_loss,val_acc
2.3048585653305054,0.12820512987673283,2.281113624572754,0.15625
