loss,acc,val_loss,val_acc
2.56973782572253,0.08965517410944249,2.526496939702865,0.12844036888638768
2.4773417143986145,0.09655172454899755,2.4433965201771586,0.1376146808129932
2.470505873362223,0.08496732057796584,2.429644490600726,0.13761467958262208
2.3696065721840696,0.11034482889648141,2.421727795119679,0.11926605504587157
