loss,acc,val_loss,val_acc
12.561911857291443,0.13013698630136986,14.04788122264617,0.12844036765601657
14.241330708542915,0.11643835616438356,13.604264408076576,0.1559633046662042
