loss,acc,val_loss,val_acc
2.3538164100815764,0.13274336237031803,2.2837681770324707,0.1875
2.231823285420736,0.25850339233875275,2.2016470432281494,0.1875
