loss,acc,val_loss,val_acc
2.387289771939268,0.09900990054749026,2.320596933364868,0.15625
2.2950726747512817,0.13114753365516663,2.3084733486175537,0.0
