loss,acc,val_loss,val_acc
2.483468656122249,0.10948905076858771,2.3615494796207974,0.09090909090909091
