loss,acc,val_loss,val_acc
12.724441031887107,0.10273972602739725,15.37873329372581,0.04587155997479728
14.903718190650418,0.07534246575342465,14.491498684664386,0.10091743119266056
