loss,acc,val_loss,val_acc
2.3733546517112036,0.06818182004446333,2.309061646461487,0.140625
