loss,acc,val_loss,val_acc
2.3405147393544516,0.10638297970096271,2.256004571914673,0.15625
