loss,acc,val_loss,val_acc
2.432512095717133,0.09016393760188682,2.3669304847717285,0.0625
2.3400360345840454,0.13125000335276127,2.368303060531616,0.125
2.250702959592225,0.21311475360979798,2.203455924987793,0.28125
2.160829899741001,0.20491803571826123,2.354060173034668,0.09375
2.178957040192651,0.16393442622950818,2.3558731079101562,0.03125
2.1754967228311006,0.23770492389553882,2.414245843887329,0.15625
2.320333723162041,0.1475409845836827,2.1809821128845215,0.25
2.2543651461601257,0.22500000894069672,2.2059078216552734,0.125
