loss,acc,val_loss,val_acc
2.4455743074417113,0.1000000037252903,2.417724609375,0.125
