loss,acc,val_loss,val_acc
13.493241297055597,0.0821917808219178,15.082988284049778,0.06422018382800829
14.462126535912082,0.10273972602739725,14.639370515805865,0.09174311994959455
