loss,acc,val_loss,val_acc
2.320328775819365,0.1258741288960397,2.2380539124165106,0.16513761502066884
