loss,acc,val_loss,val_acc
2.3772839614323207,0.14285714711461747,2.3062675123090868,0.11688311707663845
2.2334300109318326,0.1753246784210205,2.3230097727342085,0.10389610486371177
2.206547744690426,0.1666666699780358,2.254176629054082,0.14285714305066444
2.107285748209272,0.228571432190282,2.307702584700151,0.14285714382475073
