loss,acc,val_loss,val_acc
2.3474378108978273,0.10714285895228386,2.335882306098938,0.078125
2.1951554007828236,0.21875000419095159,2.37565106815762,0.08888888971673117
2.1315832138061523,0.25373134906612227,2.278737947675917,0.1111111119389534
2.09439070224762,0.27142857313156127,2.2641420364379883,0.140625
2.0160810164551237,0.35820895477906983,2.1919594605763755,0.20000000165568457
1.9180323597210556,0.38805970505102355,2.1829270150926376,0.3111111130979326
1.8317002698556701,0.4776119385192643,2.1402060985565186,0.25
1.7943317413330078,0.542857152223587,2.1059202829996746,0.33333333366447027
