loss,acc,val_loss,val_acc
2.4447717275192486,0.10447761727802789,2.5078266859054565,0.140625
