loss,acc,val_loss,val_acc
2.612741491317749,0.09599999824166298,2.516253352165222,0.078125
2.5583775639533997,0.060810812283307314,2.5690659999847414,0.022222222222222223
