loss,acc,val_loss,val_acc
2.3558933838554053,0.1739130465556746,2.3032407203277985,0.1428571433409468
