loss,acc,val_loss,val_acc
4.880780518054962,0.11363636702299118,10.230061054229736,0.078125
9.941422962007069,0.11904762401467278,10.266554832458496,0.109375
10.589450597763062,0.11363636702299118,9.04844617843628,0.109375
9.41811583762945,0.11627907323282818,8.955153942108154,0.125
