loss,acc,val_loss,val_acc
7.159650456415464,0.13013698630136986,2.301150700367919,0.21100917622583723
2.279003620147705,0.2465753424657534,1.8818008932498618,0.5504587188773199
2.3512788602750594,0.23972602739726026,1.8826083404208542,0.3211009218058455
2.1302007224461805,0.4246575342465753,1.7007055610691735,0.45871559769735426
