loss,acc,val_loss,val_acc
2.4330656657347807,0.10810811092724672,2.222367763519287,0.15625
