loss,acc,val_loss,val_acc
12.906759444981406,0.1095890410958904,13.900008577819264,0.1376146808129932
14.462126588168209,0.10273972602739725,14.639370795783647,0.09174311994959455
14.68292236328125,0.08904109589041095,14.639370935772536,0.0917431196078248
14.793320224709706,0.0821917808219178,14.49149829094563,0.10091743187620006
14.241330604030662,0.11643835616438356,14.343626092333313,0.11009174503317666
15.014115947566621,0.0684931506849315,14.787242880654992,0.0825688076812193
14.46212674493659,0.10273972602739725,14.195753674988353,0.11926605504587157
14.405547714233398,0.10625,14.787243274373745,0.0825688076812193
