loss,acc,val_loss,val_acc
3.0916865414912156,0.07920791481686111,2.7634806632995605,0.0625
2.970606322335725,0.06930692597190932,2.447601556777954,0.125
