loss,acc,val_loss,val_acc
8.162134454605427,0.10638298292426353,2.764091575300539,0.1428571433409468
2.635036214869073,0.1063829817353411,2.3028706327661292,0.10389610437990783
2.264530060139108,0.16312057033498237,2.3162485624288585,0.14285714382475073
2.411379798929742,0.12765957898599037,2.299231411574723,0.14285714382475073
