loss,acc,val_loss,val_acc
11.926958775520324,0.15,14.639079732632418,0.09174311926605505
