loss,acc,val_loss,val_acc
12.471931048801967,0.11688312036650521,14.23416214484673,0.11688311881833262
14.327196227179634,0.1111111141859539,14.23416246686663,0.11688311688311688
14.736543764386859,0.08571428805589676,14.234161946680638,0.11688311707663845
13.930639702933176,0.13571428933313914,14.234162107690588,0.11688311736692082
