loss,acc,val_loss,val_acc
2.6451799074808755,0.12962963142328793,2.3166235783778197,0.20183486272709086
2.3302779462602405,0.14197531135545838,2.303150846323836,0.1376146808129932
2.234194967481825,0.18518518987629148,2.3639389156201562,0.11009174380280556
2.2953460216522217,0.20370370894670486,2.264658127356013,0.1926605511422551
