loss,acc,val_loss,val_acc
2.751347163566073,0.11278195539139267,2.3591679334640503,0.140625
2.273768887483984,0.11278195376682998,2.242551575766669,0.17777777943346235
2.1781214000587177,0.20300752187805965,2.2516655127207437,0.15555555588669248
2.064161705970764,0.33793103992938994,2.224550485610962,0.234375
1.9013771580574208,0.390977445065527,2.100684012307061,0.24444444477558136
1.7044192364341335,0.5263157917144603,2.1781563334994845,0.26666666997803584
1.6709201335906982,0.5338345822086907,2.0807957649230957,0.328125
1.5886096477508544,0.4482758641242981,2.0256568988164267,0.17777777943346235
