loss,acc,val_loss,val_acc
14.206313593746865,0.10273972602739725,14.343625812355532,0.11009174503317666
14.02053482891762,0.13013698630136986,14.63937090952462,0.09174311926605505
