loss,acc,val_loss,val_acc
2.338340602874756,0.0960000057965517,2.27378249168396,0.125
2.2369935417175295,0.12800000497698785,2.2718013525009155,0.109375
2.185894191265106,0.2500000149011612,2.21040415763855,0.234375
2.055352584838867,0.4000000159740448,2.1610207557678223,0.25
1.9650550136566163,0.4000000364780426,2.0983251333236694,0.171875
1.921247073173523,0.4080000200271606,2.0028859972953796,0.34375
1.762138240814209,0.4720000243186951,1.9217966794967651,0.296875
1.640988290309906,0.500000037252903,1.8859796524047852,0.375
