loss,acc,val_loss,val_acc
6.840003601492268,0.10273972602739725,2.1795306533848473,0.30275229549189225
