loss,acc,val_loss,val_acc
2.3110445737838745,0.10000000149011612,2.313821315765381,0.15625
2.3503715991973877,0.05952381156384945,2.2385201454162598,0.15625
