loss,acc,val_loss,val_acc
13.161271500587464,0.10625,14.639370795783647,0.09174311994959455
14.241330708542915,0.11643835616438356,14.047881590117008,0.12844036731424682
