loss,acc,val_loss,val_acc
2.5892639834305338,0.10344827802016818,2.3881185732850243,0.10091743119266056
2.3460075325436063,0.15032680125700104,2.2638128569366733,0.1926605518257946
