loss,acc,val_loss,val_acc
2.3205607344464556,0.07317073456943035,2.304006814956665,0.125
2.3315545320510864,0.08974359231069684,2.3242785930633545,0.0625
