loss,acc,val_loss,val_acc
2.289971607487376,0.12195122478211798,2.290656089782715,0.0625
2.3206679224967957,0.14102564845234156,2.2704195976257324,0.21875
