loss,acc,val_loss,val_acc
2.5112396025321853,0.056338029533204895,2.324911489115133,0.1428571433409468
2.3079240918159485,0.10625000158324838,2.370943444115775,0.18181818297931127
