loss,acc,val_loss,val_acc
3.105479598045349,0.0933333287636439,2.671345382541805,0.14285714556644488
2.4602236973978306,0.11678831719786581,2.2833891100697703,0.19480519674041055
