loss,acc,val_loss,val_acc
4.349965493575386,0.12173912933339244,5.761098861694336,0.125
6.396668429996656,0.08695652173913043,6.009525299072266,0.03125
6.123642610466999,0.06956521638709566,6.0371294021606445,0.0625
4.604517539342244,0.08510638152559598,7.641834259033203,0.0
4.148838043212891,0.12056737393140793,5.375749111175537,0.15625
5.110459038380826,0.12359550737597969,4.071850776672363,0.0625
4.283653420987337,0.10434782705877138,4.509730339050293,0.0625
4.6254096031188965,0.06382978521287441,5.341704368591309,0.09375
