loss,acc,val_loss,val_acc
13.336178871050272,0.0684931506849315,14.787243300621663,0.08256880802298905
14.79332048599034,0.0821917808219178,15.082987864083107,0.06422018348623854
