loss,acc,val_loss,val_acc
2.57256411303993,0.1848739522094486,2.338663101196289,0.125
