loss,acc,val_loss,val_acc
7.9842473318596845,0.06722689106935213,7.722080707550049,0.09375
6.370981693267822,0.14728682239850363,4.6905059814453125,0.0
3.3803795105820402,0.09174312254704467,2.3014256954193115,0.09375
2.381730079650879,0.10077519466479619,2.2874672412872314,0.125
2.307538493340757,0.11764706433320246,2.2021865844726562,0.15625
2.2572276111410448,0.1596638685514947,2.3761496543884277,0.15625
2.2487762769063315,0.18604651590188345,2.444648027420044,0.1875
2.549623230926129,0.1008403400788788,2.238434314727783,0.25
