loss,acc,val_loss,val_acc
6.407389051263983,0.10909091125835071,6.054051399230957,0.0625
4.7809952100118,0.05128205195069313,3.540649175643921,0.125
