loss,acc,val_loss,val_acc
2.40101044518607,0.095238097012043,2.3584114669205305,0.19480519528899873
2.2968889855323953,0.13475177769965313,2.297981225050889,0.10389610437990783
