loss,acc,val_loss,val_acc
2.3893758058547974,0.09322033822536469,2.404891014099121,0.0
2.4195545414119093,0.07766990334663576,2.296877384185791,0.125
2.320365746044418,0.08737864229574945,2.2065279483795166,0.3076923191547394
2.352751093003356,0.05825242864926463,2.311497688293457,0.0625
