loss,acc,val_loss,val_acc
12.728529838666525,0.0958904109589041,14.491498264697714,0.10091743153443031
14.130933056138966,0.1232876712328767,14.047881310139227,0.12844036731424682
14.462126640424337,0.10273972602739725,14.343625952344421,0.11009174448634507
13.398166942596436,0.16875,14.19575384122516,0.11926605572941107
