loss,acc,val_loss,val_acc
2.3033699921199253,0.09523809786353793,2.256091594696045,0.1875
2.2753294706344604,0.19298245757818222,2.2844326496124268,0.1875
