loss,acc,val_loss,val_acc
2.388854881612266,0.08130081524936164,2.3080475330352783,0.125
2.3209142045276923,0.05691057043831523,2.3764681816101074,0.03125
