loss,acc,val_loss,val_acc
2.333639049530029,0.11875,2.4170217514038086,0.109375
2.3577132885272687,0.13076923076923078,2.3724573850631714,0.09375
