loss,acc,val_loss,val_acc
2.4003119468688965,0.12345679187112385,2.3020098799959237,0.11926605518257946
