loss,acc,val_loss,val_acc
3.1488994679799895,0.07317073325194963,2.848574638366699,0.125
2.929918348789215,0.13461538776755333,2.5328168869018555,0.15625
