loss,acc,val_loss,val_acc
2.40077229646536,0.07692307835588089,2.3074984550476074,0.1875
