loss,acc,val_loss,val_acc
2.232570621702406,0.2530864307449924,2.5140538828088603,0.03669724804819177
