loss,acc,val_loss,val_acc
13.490607953071594,0.08125,14.639370935772536,0.0917431196078248
