loss,acc,val_loss,val_acc
2.7784440691878154,0.08130081583995645,2.5655465126037598,0.125
2.4524843096733093,0.19230770133435726,2.309353828430176,0.09375
2.2859489859604256,0.12195122405523207,2.1810269355773926,0.1538461595773697
2.257764269665974,0.14634146604959558,2.6987144947052,0.0625
