loss,acc,val_loss,val_acc
11.926319070058327,0.1506849315068493,13.752136326711112,0.14678899150922758
