loss,acc,val_loss,val_acc
2.4311580773322814,0.09677419426941103,2.368756413459778,0.0625
2.2587581872940063,0.17105263844132423,2.3263098001480103,0.140625
2.0920482912371234,0.29032258016447865,2.274171829223633,0.171875
2.1356351548625576,0.24999999927897606,2.2232216596603394,0.15625
