loss,acc,val_loss,val_acc
2.352082293609093,0.12068965465858064,2.307602882385254,0.09375
2.3755796572257735,0.10344827650436039,2.3729934692382812,0.09375
2.4132820765177407,0.08695652335882187,2.4205875396728516,0.09375
2.375740199253477,0.09482758890452056,2.397986650466919,0.03125
