loss,acc,val_loss,val_acc
13.641944156934137,0.13013698630136986,13.160647173540308,0.18348624044602072
