loss,acc,val_loss,val_acc
2.4398223597828936,0.13008130514403668,2.456791400909424,0.21875
2.3397170901298523,0.13461538823321462,2.4476237297058105,0.21875
2.2997028827667236,0.26666667411724726,3.0907177925109863,0.03125
2.234774356935082,0.276422777553884,2.386727809906006,0.15625
