loss,acc,val_loss,val_acc
2.7302671940095964,0.11290322460474507,2.5759294033050537,0.109375
