loss,acc,val_loss,val_acc
2.4101211340531057,0.09565217391304348,2.3055009841918945,0.09375
2.4296702633733336,0.14782608630864516,2.387638568878174,0.21875
2.214487155278524,0.21985815465450287,2.414619207382202,0.07692307978868484
2.129734742123148,0.2956521726172903,2.2280759811401367,0.40625
