loss,acc,val_loss,val_acc
3.24371646522382,0.09174312063313406,3.1732659339904785,0.09375
