loss,acc,val_loss,val_acc
7.192063785368396,0.1370967752750843,2.582704782485962,0.078125
2.620582130647475,0.13709677876003326,2.8622101545333862,0.09375
