loss,acc,val_loss,val_acc
2.2954208615800025,0.14084507514473418,2.4252552243022176,0.06493506493506493
