loss,acc,val_loss,val_acc
2.5090642217862404,0.0677966123794095,2.382297992706299,0.09375
2.2832744687290516,0.16949153123265606,2.3933017253875732,0.15625
2.2552152474721274,0.1742424244681994,2.460524320602417,0.3076923191547394
2.2718382285813155,0.16101695357237833,2.2923355102539062,0.15625
2.1215512873762745,0.27966101417096995,2.144355535507202,0.28125
2.0442922512690225,0.3939393957455953,2.3324201107025146,0.0
1.8993066847324371,0.4423077054894887,2.2247018814086914,0.21875
1.8715065320332844,0.4848484893639882,2.067732810974121,0.21875
