loss,acc,val_loss,val_acc
6.607363087790353,0.09523809647985867,10.94212007522583,0.0625
11.538934707641602,0.03174603198255811,11.475864961412217,0.15555555721124012
