loss,acc,val_loss,val_acc
12.619334756511531,0.136986301369863,13.604264381828658,0.1559633034358331
13.578943435459921,0.15753424657534246,13.900009085278992,0.13761467924085233
14.24133081305517,0.11643835616438356,14.19575370123627,0.11926605538764132
14.130932951626713,0.1232876712328767,13.752136606688893,0.14678899150922758
13.57894327869154,0.15753424657534246,13.900009085278992,0.13761467924085233
13.247749642150042,0.1780821917808219,13.604264381828658,0.1559633034358331
13.689341505912886,0.1506849315068493,14.047881336387144,0.12844036765601657
13.91013701974529,0.136986301369863,13.90000911152691,0.13761467958262208
