loss,acc,val_loss,val_acc
10.174665212631226,0.08000000715255737,3.278804302215576,0.078125
