loss,acc,val_loss,val_acc
2.2975205898284914,0.13333334075286984,2.3118362426757812,0.15625
2.0639708439509072,0.3333333631356557,1.9402135610580444,0.34375
1.6609687993400974,0.4298245797031804,2.0383105278015137,0.15625
1.3290120760599773,0.5873015920321146,1.7737948894500732,0.46875
1.266230934858322,0.6083333522081376,1.7871067523956299,0.3125
1.0107111136118572,0.7222222288449606,1.9582889080047607,0.34375
1.0159379620301097,0.7192982717564231,1.9782297611236572,0.28125
1.100321114063263,0.6428571939468384,2.4807538986206055,0.1875
