loss,acc,val_loss,val_acc
13.378532853845048,0.08904109589041095,14.491498684664386,0.10091743119266056
14.572524606365047,0.0958904109589041,14.491498544675494,0.10091743153443031
14.506285858154296,0.1,14.491498317193548,0.10091743310657117
14.042280023748225,0.12878787878787878,14.787243554351527,0.0825688076812193
14.351728726739752,0.1095890410958904,14.639370682042673,0.09174311994959455
14.808499908447265,0.08125,14.491498317193548,0.10091743310657117
14.530707041422525,0.09848484848484848,14.491498710912301,0.10091743153443031
14.909238243103028,0.075,14.639370769535729,0.0917431196078248
