loss,acc,val_loss,val_acc
4.057083970249289,0.08910890646500162,3.639888286590576,0.09375
3.2720773220062256,0.16393442079424858,3.0551505088806152,0.09375
