loss,acc,val_loss,val_acc
2.314786911010742,0.10204081845526793,2.247130870819092,0.09375
