loss,acc,val_loss,val_acc
2.3585569793230867,0.08904109589041095,2.2386737001051595,0.1743119272890441
2.197439040223213,0.18493150684931506,2.206691175425818,0.16513761502066884
