loss,acc,val_loss,val_acc
2.586727887392044,0.0986842093989253,2.3113023644193595,0.14678899116745783
