loss,acc,val_loss,val_acc
13.00365351324212,0.1095890410958904,13.456391876990642,0.1651376153624386
13.91013701974529,0.136986301369863,13.752136466700003,0.14678899116745783
14.130932951626713,0.1232876712328767,13.900008945290102,0.13761467889908258
14.103333473205566,0.125,14.195753561247379,0.11926605572941107
13.5789435922283,0.15753424657534246,14.343626066085395,0.11009174380280556
14.286493648182262,0.11363636363636363,13.752136466700003,0.14678899116745783
13.700381183624268,0.15,13.752136440452086,0.14678899082568808
14.241330708542915,0.11643835616438356,13.752136300463196,0.14678899116745783
