loss,acc,val_loss,val_acc
2.3487493031060516,0.13432836443630616,2.279419779777527,0.03125
