loss,acc,val_loss,val_acc
2.336002826690674,0.1031746044754982,2.444744825363159,0.09375
