loss,acc,val_loss,val_acc
2.705921151996714,0.18584070303600975,3.151902675628662,0.125
