loss,acc,val_loss,val_acc
2.635375710191398,0.1172413814941357,2.2524239382612596,0.1743119285194152
