loss,acc,val_loss,val_acc
2.909683624903361,0.15079365670681,2.7761006355285645,0.25
2.3951072096824646,0.26666667610406875,2.1790127754211426,0.34375
2.158965456485748,0.25833335146307945,2.002840280532837,0.34375
2.0604362726211547,0.26666668653488157,1.9322271347045898,0.375
