loss,acc,val_loss,val_acc
2.741866215415623,0.07246376897977747,2.298452107937305,0.20779221050150984
