loss,acc,val_loss,val_acc
2.32533331991921,0.12676056631853883,2.3186809211582333,0.1038961038961039
