loss,acc,val_loss,val_acc
2.345847382264979,0.1029411788810702,2.3683691024780273,0.03125
