loss,acc,val_loss,val_acc
2.3372555280986584,0.09649123329865306,2.4001073837280273,0.09375
2.344925324122111,0.09027778171002865,2.344142198562622,0.0625
2.2031093324933733,0.1547619133655514,2.2645044326782227,0.0625
2.147000233332316,0.2708333432674408,2.237301826477051,0.21875
