loss,acc,val_loss,val_acc
4.046307881075637,0.12030074980698134,2.6131101846694946,0.09375
