loss,acc,val_loss,val_acc
2.4828076863489232,0.06722689269721008,2.3138084411621094,0.0625
2.4246699015299478,0.04651162773370743,2.3056490421295166,0.15625
2.4668508818169603,0.06722689319808944,2.38193416595459,0.07692307978868484
2.4571842405976367,0.058823531102232575,2.3030457496643066,0.125
2.4096219940345827,0.10924369954511899,2.3448548316955566,0.0625
2.4308714071909585,0.04651163021723429,2.2898471355438232,0.0
2.4469626891512832,0.06722689213372078,2.3034188747406006,0.0625
2.4491915963277093,0.0840336174524131,2.291684150695801,0.15625
