loss,acc,val_loss,val_acc
2.3641254515261263,0.12612612837472478,2.327280044555664,0.1875
2.3472448684073783,0.18018018796637253,2.3125803470611572,0.1875
