loss,acc,val_loss,val_acc
2.26135907473264,0.15384615400245974,2.2594034387431012,0.13761467924085233
