loss,acc,val_loss,val_acc
2.3119441131065632,0.14482758808238752,2.2829184269686356,0.11926605538764132
2.2400137999962118,0.1517241394725339,2.233622489719216,0.20183486375240012
2.2259181614579826,0.22068965995106204,2.1906231105874436,0.2293578000790482
2.1511093632928255,0.3103448354992373,2.2038436067213705,0.24770642338542764
