loss,acc,val_loss,val_acc
12.177028846740722,0.1375,14.343625926096506,0.11009174346103581
14.408600315903172,0.10606060606060606,14.04788108265728,0.12844036888638768
14.241330760799043,0.11643835616438356,14.04788108265728,0.12844036888638768
14.572524449596667,0.0958904109589041,14.34362631981526,0.11009174346103581
