loss,acc,val_loss,val_acc
2.9964376973711753,0.08264462686767263,2.93532395362854,0.0625
2.850717306137085,0.08130080997943878,2.7168211936950684,0.0625
2.4974004375047922,0.15702479067912772,2.2573130130767822,0.1875
2.206061589816385,0.198347101403662,2.6787753105163574,0.09375
