loss,acc,val_loss,val_acc
2.341391223542234,0.12056737971749712,2.2207907453759925,0.12987013083773774
2.014139345714024,0.3129251907978739,2.082686052693949,0.32467533086801503
1.840109650293986,0.4222222473886278,1.9906077756510152,0.3766233812678944
1.597457398759558,0.5886525156650138,1.9409181762051273,0.31168831439761374
1.5536998340061732,0.5986394797052655,1.801653587972963,0.37662337933267864
1.360417456097073,0.6740741027726067,1.7135742670529848,0.4675324737251579
1.4001231363841466,0.6054422089031765,1.585257835202403,0.467532471402899
1.3419867601800473,0.6737589176664961,1.4946655932959023,0.6103896158082145
