loss,acc,val_loss,val_acc
13.168030568998153,0.08904109589041095,14.19575384122516,0.11926605572941107
