loss,acc,val_loss,val_acc
2.401518394470215,0.06400000171363354,2.338334798812866,0.046875
2.3619329929351807,0.07200000041723251,2.2896047592163087,0.0
