loss,acc,val_loss,val_acc
2.362072285361912,0.08695652170673661,2.2919809818267822,0.0625
2.3650770622750987,0.06086956524978513,2.2433433532714844,0.0625
2.336310942967733,0.09219857926170032,2.3713433742523193,0.0625
2.353422958954521,0.060869563727275186,2.343364953994751,0.125
2.34010997855145,0.1130434781960819,2.354924201965332,0.125
2.3903971091560696,0.04347825993014418,2.3279950618743896,0.15625
2.349909702936808,0.06382978583375613,2.3353171348571777,0.125
2.352001737511676,0.07826086937085441,2.3922643661499023,0.09375
