loss,acc,val_loss,val_acc
12.409335253989859,0.13013698630136986,14.639370935772536,0.0917431196078248
14.572524501852794,0.0958904109589041,14.491498544675494,0.10091743153443031
