loss,acc,val_loss,val_acc
3.4065870004040852,0.12499999434554152,3.2267048358917236,0.0625
2.656217177708944,0.12666666259368262,2.6236536502838135,0.09375
2.6794650980404446,0.08035714106102075,2.334817886352539,0.15625
2.3086284824780057,0.09821428445034794,2.2840445041656494,0.1875
