loss,acc,val_loss,val_acc
13.076214790344238,0.0875,14.787243414362637,0.08256880733944955
14.652813766941879,0.09090909090909091,14.935115385493008,0.07339449575461379
14.707762050628663,0.0875,14.639370795783647,0.09174311994959455
15.124514018019585,0.06164383561643835,14.93511549923398,0.07339449575461379
14.897027217980588,0.07575757575757576,14.63937104951351,0.0917431196078248
14.707762050628663,0.0875,14.343626066085395,0.11009174380280556
15.345309740876498,0.04794520547945205,14.935115779211761,0.07339449575461379
14.130932794858332,0.1232876712328767,14.639370655794757,0.0917431196078248
