loss,acc,val_loss,val_acc
3.33889640217096,0.14788732719673237,2.1812970142859918,0.24675324946254878
1.7080833072393713,0.42957746227022625,2.4647605759756908,0.12987012987012986
1.6496759031859922,0.44366198778152466,1.51864920034037,0.42857143476411896
1.3370938922317934,0.6056338170884361,1.2835597744235745,0.5974026097879781
