loss,acc,val_loss,val_acc
2.3745995362599692,0.0740740771094958,2.32694673538208,0.09375
2.1360248724619546,0.2592592736085256,2.2271668910980225,0.21875
1.9804634253184001,0.45679011940956116,2.1981194019317627,0.1875
1.954177459081014,0.3641975422700246,2.09801983833313,0.28125
