loss,acc,val_loss,val_acc
3.7494995560444577,0.13380282151866968,2.0332066176773664,0.31168831710691575
1.6896517008123264,0.4154929669810013,3.7175888148221103,0.18181818278578968
1.456907719373703,0.6000000182539225,1.5759455275225949,0.4935064981510113
1.6265925611219099,0.5080645211761997,1.3626276440434641,0.6493506539951671
0.5994948223233223,0.8437499925494194,1.3025092242600083,0.545454549324977
1.8668324764697783,0.5080645282662684,1.5101295817982068,0.480519484389912
0.5421071574091911,0.8312500044703484,1.4209519702118714,0.5454545500990632
0.7074413333140629,0.7887323943661971,0.9928945844823663,0.6623376747230431
