loss,acc,val_loss,val_acc
5.108043134212494,0.044642856145011525,4.3510661125183105,0.03125
4.735548317432404,0.09821428578080875,3.2607741355895996,0.0625
3.3922173976898193,0.07999999945362408,3.291046142578125,0.07692307978868484
2.60216537969453,0.10714285687676497,2.5211195945739746,0.09375
