loss,acc,val_loss,val_acc
7.300811284208951,0.07534246575342465,2.2051034542398713,0.22018348692207163
2.004052698612213,0.3125,2.1349362145870106,0.3027522974058029
