loss,acc,val_loss,val_acc
2.959841219154564,0.06306306504317231,3.388732433319092,0.0625
