loss,acc,val_loss,val_acc
2.6698690662384035,0.1840000057220459,2.6156790256500244,0.125
2.4411832962036133,0.12000000643730163,2.3344603776931763,0.109375
