loss,acc,val_loss,val_acc
2.4318715027400426,0.11428571598870414,2.408369779586792,0.0625
