loss,acc,val_loss,val_acc
12.975161591621294,0.0958904109589041,14.047881310139227,0.12844036731424682
