loss,acc,val_loss,val_acc
2.3185490614747346,0.1232876712328767,2.3232236674072544,0.03669724770642202
2.2923558950424194,0.11875,2.366376047834344,0.14678899096239598
2.256678480090517,0.1590909090909091,2.301928957303365,0.06666666749450896
2.2351963618030286,0.2328767123287671,2.2802795576393056,0.1926605518257946
2.2164239164901107,0.19863013698630136,2.251669201282186,0.1834862392156496
2.1350083808376366,0.2602739726027397,2.2538884427812365,0.22222222429182795
2.086918604373932,0.2875,2.2162820636679275,0.12844036710918497
2.069047124418494,0.2945205479452055,2.2052932988613025,0.24770642270188814
