loss,acc,val_loss,val_acc
2.329800270973368,0.09929078278389383,2.357837389041851,0.07792207840588186
