loss,acc,val_loss,val_acc
12.79849217035999,0.1232876712328767,14.343626066085395,0.11009174380280556
