loss,acc,val_loss,val_acc
3.150976717927074,0.09923663826389167,2.5314126014709473,0.125
2.336292791366577,0.18064515590667723,2.3247720665401883,0.1111111119389534
2.394325209555225,0.17757009206531205,2.3358385139041475,0.17777777810891468
2.2496681213378906,0.11612902879714966,2.323646306991577,0.140625
