loss,acc,val_loss,val_acc
2.55467879253885,0.08695652303488358,2.2837274631896576,0.20779220895333725
2.259258633074553,0.17391304736552032,2.3819011589149377,0.22077922097274236
