loss,acc,val_loss,val_acc
14.403458317665205,0.08904109589041095,14.639370769535729,0.0917431196078248
14.903718242906544,0.07534246575342465,14.935115919200653,0.07339449541284404
14.70776195526123,0.0875,14.639370542053783,0.09174312117996566
14.530706868027195,0.09848484848484848,14.491498544675494,0.10091743153443031
14.903718086138163,0.07534246575342465,14.787243134384855,0.08256880733944955
14.707761859893798,0.0875,14.639370682042673,0.09174311994959455
14.572524501852794,0.0958904109589041,14.787243134384855,0.08256880733944955
14.774920492461234,0.08333333333333333,14.343626066085395,0.11009174380280556
