loss,acc,val_loss,val_acc
2.556046724319458,0.07751938203970592,2.3118395805358887,0.09375
2.198562407712324,0.25688074378792297,2.356149673461914,0.09375
