loss,acc,val_loss,val_acc
13.511393690762455,0.06164383561643835,14.195753727484187,0.11926605572941107
14.462126588168209,0.10273972602739725,14.93511549923398,0.07339449575461379
