loss,acc,val_loss,val_acc
3.5060815245418224,0.14406779686273155,7.492735862731934,0.0625
