loss,acc,val_loss,val_acc
2.557146734661526,0.1666666708058781,2.3779946314085514,0.13761467958262208
2.2014861901601157,0.17283951201372677,2.41418306980658,0.08256880802298905
