loss,acc,val_loss,val_acc
2.827131690149722,0.10434782398135765,2.4704947471618652,0.125
2.4126060009002686,0.13475176940361658,2.1806979179382324,0.1875
