loss,acc,val_loss,val_acc
3.017552300961348,0.0948905092086235,2.3330427145029042,0.09090909187669878
2.3166521778942024,0.14598539721791762,2.2420818681840773,0.18181818452748386
2.2387776270399997,0.21167882754854914,2.258063081022981,0.1428571433409468
2.217327078183492,0.17333332697550455,2.272607425590614,0.10389610437990783
