loss,acc,val_loss,val_acc
2.454880442730216,0.12403101283450459,2.473899722099304,0.140625
2.111043870449066,0.29545455425977707,2.124116539955139,0.25
1.4214515187019525,0.6046511849691701,2.2757402658462524,0.203125
1.3217007773263114,0.6746032188336054,2.2450568675994873,0.203125
