loss,acc,val_loss,val_acc
12.91828615371495,0.10273972602739725,14.195753307517515,0.11926605695978217
14.793320433734214,0.0821917808219178,15.230860508910013,0.05504587190140278
