loss,acc,val_loss,val_acc
6.848801655312107,0.1232876712328767,2.5733776617487636,0.17431192694727435
2.150761914253235,0.26875,1.7144444513758388,0.4954128467708553
2.2776976065202192,0.25757575757575757,4.978199390096402,0.0917431196078248
1.945452441907909,0.4041095890410959,1.4991652921799126,0.5412844069507143
1.2705420136451722,0.53125,1.6178355501332413,0.42201835245167446
1.6855331289045739,0.4621212121212121,1.8807441783607552,0.4128440388845741
1.771223104163392,0.589041095890411,1.842624011389706,0.46788991208470193
0.9360040545463562,0.725,0.9105076702362901,0.7064220270979296
