loss,acc,val_loss,val_acc
2.391555827239464,0.11206896705874081,2.3658528327941895,0.125
2.4072548109909584,0.08620689899243157,2.3689379692077637,0.09375
2.3678104082743325,0.07971014579137166,2.38539457321167,0.15625
2.37995458471364,0.12931034379991993,2.417438268661499,0.0625
