loss,acc,val_loss,val_acc
3.8266233822395064,0.07758620785998888,3.7578206062316895,0.0625
