loss,acc,val_loss,val_acc
12.840458125284274,0.13013698630136986,13.308519258411652,0.1743119279725836
14.002595329284668,0.13125,13.456391737001752,0.16513761502066884
