loss,acc,val_loss,val_acc
2.3364233278459117,0.12096773953207078,2.306091547012329,0.140625
2.3071386218070984,0.14473684132099152,2.2858549012078178,0.13333333366447025
2.2783364057540894,0.12500000341484943,2.229963821834988,0.17777777810891468
2.2250503801530406,0.1854838713282539,2.256368398666382,0.15625
2.214293897151947,0.17105263471603394,2.201797808541192,0.17777777860562008
2.202918467983123,0.2258064564197294,2.313754007551405,0.08888888971673117
2.1945452459396853,0.18548387313081371,2.2482205629348755,0.203125
2.1861475110054016,0.21710526570677757,2.2180085447099476,0.13333333416117563
