loss,acc,val_loss,val_acc
12.478573158995745,0.14383561643835616,13.752136606688893,0.14678899150922758
