loss,acc,val_loss,val_acc
2.3231426617194866,0.08965517364699264,2.327557859070804,0.13761467958262208
