loss,acc,val_loss,val_acc
4.141365447514493,0.06338028252964288,2.5528288259134664,0.09090909187669878
