loss,acc,val_loss,val_acc
3.560717939434195,0.105263155065757,3.0589205026626587,0.09375
