loss,acc,val_loss,val_acc
2.911473592122396,0.11904762188593547,2.745136260986328,0.15625
2.698667676825272,0.10526316142395924,3.135063409805298,0.1875
2.5961173375447593,0.15873016168673834,2.315002918243408,0.34375
2.0883008360862734,0.3000000074505806,2.055471658706665,0.28125
2.055618325869242,0.3253968556722005,1.9489867687225342,0.28125
1.4070141440943669,0.5175438491921676,2.464763641357422,0.1875
1.3574430048465729,0.5500000223517418,1.7870985269546509,0.46875
1.3687310218811035,0.5555555820465088,1.6445262432098389,0.46875
