loss,acc,val_loss,val_acc
12.764569792028976,0.136986301369863,14.787243274373745,0.0825688076812193
14.462126640424337,0.10273972602739725,14.04788094266839,0.12844036833955608
