loss,acc,val_loss,val_acc
2.5017208120097285,0.137681159960187,2.293195541802939,0.12987013006365145
2.310631627621858,0.09420290038637492,2.3025052888052806,0.10389610437990783
2.303302526473999,0.12318840671492659,2.302427579830219,0.10389610486371177
2.3023979663848877,0.0902777798473835,2.3021294389452254,0.1038961038961039
