loss,acc,val_loss,val_acc
12.769412315055115,0.11643835616438356,13.900009085278992,0.13761467924085233
14.015621342071116,0.13013698630136986,14.49149859717133,0.10091743310657117
14.462126535912082,0.10273972602739725,14.491498544675494,0.10091743153443031
14.903718190650418,0.07534246575342465,14.491498264697714,0.10091743153443031
