loss,acc,val_loss,val_acc
13.002241851543559,0.11034482930754794,14.639370769535729,0.0917431196078248
14.784184225674334,0.0827586218714714,14.63937104951351,0.0917431196078248
14.643237325880262,0.09150326831473245,14.787243300621663,0.08256880802298905
14.94159239051986,0.0729927010562298,15.082988170308804,0.06422018382800829
