loss,acc,val_loss,val_acc
12.807261375531759,0.08904109589041095,14.491498264697714,0.10091743153443031
