loss,acc,val_loss,val_acc
2.369788362555308,0.10273972602739725,2.273415462686381,0.07339449541284404
2.253439681170738,0.14383561643835616,2.340921692891952,0.13761467903579047
2.1379446506500246,0.21875,2.19549872080485,0.16666666915019354
2.023073542607974,0.3082191780821918,2.2073549108767727,0.12844036833955608
1.9852946165836218,0.30303030303030304,2.1373078210638203,0.1926605518257946
1.8311755418777467,0.4125,2.082106285625034,0.2777777795990308
1.7440054254098372,0.42424242424242425,2.0897366322508644,0.1926605511422551
1.6693630087865543,0.4863013698630137,1.9834403116768653,0.26605504655509915
