loss,acc,val_loss,val_acc
7.860287558542539,0.1095890410958904,3.402450242173781,0.0917431196078248
2.2928621801611495,0.21232876712328766,2.1150243960389306,0.23853211145882214
