loss,acc,val_loss,val_acc
2.384589778052436,0.06790123590164715,2.297116734565945,0.15596330309406334
