loss,acc,val_loss,val_acc
2.3338914164181412,0.13103448458272834,2.3126762350764842,0.11926605504587157
