loss,acc,val_loss,val_acc
4.335797071456909,0.0357142873108387,3.532123565673828,0.140625
3.3112055882811546,0.05468750209547579,2.562420378790961,0.08888889054457347
