loss,acc,val_loss,val_acc
13.823878124219561,0.09174312063313406,15.110713958740234,0.0625
