loss,acc,val_loss,val_acc
2.6167725385540592,0.10218977949915141,2.369071084183532,0.10389610437990783
