loss,acc,val_loss,val_acc
2.9160462750328913,0.06790123507380486,2.452515696166852,0.0917431196078248
2.444728003607856,0.08024691459205416,2.2481562194474245,0.13761467958262208
