loss,acc,val_loss,val_acc
2.506441989898682,0.08800000455975533,2.4086127281188965,0.109375
