loss,acc,val_loss,val_acc
5.861501216888428,0.1,4.067084312438965,0.078125
