loss,acc,val_loss,val_acc
2.3090519688346167,0.07575757936997847,2.318463444709778,0.109375
