loss,acc,val_loss,val_acc
2.7379866906574795,0.0928571451987539,2.666026121610171,0.11688311736692082
2.6778827599116735,0.11428571726594652,2.6452179419529904,0.11688311688311688
