loss,acc,val_loss,val_acc
2.2914198574266935,0.09649123133797395,2.2948217391967773,0.09375
