loss,acc,val_loss,val_acc
2.3240514201839475,0.1459854010791674,2.3506605408408423,0.07792207888968579
