loss,acc,val_loss,val_acc
2.3476944331465095,0.07586206927381713,2.271142729925453,0.12844036697247707
