loss,acc,val_loss,val_acc
2.4421050313492896,0.09154929797834074,2.4596591738911417,0.051948052431855886
