loss,acc,val_loss,val_acc
2.6801353951434157,0.1818181823913034,2.386465168874198,0.17431192694727435
2.248072229898893,0.20979020947759802,2.400705151601669,0.22018348658030187
2.2204020173399597,0.25874126134635683,2.126354259914822,0.2555555573768086
1.979067253899741,0.3076923107142215,2.137852421594322,0.19266055080048536
