loss,acc,val_loss,val_acc
2.4574187910834024,0.07751938232848811,2.3100032806396484,0.140625
