loss,acc,val_loss,val_acc
3.3912639542827456,0.09448819007636525,2.3861993551254272,0.078125
2.400441098400927,0.14173228674986232,2.3139292928907604,0.08888889054457347
