loss,acc,val_loss,val_acc
2.319146513938904,0.16447368450462818,2.236315834412881,0.20183486621314234
