loss,acc,val_loss,val_acc
6.134577389050247,0.09022556519822071,4.53550386428833,0.078125
