loss,acc,val_loss,val_acc
2.2978924713134767,0.09599999791383743,2.298327684402466,0.140625
2.3554906249046326,0.07432432379573584,2.297163067923652,0.15555555638339785
2.3124806390089145,0.09803921426189881,2.312154663933648,0.08888888971673117
2.3192665576934814,0.10135134868323803,2.297328233718872,0.125
