loss,acc,val_loss,val_acc
2.207344390664782,0.2642857217362949,2.083501184141481,0.42857143399003267
1.531982694353376,0.551948070526123,1.8949336448273102,0.2987012987012987
1.127276825526404,0.6746031897408622,1.49289811121953,0.6233766373101767
0.9142599437917982,0.7928571607385363,1.503776548744796,0.480519484389912
0.6803362667560577,0.8506493653569903,1.2758054919057078,0.506493510363938
0.7283526999609811,0.8174603363824269,1.604501618967428,0.4805194859380846
0.5802438088825771,0.8896104097366333,1.0088174048956338,0.6493506617360301
0.3288836457899639,0.9642857415335518,1.336918778233714,0.5844155890601022
