loss,acc,val_loss,val_acc
2.3702776056575026,0.1023622065723881,2.2880115509033203,0.203125
2.2899686098098755,0.10000000288709998,2.27931547164917,0.09375
2.3338315299176795,0.1732283490819959,2.291448950767517,0.234375
2.24245005517494,0.1496063030552207,2.2571674585342407,0.21875
