loss,acc,val_loss,val_acc
2.3069934844970703,0.16666666915019354,2.2176320552825928,0.21875
2.369494318962097,0.171875003259629,2.46233868598938,0.09375
