loss,acc,val_loss,val_acc
2.325805615072381,0.1506849315068493,2.267744070893034,0.1467889921927671
