loss,acc,val_loss,val_acc
2.3266141295433043,0.09166666930541396,2.302790880203247,0.09375
2.2919577956199646,0.12500000260770322,2.3201146125793457,0.09375
