loss,acc,val_loss,val_acc
2.45298437277476,0.09259259204069774,2.3308204412460327,0.140625
2.198856552441915,0.1975308619439602,2.3683600531684026,0.1111111111111111
2.1693018277486167,0.2098765422900518,2.2649754418267145,0.17777777810891468
2.037906805674235,0.40123456716537476,2.244645595550537,0.109375
