loss,acc,val_loss,val_acc
2.3832550644874573,0.10625000158324838,2.429722309112549,0.0625
