loss,acc,val_loss,val_acc
6.024724572896957,0.1171875029685907,5.980355739593506,0.109375
4.2267982587218285,0.08593750186264515,2.6540653599633113,0.022222222222222223
2.518118679523468,0.16911765094846487,2.246659082836575,0.13333333416117563
2.4138217767079673,0.11666666927436987,2.4314639568328857,0.109375
2.2530993223190308,0.16911764815449715,2.3322040345933703,0.15555555721124012
2.2086442448198795,0.2343750053551048,2.2425443861219616,0.2
2.307483348995447,0.2578125074505806,2.512381434440613,0.15625
2.1711500585079193,0.22794118337333202,2.731657944785224,0.1111111119389534
