loss,acc,val_loss,val_acc
2.324571703220236,0.11034482843403158,2.3189084704862823,0.11009174325597396
2.302636481975687,0.06206896621091612,2.3170795484420355,0.11009174346103581
2.252046119755712,0.1586206919931132,2.303855387369792,0.10000000082784229
2.2707973056369357,0.16339869673053423,2.3030484444504484,0.08256880733944955
