loss,acc,val_loss,val_acc
3.3157094419002533,0.10526315588504076,2.4552856169709374,0.16513761502066884
2.373468254929158,0.12686566847251424,2.316082530065414,0.10091743153443031
