loss,acc,val_loss,val_acc
2.313325928970122,0.14788732772142116,2.3101862220021037,0.12987013083773774
