loss,acc,val_loss,val_acc
14.335481983341582,0.08904109589041095,14.935115385493008,0.07339449575461379
14.79332048599034,0.0821917808219178,14.343626066085395,0.11009174380280556
14.351728726739752,0.1095890410958904,14.787242994395966,0.0825688076812193
13.910136915233037,0.136986301369863,14.491498317193548,0.10091743310657117
