loss,acc,val_loss,val_acc
2.3474689404898825,0.11009174489646877,2.3761892318725586,0.09375
2.3644360992886604,0.04587156031656703,2.4357118606567383,0.0
2.3347829744356488,0.055045872379880435,2.3604981899261475,0.07692307978868484
2.3379735151926675,0.09433962404727936,2.3711252212524414,0.0625
