loss,acc,val_loss,val_acc
2.4876064573015486,0.10389610699244908,2.3389254421382755,0.14285714382475073
2.192908684412638,0.28571429044481306,2.200800743970004,0.20779220827601172
