loss,acc,val_loss,val_acc
12.243304265688543,0.13013698630136986,14.491498404686604,0.10091743119266056
13.910137124257545,0.136986301369863,13.456391483271888,0.1651376160459781
13.689341244632251,0.1506849315068493,13.900008551571347,0.13761467958262208
14.24133081305517,0.11643835616438356,14.047881310139227,0.12844036731424682
