loss,acc,val_loss,val_acc
2.434406263883724,0.15503876638966937,2.3880385160446167,0.109375
1.9565600752830505,0.20454546064138412,2.0024892687797546,0.296875
