loss,acc,val_loss,val_acc
5.859354019165039,0.078125,5.805861949920654,0.09375
5.082209304887421,0.15306122601032257,3.771116256713867,0.0625
