loss,acc,val_loss,val_acc
14.384698338704567,0.0958904109589041,14.639370682042673,0.09174312063313406
