loss,acc,val_loss,val_acc
9.513353223101698,0.10071942435322906,2.7115844132064226,0.09090909090909091
