loss,acc,val_loss,val_acc
2.387563834496594,0.055045872379880435,2.3550310134887695,0.03125
