loss,acc,val_loss,val_acc
12.475422930717468,0.15,13.308519398400543,0.1743119285194152
13.920173298228871,0.13636363636363635,14.195753587495297,0.11926605695978217
14.020535142454383,0.13013698630136986,14.047881310139227,0.12844036731424682
13.68934140140063,0.1506849315068493,13.604263988109903,0.1559633041193726
