loss,acc,val_loss,val_acc
2.918961203616598,0.12318840930643289,3.06683281489781,0.11688311736692082
