loss,acc,val_loss,val_acc
2.348704627582005,0.10714286012308938,2.404982158115932,0.15584415777937158
2.3652252776282174,0.10714286012308938,2.401205453005704,0.15584415632795978
2.3276350940976824,0.13571428933313914,2.399183784212385,0.1688311690246904
2.3214804785592213,0.11038961367947715,2.395598111214576,0.1688311690246904
