loss,acc,val_loss,val_acc
13.167569826727044,0.0821917808219178,14.639370769535729,0.0917431196078248
14.351728883508134,0.1095890410958904,14.19575370123627,0.11926605538764132
