loss,acc,val_loss,val_acc
2.375284290313721,0.075,2.3046955974823837,0.13761468026616158
2.317697123305438,0.10273972602739725,2.2898396942593635,0.09174311926605505
