loss,acc,val_loss,val_acc
2.344226598739624,0.11111111406769071,2.334352970123291,0.0625
2.269856631755829,0.1736111156642437,2.3670250177383423,0.09375
2.2383064883095876,0.16666667056935175,2.3782399892807007,0.09375
2.1882529258728027,0.20634921320847102,2.3382294178009033,0.109375
