loss,acc,val_loss,val_acc
3.8230632543563843,0.10294117871671915,2.9838147163391113,0.1875
2.7314041296641034,0.19166667014360428,2.5107633537716336,0.044444445272286734
2.3255704045295715,0.25735294818878174,2.2901736736297607,0.13333333498901792
2.1630642786622047,0.2578125084983185,2.2717161178588867,0.125
