loss,acc,val_loss,val_acc
3.2327351952327117,0.10687022639139918,2.5191069841384888,0.125
2.45527757033137,0.13740457605769615,2.3744157552719116,0.25
