loss,acc,val_loss,val_acc
12.74983703926818,0.11643835616438356,13.75213663293681,0.1467889927395987
13.578943383203795,0.15753424657534246,13.7521367729257,0.14678899150922758
