loss,acc,val_loss,val_acc
2.424038790322684,0.09090908861660457,2.433821043836961,0.03669724804819177
2.2845955028400553,0.1608391621417099,2.361635505606275,0.06422018382800829
