loss,acc,val_loss,val_acc
2.4010312080383303,0.09032257795333862,2.3780064582824707,0.109375
