loss,acc,val_loss,val_acc
2.383431871732076,0.13461538776755333,2.3721381425857544,0.09375
2.3556376983379494,0.15517241527037373,2.3725925975375706,0.08888888971673117
2.401008208592733,0.09615384911497434,2.377719121509128,0.11111111144224803
2.3777424097061157,0.09482758973949942,2.374078869819641,0.09375
