loss,acc,val_loss,val_acc
2.3064873218536377,0.1515151560306549,2.3559504747390747,0.109375
2.2818038352700167,0.1240310117948887,2.292457914352417,0.20000000331136916
2.279412825902303,0.14285714711461747,2.304232777489556,0.13333333498901792
2.252366602420807,0.1666666716337204,2.305943727493286,0.125
