loss,acc,val_loss,val_acc
12.664500249575262,0.1232876712328767,14.49149815095674,0.10091743153443031
14.572524501852794,0.0958904109589041,14.787243020643881,0.08256880802298905
14.607023811340332,0.09375,14.49149829094563,0.10091743187620006
14.530707272616299,0.09848484848484848,14.34362617982637,0.11009174311926606
