loss,acc,val_loss,val_acc
2.5323095321655273,0.17687074343363443,2.2075159549713135,0.1875
1.6737674654057595,0.4690265304746881,2.0683631896972656,0.28125
