loss,acc,val_loss,val_acc
2.6364017937864577,0.10714285355061293,2.525847911834717,0.03125
