loss,acc,val_loss,val_acc
13.503489977692904,0.0958904109589041,14.639370542053783,0.09174312117996566
