loss,acc,val_loss,val_acc
2.3260149230957032,0.15200000494718552,2.3020873069763184,0.09375
2.220147804260254,0.26400000870227813,2.345735192298889,0.109375
2.210961940765381,0.24000001275539398,2.2481062412261963,0.15625
2.0998172760009766,0.28378380089998245,2.2294211387634277,0.265625
