loss,acc,val_loss,val_acc
2.4109040874324434,0.0821917808219178,2.3421354665668734,0.14678899096239598
2.2338030240307116,0.11643835616438356,2.2624005965136607,0.12844036697247707
