loss,acc,val_loss,val_acc
2.60287351772703,0.0965517249343724,2.2923501172196974,0.1743119266055046
2.2877062731775744,0.1586206919931132,2.3372780117419882,0.12844036710918497
