loss,acc,val_loss,val_acc
2.806454581183356,0.09009009841326121,2.543578863143921,0.125
