loss,acc,val_loss,val_acc
2.3683522497857368,0.1118881098040334,2.2768917521205516,0.11926605572941107
2.28729205031495,0.14685314508168013,2.263942495398565,0.18348623887387985
