loss,acc,val_loss,val_acc
3.110605373102076,0.06617647376568879,2.374757766723633,0.078125
2.1528474232729744,0.2500000170925084,2.1931116580963135,0.203125
2.059047418482163,0.2867647128946641,2.138882279396057,0.1875
1.9171665112177532,0.3589743748307228,1.9633463025093079,0.3125
