loss,acc,val_loss,val_acc
2.300543480141218,0.10852713519057562,2.291155695915222,0.09375
2.342182985571928,0.10077519818793895,2.2920628786087036,0.125
