loss,acc,val_loss,val_acc
2.3539627315406513,0.11278195614765461,2.386398196220398,0.078125
