loss,acc,val_loss,val_acc
3.7183052698771157,0.14814815173546472,3.2804746627807617,0.09375
2.9121238390604653,0.0740740771094958,2.79715895652771,0.09375
2.7019312381744385,0.08024691541989644,2.5630154609680176,0.15625
2.5206085840861,0.1111111119389534,2.464177131652832,0.09375
2.450157801310221,0.15432099004586539,2.474639654159546,0.03125
2.3642896016438804,0.14197530845801035,2.329134941101074,0.09375
2.338498115539551,0.0925925945242246,2.3797686100006104,0.03125
2.3315234978993735,0.12962963183720908,2.383444309234619,0.0625
