loss,acc,val_loss,val_acc
2.961570084095001,0.14189188927412033,2.424243688583374,0.140625
