loss,acc,val_loss,val_acc
2.3584521310082796,0.15862069160773837,2.300592230000627,0.09174311994959455
2.081452089342578,0.2758620735900155,2.344116749019798,0.11009174380280556
