loss,acc,val_loss,val_acc
14.825900054957769,0.0684931506849315,14.49149829094563,0.10091743187620006
14.462126537545087,0.10273972602739725,14.787243134384855,0.08256880733944955
14.462126640424337,0.10273972602739725,14.93511535924509,0.07339449541284404
14.682922258768997,0.08904109589041095,14.639371189502402,0.09174311926605505
