loss,acc,val_loss,val_acc
12.589759513123395,0.1232876712328767,14.49149829094563,0.10091743187620006
14.572524292828286,0.0958904109589041,14.787243020643881,0.08256880802298905
14.40554780960083,0.10625,14.78724332686958,0.08256880925336016
14.130932951626713,0.1232876712328767,14.343625672366642,0.11009174380280556
