loss,acc,val_loss,val_acc
2.391249091657874,0.0684931506849315,2.374170861112962,0.08256880733944955
2.265016601510244,0.15753424657534246,2.30606803981536,0.11926605538764132
2.2698336268124515,0.19863013698630136,2.3270262315732624,0.11926605695978217
2.2313151816799217,0.21232876712328766,2.3278792013815783,0.10091743310657117
