loss,acc,val_loss,val_acc
12.335480049864886,0.136986301369863,14.195753674988353,0.11926605504587157
14.130932847114458,0.1232876712328767,13.900008831549128,0.13761467958262208
13.801119327545166,0.14375,13.75213663293681,0.1467889927395987
13.309639439438328,0.17424242424242425,13.752136466700003,0.14678899116745783
