loss,acc,val_loss,val_acc
2.4580514430999756,0.17307692766189575,2.089508056640625,0.125
2.34733133781247,0.1788617933123577,2.260084629058838,0.09375
2.1789671818415326,0.17777778853972753,2.1837995052337646,0.1875
2.1417306574379524,0.1951219592152572,2.483734607696533,0.09375
2.054641366004944,0.28846155293285847,2.0280137062072754,0.34375
1.8814424857860659,0.39837399924673683,2.1915955543518066,0.15625
1.8052859800617869,0.41463416087918165,2.7339625358581543,0.09375
1.9287753105163574,0.3269230956211686,1.8154202699661255,0.40625
