loss,acc,val_loss,val_acc
2.3256212614632985,0.09790209665165081,2.258342626991622,0.20183486306886061
2.2843543589115143,0.11184210702776909,2.2658111830370142,0.18348623887387985
2.212039645038434,0.21641790900212615,2.2329317649205525,0.2222222247057491
2.1963463127613068,0.16447368450462818,2.199854798273209,0.26605504587155965
