loss,acc,val_loss,val_acc
2.279878200486649,0.1627907018328822,2.3075456619262695,0.09375
