loss,acc,val_loss,val_acc
2.358416755994161,0.12500000124176344,2.420694667023498,0.15584415681176372
