loss,acc,val_loss,val_acc
4.8593833446502686,0.14379085103670755,2.972787857055664,0.03125
