loss,acc,val_loss,val_acc
2.442530632019043,0.10569105960610437,2.332875967025757,0.09375
2.306868175180947,0.21138212157458794,2.232635736465454,0.25
2.2991062141046292,0.2601626057450364,2.0746703147888184,0.38461539149284363
2.0804453790187836,0.26923077553510666,2.2314810752868652,0.1875
