loss,acc,val_loss,val_acc
7.186244990727673,0.0821917808219178,2.6135543464520654,0.25688073462849365
2.137758542413581,0.3013698630136986,1.8895497365829048,0.32110091934510326
